file_id,file_name,file_path,digit,speaker,index,num_samples,split
0_george_0,0_george_0.wav,C:\Users\ASUS\Downloads\DangQuocThanhTai_final\data\raw\fsdd\recordings\0_george_0.wav,0,george,0,2384,test
0_george_1,0_george_1.wav,C:\Users\ASUS\Downloads\DangQuocThanhTai_final\data\raw\fsdd\recordings\0_george_1.wav,0,george,1,4727,test
0_george_2,0_george_2.wav,C:\Users\ASUS\Downloads\DangQuocThanhTai_final\data\raw\fsdd\recordings\0_george_2.wav,0,george,2,5332,test
0_george_3,0_george_3.wav,C:\Users\ASUS\Downloads\DangQuocThanhTai_final\data\raw\fsdd\recordings\0_george_3.wav,0,george,3,5007,test
0_george_4,0_george_4.wav,C:\Users\ASUS\Downloads\DangQuocThanhTai_final\data\raw\fsdd\recordings\0_george_4.wav,0,george,4,4323,test
0_george_5,0_george_5.wav,C:\Users\ASUS\Downloads\DangQuocThanhTai_final\data\raw\fsdd\recordings\0_george_5.wav,0,george,5,5145,val
0_george_6,0_george_6.wav,C:\Users\ASUS\Downloads\DangQuocThanhTai_final\data\raw\fsdd\recordings\0_george_6.wav,0,george,6,5148,val
0_george_7,0_george_7.wav,C:\Users\ASUS\Downloads\DangQuocThanhTai_final\data\raw\fsdd\recordings\0_george_7.wav,0,george,7,5381,val
0_george_8,0_george_8.wav,C:\Users\ASUS\Downloads\DangQuocThanhTai_final\data\raw\fsdd\recordings\0_george_8.wav,0,george,8,4209,val
0_george_9,0_george_9.wav,C:\Users\ASUS\Downloads\DangQuocThanhTai_final\data\raw\fsdd\recordings\0_george_9.wav,0,george,9,4602,val
0_george_10,0_george_10.wav,C:\Users\ASUS\Downloads\DangQuocThanhTai_final\data\raw\fsdd\recordings\0_george_10.wav,0,george,10,5958,train
0_george_11,0_george_11.wav,C:\Users\ASUS\Downloads\DangQuocThanhTai_final\data\raw\fsdd\recordings\0_george_11.wav,0,george,11,3661,train
0_george_12,0_george_12.wav,C:\Users\ASUS\Downloads\DangQuocThanhTai_final\data\raw\fsdd\recordings\0_george_12.wav,0,george,12,4050,train
0_george_13,0_george_13.wav,C:\Users\ASUS\Downloads\DangQuocThanhTai_final\data\raw\fsdd\recordings\0_george_13.wav,0,george,13,4349,train
0_george_14,0_george_14.wav,C:\Users\ASUS\Downloads\DangQuocThanhTai_final\data\raw\fsdd\recordings\0_george_14.wav,0,george,14,4304,train
0_george_15,0_george_15.wav,C:\Users\ASUS\Downloads\DangQuocThanhTai_final\data\raw\fsdd\recordings\0_george_15.wav,0,george,15,4186,train
0_george_16,0_george_16.wav,C:\Users\ASUS\Downloads\DangQuocThanhTai_final\data\raw\fsdd\recordings\0_george_16.wav,0,george,16,5054,train
0_george_17,0_george_17.wav,C:\Users\ASUS\Downloads\DangQuocThanhTai_final\data\raw\fsdd\recordings\0_george_17.wav,0,george,17,4674,train
0_george_18,0_george_18.wav,C:\Users\ASUS\Downloads\DangQuocThanhTai_final\data\raw\fsdd\recordings\0_george_18.wav,0,george,18,5581,train
0_george_19,0_george_19.wav,C:\Users\ASUS\Downloads\DangQuocThanhTai_final\data\raw\fsdd\recordings\0_george_19.wav,0,george,19,4465,train
0_george_20,0_george_20.wav,C:\Users\ASUS\Downloads\DangQuocThanhTai_final\data\raw\fsdd\recordings\0_george_20.wav,0,george,20,4347,train
0_george_21,0_george_21.wav,C:\Users\ASUS\Downloads\DangQuocThanhTai_final\data\raw\fsdd\recordings\0_george_21.wav,0,george,21,4260,train
0_george_22,0_george_22.wav,C:\Users\ASUS\Downloads\DangQuocThanhTai_final\data\raw\fsdd\recordings\0_george_22.wav,0,george,22,3963,train
0_george_23,0_george_23.wav,C:\Users\ASUS\Downloads\DangQuocThanhTai_final\data\raw\fsdd\recordings\0_george_23.wav,0,george,23,3984,train
0_george_24,0_george_24.wav,C:\Users\ASUS\Downloads\DangQuocThanhTai_final\data\raw\fsdd\recordings\0_george_24.wav,0,george,24,3907,train
0_george_25,0_george_25.wav,C:\Users\ASUS\Downloads\DangQuocThanhTai_final\data\raw\fsdd\recordings\0_george_25.wav,0,george,25,3687,train
0_george_26,0_george_26.wav,C:\Users\ASUS\Downloads\DangQuocThanhTai_final\data\raw\fsdd\recordings\0_george_26.wav,0,george,26,4941,train
0_george_27,0_george_27.wav,C:\Users\ASUS\Downloads\DangQuocThanhTai_final\data\raw\fsdd\recordings\0_george_27.wav,0,george,27,4449,train
0_george_28,0_george_28.wav,C:\Users\ASUS\Downloads\DangQuocThanhTai_final\data\raw\fsdd\recordings\0_george_28.wav,0,george,28,4474,train
0_george_29,0_george_29.wav,C:\Users\ASUS\Downloads\DangQuocThanhTai_final\data\raw\fsdd\recordings\0_george_29.wav,0,george,29,4208,train
0_george_30,0_george_30.wav,C:\Users\ASUS\Downloads\DangQuocThanhTai_final\data\raw\fsdd\recordings\0_george_30.wav,0,george,30,3286,train
0_george_31,0_george_31.wav,C:\Users\ASUS\Downloads\DangQuocThanhTai_final\data\raw\fsdd\recordings\0_george_31.wav,0,george,31,2174,train
0_george_32,0_george_32.wav,C:\Users\ASUS\Downloads\DangQuocThanhTai_final\data\raw\fsdd\recordings\0_george_32.wav,0,george,32,4483,train
0_george_33,0_george_33.wav,C:\Users\ASUS\Downloads\DangQuocThanhTai_final\data\raw\fsdd\recordings\0_george_33.wav,0,george,33,3659,train
0_george_34,0_george_34.wav,C:\Users\ASUS\Downloads\DangQuocThanhTai_final\data\raw\fsdd\recordings\0_george_34.wav,0,george,34,3621,train
0_george_35,0_george_35.wav,C:\Users\ASUS\Downloads\DangQuocThanhTai_final\data\raw\fsdd\recordings\0_george_35.wav,0,george,35,3418,train
0_george_36,0_george_36.wav,C:\Users\ASUS\Downloads\DangQuocThanhTai_final\data\raw\fsdd\recordings\0_george_36.wav,0,george,36,3270,train
0_george_37,0_george_37.wav,C:\Users\ASUS\Downloads\DangQuocThanhTai_final\data\raw\fsdd\recordings\0_george_37.wav,0,george,37,2579,train
0_george_38,0_george_38.wav,C:\Users\ASUS\Downloads\DangQuocThanhTai_final\data\raw\fsdd\recordings\0_george_38.wav,0,george,38,2684,train
0_george_39,0_george_39.wav,C:\Users\ASUS\Downloads\DangQuocThanhTai_final\data\raw\fsdd\recordings\0_george_39.wav,0,george,39,2965,train
0_george_40,0_george_40.wav,C:\Users\ASUS\Downloads\DangQuocThanhTai_final\data\raw\fsdd\recordings\0_george_40.wav,0,george,40,4124,train
0_george_41,0_george_41.wav,C:\Users\ASUS\Downloads\DangQuocThanhTai_final\data\raw\fsdd\recordings\0_george_41.wav,0,george,41,3026,train
0_george_42,0_george_42.wav,C:\Users\ASUS\Downloads\DangQuocThanhTai_final\data\raw\fsdd\recordings\0_george_42.wav,0,george,42,3409,train
0_george_43,0_george_43.wav,C:\Users\ASUS\Downloads\DangQuocThanhTai_final\data\raw\fsdd\recordings\0_george_43.wav,0,george,43,3300,train
0_george_44,0_george_44.wav,C:\Users\ASUS\Downloads\DangQuocThanhTai_final\data\raw\fsdd\recordings\0_george_44.wav,0,george,44,3649,train
0_george_45,0_george_45.wav,C:\Users\ASUS\Downloads\DangQuocThanhTai_final\data\raw\fsdd\recordings\0_george_45.wav,0,george,45,3997,train
0_george_46,0_george_46.wav,C:\Users\ASUS\Downloads\DangQuocThanhTai_final\data\raw\fsdd\recordings\0_george_46.wav,0,george,46,3733,train
0_george_47,0_george_47.wav,C:\Users\ASUS\Downloads\DangQuocThanhTai_final\data\raw\fsdd\recordings\0_george_47.wav,0,george,47,3885,train
0_george_48,0_george_48.wav,C:\Users\ASUS\Downloads\DangQuocThanhTai_final\data\raw\fsdd\recordings\0_george_48.wav,0,george,48,4016,train
0_george_49,0_george_49.wav,C:\Users\ASUS\Downloads\DangQuocThanhTai_final\data\raw\fsdd\recordings\0_george_49.wav,0,george,49,4082,train
0_jackson_0,0_jackson_0.wav,C:\Users\ASUS\Downloads\DangQuocThanhTai_final\data\raw\fsdd\recordings\0_jackson_0.wav,0,jackson,0,5148,test
0_jackson_1,0_jackson_1.wav,C:\Users\ASUS\Downloads\DangQuocThanhTai_final\data\raw\fsdd\recordings\0_jackson_1.wav,0,jackson,1,4261,test
0_jackson_2,0_jackson_2.wav,C:\Users\ASUS\Downloads\DangQuocThanhTai_final\data\raw\fsdd\recordings\0_jackson_2.wav,0,jackson,2,4257,test
0_jackson_3,0_jackson_3.wav,C:\Users\ASUS\Downloads\DangQuocThanhTai_final\data\raw\fsdd\recordings\0_jackson_3.wav,0,jackson,3,4788,test
0_jackson_4,0_jackson_4.wav,C:\Users\ASUS\Downloads\DangQuocThanhTai_final\data\raw\fsdd\recordings\0_jackson_4.wav,0,jackson,4,4329,test
0_jackson_5,0_jackson_5.wav,C:\Users\ASUS\Downloads\DangQuocThanhTai_final\data\raw\fsdd\recordings\0_jackson_5.wav,0,jackson,5,4591,val
0_jackson_6,0_jackson_6.wav,C:\Users\ASUS\Downloads\DangQuocThanhTai_final\data\raw\fsdd\recordings\0_jackson_6.wav,0,jackson,6,5052,val
0_jackson_7,0_jackson_7.wav,C:\Users\ASUS\Downloads\DangQuocThanhTai_final\data\raw\fsdd\recordings\0_jackson_7.wav,0,jackson,7,4431,val
0_jackson_8,0_jackson_8.wav,C:\Users\ASUS\Downloads\DangQuocThanhTai_final\data\raw\fsdd\recordings\0_jackson_8.wav,0,jackson,8,4629,val
0_jackson_9,0_jackson_9.wav,C:\Users\ASUS\Downloads\DangQuocThanhTai_final\data\raw\fsdd\recordings\0_jackson_9.wav,0,jackson,9,5065,val
0_jackson_10,0_jackson_10.wav,C:\Users\ASUS\Downloads\DangQuocThanhTai_final\data\raw\fsdd\recordings\0_jackson_10.wav,0,jackson,10,5451,train
0_jackson_11,0_jackson_11.wav,C:\Users\ASUS\Downloads\DangQuocThanhTai_final\data\raw\fsdd\recordings\0_jackson_11.wav,0,jackson,11,4914,train
0_jackson_12,0_jackson_12.wav,C:\Users\ASUS\Downloads\DangQuocThanhTai_final\data\raw\fsdd\recordings\0_jackson_12.wav,0,jackson,12,4087,train
0_jackson_13,0_jackson_13.wav,C:\Users\ASUS\Downloads\DangQuocThanhTai_final\data\raw\fsdd\recordings\0_jackson_13.wav,0,jackson,13,4716,train
0_jackson_14,0_jackson_14.wav,C:\Users\ASUS\Downloads\DangQuocThanhTai_final\data\raw\fsdd\recordings\0_jackson_14.wav,0,jackson,14,4982,train
0_jackson_15,0_jackson_15.wav,C:\Users\ASUS\Downloads\DangQuocThanhTai_final\data\raw\fsdd\recordings\0_jackson_15.wav,0,jackson,15,5110,train
0_jackson_16,0_jackson_16.wav,C:\Users\ASUS\Downloads\DangQuocThanhTai_final\data\raw\fsdd\recordings\0_jackson_16.wav,0,jackson,16,4423,train
0_jackson_17,0_jackson_17.wav,C:\Users\ASUS\Downloads\DangQuocThanhTai_final\data\raw\fsdd\recordings\0_jackson_17.wav,0,jackson,17,4237,train
0_jackson_18,0_jackson_18.wav,C:\Users\ASUS\Downloads\DangQuocThanhTai_final\data\raw\fsdd\recordings\0_jackson_18.wav,0,jackson,18,5235,train
0_jackson_19,0_jackson_19.wav,C:\Users\ASUS\Downloads\DangQuocThanhTai_final\data\raw\fsdd\recordings\0_jackson_19.wav,0,jackson,19,5103,train
0_jackson_20,0_jackson_20.wav,C:\Users\ASUS\Downloads\DangQuocThanhTai_final\data\raw\fsdd\recordings\0_jackson_20.wav,0,jackson,20,4970,train
0_jackson_21,0_jackson_21.wav,C:\Users\ASUS\Downloads\DangQuocThanhTai_final\data\raw\fsdd\recordings\0_jackson_21.wav,0,jackson,21,4797,train
0_jackson_22,0_jackson_22.wav,C:\Users\ASUS\Downloads\DangQuocThanhTai_final\data\raw\fsdd\recordings\0_jackson_22.wav,0,jackson,22,4826,train
0_jackson_23,0_jackson_23.wav,C:\Users\ASUS\Downloads\DangQuocThanhTai_final\data\raw\fsdd\recordings\0_jackson_23.wav,0,jackson,23,4720,train
0_jackson_24,0_jackson_24.wav,C:\Users\ASUS\Downloads\DangQuocThanhTai_final\data\raw\fsdd\recordings\0_jackson_24.wav,0,jackson,24,5136,train
0_jackson_25,0_jackson_25.wav,C:\Users\ASUS\Downloads\DangQuocThanhTai_final\data\raw\fsdd\recordings\0_jackson_25.wav,0,jackson,25,4942,train
0_jackson_26,0_jackson_26.wav,C:\Users\ASUS\Downloads\DangQuocThanhTai_final\data\raw\fsdd\recordings\0_jackson_26.wav,0,jackson,26,4663,train
0_jackson_27,0_jackson_27.wav,C:\Users\ASUS\Downloads\DangQuocThanhTai_final\data\raw\fsdd\recordings\0_jackson_27.wav,0,jackson,27,5165,train
0_jackson_28,0_jackson_28.wav,C:\Users\ASUS\Downloads\DangQuocThanhTai_final\data\raw\fsdd\recordings\0_jackson_28.wav,0,jackson,28,5144,train
0_jackson_29,0_jackson_29.wav,C:\Users\ASUS\Downloads\DangQuocThanhTai_final\data\raw\fsdd\recordings\0_jackson_29.wav,0,jackson,29,4621,train
0_jackson_30,0_jackson_30.wav,C:\Users\ASUS\Downloads\DangQuocThanhTai_final\data\raw\fsdd\recordings\0_jackson_30.wav,0,jackson,30,5120,train
0_jackson_31,0_jackson_31.wav,C:\Users\ASUS\Downloads\DangQuocThanhTai_final\data\raw\fsdd\recordings\0_jackson_31.wav,0,jackson,31,4571,train
0_jackson_32,0_jackson_32.wav,C:\Users\ASUS\Downloads\DangQuocThanhTai_final\data\raw\fsdd\recordings\0_jackson_32.wav,0,jackson,32,4939,train
0_jackson_33,0_jackson_33.wav,C:\Users\ASUS\Downloads\DangQuocThanhTai_final\data\raw\fsdd\recordings\0_jackson_33.wav,0,jackson,33,5318,train
0_jackson_34,0_jackson_34.wav,C:\Users\ASUS\Downloads\DangQuocThanhTai_final\data\raw\fsdd\recordings\0_jackson_34.wav,0,jackson,34,5266,train
0_jackson_35,0_jackson_35.wav,C:\Users\ASUS\Downloads\DangQuocThanhTai_final\data\raw\fsdd\recordings\0_jackson_35.wav,0,jackson,35,5015,train
0_jackson_36,0_jackson_36.wav,C:\Users\ASUS\Downloads\DangQuocThanhTai_final\data\raw\fsdd\recordings\0_jackson_36.wav,0,jackson,36,4782,train
0_jackson_37,0_jackson_37.wav,C:\Users\ASUS\Downloads\DangQuocThanhTai_final\data\raw\fsdd\recordings\0_jackson_37.wav,0,jackson,37,4979,train
0_jackson_38,0_jackson_38.wav,C:\Users\ASUS\Downloads\DangQuocThanhTai_final\data\raw\fsdd\recordings\0_jackson_38.wav,0,jackson,38,5277,train
0_jackson_39,0_jackson_39.wav,C:\Users\ASUS\Downloads\DangQuocThanhTai_final\data\raw\fsdd\recordings\0_jackson_39.wav,0,jackson,39,4648,train
0_jackson_40,0_jackson_40.wav,C:\Users\ASUS\Downloads\DangQuocThanhTai_final\data\raw\fsdd\recordings\0_jackson_40.wav,0,jackson,40,5711,train
0_jackson_41,0_jackson_41.wav,C:\Users\ASUS\Downloads\DangQuocThanhTai_final\data\raw\fsdd\recordings\0_jackson_41.wav,0,jackson,41,5510,train
0_jackson_42,0_jackson_42.wav,C:\Users\ASUS\Downloads\DangQuocThanhTai_final\data\raw\fsdd\recordings\0_jackson_42.wav,0,jackson,42,5288,train
0_jackson_43,0_jackson_43.wav,C:\Users\ASUS\Downloads\DangQuocThanhTai_final\data\raw\fsdd\recordings\0_jackson_43.wav,0,jackson,43,4999,train
0_jackson_44,0_jackson_44.wav,C:\Users\ASUS\Downloads\DangQuocThanhTai_final\data\raw\fsdd\recordings\0_jackson_44.wav,0,jackson,44,5320,train
0_jackson_45,0_jackson_45.wav,C:\Users\ASUS\Downloads\DangQuocThanhTai_final\data\raw\fsdd\recordings\0_jackson_45.wav,0,jackson,45,5259,train
0_jackson_46,0_jackson_46.wav,C:\Users\ASUS\Downloads\DangQuocThanhTai_final\data\raw\fsdd\recordings\0_jackson_46.wav,0,jackson,46,5394,train
0_jackson_47,0_jackson_47.wav,C:\Users\ASUS\Downloads\DangQuocThanhTai_final\data\raw\fsdd\recordings\0_jackson_47.wav,0,jackson,47,5328,train
0_jackson_48,0_jackson_48.wav,C:\Users\ASUS\Downloads\DangQuocThanhTai_final\data\raw\fsdd\recordings\0_jackson_48.wav,0,jackson,48,5187,train
0_jackson_49,0_jackson_49.wav,C:\Users\ASUS\Downloads\DangQuocThanhTai_final\data\raw\fsdd\recordings\0_jackson_49.wav,0,jackson,49,6273,train
0_lucas_0,0_lucas_0.wav,C:\Users\ASUS\Downloads\DangQuocThanhTai_final\data\raw\fsdd\recordings\0_lucas_0.wav,0,lucas,0,5083,test
0_lucas_1,0_lucas_1.wav,C:\Users\ASUS\Downloads\DangQuocThanhTai_final\data\raw\fsdd\recordings\0_lucas_1.wav,0,lucas,1,5475,test
0_lucas_2,0_lucas_2.wav,C:\Users\ASUS\Downloads\DangQuocThanhTai_final\data\raw\fsdd\recordings\0_lucas_2.wav,0,lucas,2,5870,test
0_lucas_3,0_lucas_3.wav,C:\Users\ASUS\Downloads\DangQuocThanhTai_final\data\raw\fsdd\recordings\0_lucas_3.wav,0,lucas,3,4455,test
0_lucas_4,0_lucas_4.wav,C:\Users\ASUS\Downloads\DangQuocThanhTai_final\data\raw\fsdd\recordings\0_lucas_4.wav,0,lucas,4,4072,test
0_lucas_5,0_lucas_5.wav,C:\Users\ASUS\Downloads\DangQuocThanhTai_final\data\raw\fsdd\recordings\0_lucas_5.wav,0,lucas,5,4830,val
0_lucas_6,0_lucas_6.wav,C:\Users\ASUS\Downloads\DangQuocThanhTai_final\data\raw\fsdd\recordings\0_lucas_6.wav,0,lucas,6,4288,val
0_lucas_7,0_lucas_7.wav,C:\Users\ASUS\Downloads\DangQuocThanhTai_final\data\raw\fsdd\recordings\0_lucas_7.wav,0,lucas,7,4117,val
0_lucas_8,0_lucas_8.wav,C:\Users\ASUS\Downloads\DangQuocThanhTai_final\data\raw\fsdd\recordings\0_lucas_8.wav,0,lucas,8,5218,val
0_lucas_9,0_lucas_9.wav,C:\Users\ASUS\Downloads\DangQuocThanhTai_final\data\raw\fsdd\recordings\0_lucas_9.wav,0,lucas,9,9341,val
0_lucas_10,0_lucas_10.wav,C:\Users\ASUS\Downloads\DangQuocThanhTai_final\data\raw\fsdd\recordings\0_lucas_10.wav,0,lucas,10,4014,train
0_lucas_11,0_lucas_11.wav,C:\Users\ASUS\Downloads\DangQuocThanhTai_final\data\raw\fsdd\recordings\0_lucas_11.wav,0,lucas,11,4273,train
0_lucas_12,0_lucas_12.wav,C:\Users\ASUS\Downloads\DangQuocThanhTai_final\data\raw\fsdd\recordings\0_lucas_12.wav,0,lucas,12,4344,train
0_lucas_13,0_lucas_13.wav,C:\Users\ASUS\Downloads\DangQuocThanhTai_final\data\raw\fsdd\recordings\0_lucas_13.wav,0,lucas,13,4736,train
0_lucas_14,0_lucas_14.wav,C:\Users\ASUS\Downloads\DangQuocThanhTai_final\data\raw\fsdd\recordings\0_lucas_14.wav,0,lucas,14,4436,train
0_lucas_15,0_lucas_15.wav,C:\Users\ASUS\Downloads\DangQuocThanhTai_final\data\raw\fsdd\recordings\0_lucas_15.wav,0,lucas,15,5019,train
0_lucas_16,0_lucas_16.wav,C:\Users\ASUS\Downloads\DangQuocThanhTai_final\data\raw\fsdd\recordings\0_lucas_16.wav,0,lucas,16,4783,train
0_lucas_17,0_lucas_17.wav,C:\Users\ASUS\Downloads\DangQuocThanhTai_final\data\raw\fsdd\recordings\0_lucas_17.wav,0,lucas,17,5076,train
0_lucas_18,0_lucas_18.wav,C:\Users\ASUS\Downloads\DangQuocThanhTai_final\data\raw\fsdd\recordings\0_lucas_18.wav,0,lucas,18,4896,train
0_lucas_19,0_lucas_19.wav,C:\Users\ASUS\Downloads\DangQuocThanhTai_final\data\raw\fsdd\recordings\0_lucas_19.wav,0,lucas,19,5021,train
0_lucas_20,0_lucas_20.wav,C:\Users\ASUS\Downloads\DangQuocThanhTai_final\data\raw\fsdd\recordings\0_lucas_20.wav,0,lucas,20,5157,train
0_lucas_21,0_lucas_21.wav,C:\Users\ASUS\Downloads\DangQuocThanhTai_final\data\raw\fsdd\recordings\0_lucas_21.wav,0,lucas,21,5022,train
0_lucas_22,0_lucas_22.wav,C:\Users\ASUS\Downloads\DangQuocThanhTai_final\data\raw\fsdd\recordings\0_lucas_22.wav,0,lucas,22,4395,train
0_lucas_23,0_lucas_23.wav,C:\Users\ASUS\Downloads\DangQuocThanhTai_final\data\raw\fsdd\recordings\0_lucas_23.wav,0,lucas,23,4237,train
0_lucas_24,0_lucas_24.wav,C:\Users\ASUS\Downloads\DangQuocThanhTai_final\data\raw\fsdd\recordings\0_lucas_24.wav,0,lucas,24,7929,train
0_lucas_25,0_lucas_25.wav,C:\Users\ASUS\Downloads\DangQuocThanhTai_final\data\raw\fsdd\recordings\0_lucas_25.wav,0,lucas,25,4803,train
0_lucas_26,0_lucas_26.wav,C:\Users\ASUS\Downloads\DangQuocThanhTai_final\data\raw\fsdd\recordings\0_lucas_26.wav,0,lucas,26,4281,train
0_lucas_27,0_lucas_27.wav,C:\Users\ASUS\Downloads\DangQuocThanhTai_final\data\raw\fsdd\recordings\0_lucas_27.wav,0,lucas,27,7187,train
0_lucas_28,0_lucas_28.wav,C:\Users\ASUS\Downloads\DangQuocThanhTai_final\data\raw\fsdd\recordings\0_lucas_28.wav,0,lucas,28,4551,train
0_lucas_29,0_lucas_29.wav,C:\Users\ASUS\Downloads\DangQuocThanhTai_final\data\raw\fsdd\recordings\0_lucas_29.wav,0,lucas,29,4254,train
0_lucas_30,0_lucas_30.wav,C:\Users\ASUS\Downloads\DangQuocThanhTai_final\data\raw\fsdd\recordings\0_lucas_30.wav,0,lucas,30,4628,train
0_lucas_31,0_lucas_31.wav,C:\Users\ASUS\Downloads\DangQuocThanhTai_final\data\raw\fsdd\recordings\0_lucas_31.wav,0,lucas,31,4175,train
0_lucas_32,0_lucas_32.wav,C:\Users\ASUS\Downloads\DangQuocThanhTai_final\data\raw\fsdd\recordings\0_lucas_32.wav,0,lucas,32,4308,train
0_lucas_33,0_lucas_33.wav,C:\Users\ASUS\Downloads\DangQuocThanhTai_final\data\raw\fsdd\recordings\0_lucas_33.wav,0,lucas,33,4225,train
0_lucas_34,0_lucas_34.wav,C:\Users\ASUS\Downloads\DangQuocThanhTai_final\data\raw\fsdd\recordings\0_lucas_34.wav,0,lucas,34,5207,train
0_lucas_35,0_lucas_35.wav,C:\Users\ASUS\Downloads\DangQuocThanhTai_final\data\raw\fsdd\recordings\0_lucas_35.wav,0,lucas,35,4793,train
0_lucas_36,0_lucas_36.wav,C:\Users\ASUS\Downloads\DangQuocThanhTai_final\data\raw\fsdd\recordings\0_lucas_36.wav,0,lucas,36,6286,train
0_lucas_37,0_lucas_37.wav,C:\Users\ASUS\Downloads\DangQuocThanhTai_final\data\raw\fsdd\recordings\0_lucas_37.wav,0,lucas,37,4761,train
0_lucas_38,0_lucas_38.wav,C:\Users\ASUS\Downloads\DangQuocThanhTai_final\data\raw\fsdd\recordings\0_lucas_38.wav,0,lucas,38,4836,train
0_lucas_39,0_lucas_39.wav,C:\Users\ASUS\Downloads\DangQuocThanhTai_final\data\raw\fsdd\recordings\0_lucas_39.wav,0,lucas,39,7389,train
0_lucas_40,0_lucas_40.wav,C:\Users\ASUS\Downloads\DangQuocThanhTai_final\data\raw\fsdd\recordings\0_lucas_40.wav,0,lucas,40,4574,train
0_lucas_41,0_lucas_41.wav,C:\Users\ASUS\Downloads\DangQuocThanhTai_final\data\raw\fsdd\recordings\0_lucas_41.wav,0,lucas,41,4434,train
0_lucas_42,0_lucas_42.wav,C:\Users\ASUS\Downloads\DangQuocThanhTai_final\data\raw\fsdd\recordings\0_lucas_42.wav,0,lucas,42,6381,train
0_lucas_43,0_lucas_43.wav,C:\Users\ASUS\Downloads\DangQuocThanhTai_final\data\raw\fsdd\recordings\0_lucas_43.wav,0,lucas,43,4482,train
0_lucas_44,0_lucas_44.wav,C:\Users\ASUS\Downloads\DangQuocThanhTai_final\data\raw\fsdd\recordings\0_lucas_44.wav,0,lucas,44,5914,train
0_lucas_45,0_lucas_45.wav,C:\Users\ASUS\Downloads\DangQuocThanhTai_final\data\raw\fsdd\recordings\0_lucas_45.wav,0,lucas,45,3762,train
0_lucas_46,0_lucas_46.wav,C:\Users\ASUS\Downloads\DangQuocThanhTai_final\data\raw\fsdd\recordings\0_lucas_46.wav,0,lucas,46,5048,train
0_lucas_47,0_lucas_47.wav,C:\Users\ASUS\Downloads\DangQuocThanhTai_final\data\raw\fsdd\recordings\0_lucas_47.wav,0,lucas,47,4771,train
0_lucas_48,0_lucas_48.wav,C:\Users\ASUS\Downloads\DangQuocThanhTai_final\data\raw\fsdd\recordings\0_lucas_48.wav,0,lucas,48,5967,train
0_lucas_49,0_lucas_49.wav,C:\Users\ASUS\Downloads\DangQuocThanhTai_final\data\raw\fsdd\recordings\0_lucas_49.wav,0,lucas,49,4953,train
0_nicolas_0,0_nicolas_0.wav,C:\Users\ASUS\Downloads\DangQuocThanhTai_final\data\raw\fsdd\recordings\0_nicolas_0.wav,0,nicolas,0,3500,test
0_nicolas_1,0_nicolas_1.wav,C:\Users\ASUS\Downloads\DangQuocThanhTai_final\data\raw\fsdd\recordings\0_nicolas_1.wav,0,nicolas,1,3751,test
0_nicolas_2,0_nicolas_2.wav,C:\Users\ASUS\Downloads\DangQuocThanhTai_final\data\raw\fsdd\recordings\0_nicolas_2.wav,0,nicolas,2,2857,test
0_nicolas_3,0_nicolas_3.wav,C:\Users\ASUS\Downloads\DangQuocThanhTai_final\data\raw\fsdd\recordings\0_nicolas_3.wav,0,nicolas,3,4429,test
0_nicolas_4,0_nicolas_4.wav,C:\Users\ASUS\Downloads\DangQuocThanhTai_final\data\raw\fsdd\recordings\0_nicolas_4.wav,0,nicolas,4,3893,test
0_nicolas_5,0_nicolas_5.wav,C:\Users\ASUS\Downloads\DangQuocThanhTai_final\data\raw\fsdd\recordings\0_nicolas_5.wav,0,nicolas,5,3251,val
0_nicolas_6,0_nicolas_6.wav,C:\Users\ASUS\Downloads\DangQuocThanhTai_final\data\raw\fsdd\recordings\0_nicolas_6.wav,0,nicolas,6,4357,val
0_nicolas_7,0_nicolas_7.wav,C:\Users\ASUS\Downloads\DangQuocThanhTai_final\data\raw\fsdd\recordings\0_nicolas_7.wav,0,nicolas,7,3143,val
0_nicolas_8,0_nicolas_8.wav,C:\Users\ASUS\Downloads\DangQuocThanhTai_final\data\raw\fsdd\recordings\0_nicolas_8.wav,0,nicolas,8,3786,val
0_nicolas_9,0_nicolas_9.wav,C:\Users\ASUS\Downloads\DangQuocThanhTai_final\data\raw\fsdd\recordings\0_nicolas_9.wav,0,nicolas,9,3858,val
0_nicolas_10,0_nicolas_10.wav,C:\Users\ASUS\Downloads\DangQuocThanhTai_final\data\raw\fsdd\recordings\0_nicolas_10.wav,0,nicolas,10,3755,train
0_nicolas_11,0_nicolas_11.wav,C:\Users\ASUS\Downloads\DangQuocThanhTai_final\data\raw\fsdd\recordings\0_nicolas_11.wav,0,nicolas,11,4594,train
0_nicolas_12,0_nicolas_12.wav,C:\Users\ASUS\Downloads\DangQuocThanhTai_final\data\raw\fsdd\recordings\0_nicolas_12.wav,0,nicolas,12,4393,train
0_nicolas_13,0_nicolas_13.wav,C:\Users\ASUS\Downloads\DangQuocThanhTai_final\data\raw\fsdd\recordings\0_nicolas_13.wav,0,nicolas,13,3822,train
0_nicolas_14,0_nicolas_14.wav,C:\Users\ASUS\Downloads\DangQuocThanhTai_final\data\raw\fsdd\recordings\0_nicolas_14.wav,0,nicolas,14,3756,train
0_nicolas_15,0_nicolas_15.wav,C:\Users\ASUS\Downloads\DangQuocThanhTai_final\data\raw\fsdd\recordings\0_nicolas_15.wav,0,nicolas,15,4124,train
0_nicolas_16,0_nicolas_16.wav,C:\Users\ASUS\Downloads\DangQuocThanhTai_final\data\raw\fsdd\recordings\0_nicolas_16.wav,0,nicolas,16,3957,train
0_nicolas_17,0_nicolas_17.wav,C:\Users\ASUS\Downloads\DangQuocThanhTai_final\data\raw\fsdd\recordings\0_nicolas_17.wav,0,nicolas,17,3822,train
0_nicolas_18,0_nicolas_18.wav,C:\Users\ASUS\Downloads\DangQuocThanhTai_final\data\raw\fsdd\recordings\0_nicolas_18.wav,0,nicolas,18,4527,train
0_nicolas_19,0_nicolas_19.wav,C:\Users\ASUS\Downloads\DangQuocThanhTai_final\data\raw\fsdd\recordings\0_nicolas_19.wav,0,nicolas,19,3688,train
0_nicolas_20,0_nicolas_20.wav,C:\Users\ASUS\Downloads\DangQuocThanhTai_final\data\raw\fsdd\recordings\0_nicolas_20.wav,0,nicolas,20,3601,train
0_nicolas_21,0_nicolas_21.wav,C:\Users\ASUS\Downloads\DangQuocThanhTai_final\data\raw\fsdd\recordings\0_nicolas_21.wav,0,nicolas,21,4076,train
0_nicolas_22,0_nicolas_22.wav,C:\Users\ASUS\Downloads\DangQuocThanhTai_final\data\raw\fsdd\recordings\0_nicolas_22.wav,0,nicolas,22,3193,train
0_nicolas_23,0_nicolas_23.wav,C:\Users\ASUS\Downloads\DangQuocThanhTai_final\data\raw\fsdd\recordings\0_nicolas_23.wav,0,nicolas,23,3600,train
0_nicolas_24,0_nicolas_24.wav,C:\Users\ASUS\Downloads\DangQuocThanhTai_final\data\raw\fsdd\recordings\0_nicolas_24.wav,0,nicolas,24,3465,train
0_nicolas_25,0_nicolas_25.wav,C:\Users\ASUS\Downloads\DangQuocThanhTai_final\data\raw\fsdd\recordings\0_nicolas_25.wav,0,nicolas,25,3516,train
0_nicolas_26,0_nicolas_26.wav,C:\Users\ASUS\Downloads\DangQuocThanhTai_final\data\raw\fsdd\recordings\0_nicolas_26.wav,0,nicolas,26,3583,train
0_nicolas_27,0_nicolas_27.wav,C:\Users\ASUS\Downloads\DangQuocThanhTai_final\data\raw\fsdd\recordings\0_nicolas_27.wav,0,nicolas,27,3635,train
0_nicolas_28,0_nicolas_28.wav,C:\Users\ASUS\Downloads\DangQuocThanhTai_final\data\raw\fsdd\recordings\0_nicolas_28.wav,0,nicolas,28,3974,train
0_nicolas_29,0_nicolas_29.wav,C:\Users\ASUS\Downloads\DangQuocThanhTai_final\data\raw\fsdd\recordings\0_nicolas_29.wav,0,nicolas,29,3431,train
0_nicolas_30,0_nicolas_30.wav,C:\Users\ASUS\Downloads\DangQuocThanhTai_final\data\raw\fsdd\recordings\0_nicolas_30.wav,0,nicolas,30,3693,train
0_nicolas_31,0_nicolas_31.wav,C:\Users\ASUS\Downloads\DangQuocThanhTai_final\data\raw\fsdd\recordings\0_nicolas_31.wav,0,nicolas,31,2998,train
0_nicolas_32,0_nicolas_32.wav,C:\Users\ASUS\Downloads\DangQuocThanhTai_final\data\raw\fsdd\recordings\0_nicolas_32.wav,0,nicolas,32,2872,train
0_nicolas_33,0_nicolas_33.wav,C:\Users\ASUS\Downloads\DangQuocThanhTai_final\data\raw\fsdd\recordings\0_nicolas_33.wav,0,nicolas,33,2936,train
0_nicolas_34,0_nicolas_34.wav,C:\Users\ASUS\Downloads\DangQuocThanhTai_final\data\raw\fsdd\recordings\0_nicolas_34.wav,0,nicolas,34,2998,train
0_nicolas_35,0_nicolas_35.wav,C:\Users\ASUS\Downloads\DangQuocThanhTai_final\data\raw\fsdd\recordings\0_nicolas_35.wav,0,nicolas,35,2904,train
0_nicolas_36,0_nicolas_36.wav,C:\Users\ASUS\Downloads\DangQuocThanhTai_final\data\raw\fsdd\recordings\0_nicolas_36.wav,0,nicolas,36,2778,train
0_nicolas_37,0_nicolas_37.wav,C:\Users\ASUS\Downloads\DangQuocThanhTai_final\data\raw\fsdd\recordings\0_nicolas_37.wav,0,nicolas,37,2651,train
0_nicolas_38,0_nicolas_38.wav,C:\Users\ASUS\Downloads\DangQuocThanhTai_final\data\raw\fsdd\recordings\0_nicolas_38.wav,0,nicolas,38,2746,train
0_nicolas_39,0_nicolas_39.wav,C:\Users\ASUS\Downloads\DangQuocThanhTai_final\data\raw\fsdd\recordings\0_nicolas_39.wav,0,nicolas,39,3409,train
0_nicolas_40,0_nicolas_40.wav,C:\Users\ASUS\Downloads\DangQuocThanhTai_final\data\raw\fsdd\recordings\0_nicolas_40.wav,0,nicolas,40,3811,train
0_nicolas_41,0_nicolas_41.wav,C:\Users\ASUS\Downloads\DangQuocThanhTai_final\data\raw\fsdd\recordings\0_nicolas_41.wav,0,nicolas,41,3717,train
0_nicolas_42,0_nicolas_42.wav,C:\Users\ASUS\Downloads\DangQuocThanhTai_final\data\raw\fsdd\recordings\0_nicolas_42.wav,0,nicolas,42,3716,train
0_nicolas_43,0_nicolas_43.wav,C:\Users\ASUS\Downloads\DangQuocThanhTai_final\data\raw\fsdd\recordings\0_nicolas_43.wav,0,nicolas,43,3686,train
0_nicolas_44,0_nicolas_44.wav,C:\Users\ASUS\Downloads\DangQuocThanhTai_final\data\raw\fsdd\recordings\0_nicolas_44.wav,0,nicolas,44,3561,train
0_nicolas_45,0_nicolas_45.wav,C:\Users\ASUS\Downloads\DangQuocThanhTai_final\data\raw\fsdd\recordings\0_nicolas_45.wav,0,nicolas,45,3842,train
0_nicolas_46,0_nicolas_46.wav,C:\Users\ASUS\Downloads\DangQuocThanhTai_final\data\raw\fsdd\recordings\0_nicolas_46.wav,0,nicolas,46,3685,train
0_nicolas_47,0_nicolas_47.wav,C:\Users\ASUS\Downloads\DangQuocThanhTai_final\data\raw\fsdd\recordings\0_nicolas_47.wav,0,nicolas,47,3624,train
0_nicolas_48,0_nicolas_48.wav,C:\Users\ASUS\Downloads\DangQuocThanhTai_final\data\raw\fsdd\recordings\0_nicolas_48.wav,0,nicolas,48,3560,train
0_nicolas_49,0_nicolas_49.wav,C:\Users\ASUS\Downloads\DangQuocThanhTai_final\data\raw\fsdd\recordings\0_nicolas_49.wav,0,nicolas,49,3343,train
0_theo_0,0_theo_0.wav,C:\Users\ASUS\Downloads\DangQuocThanhTai_final\data\raw\fsdd\recordings\0_theo_0.wav,0,theo,0,3142,test
0_theo_1,0_theo_1.wav,C:\Users\ASUS\Downloads\DangQuocThanhTai_final\data\raw\fsdd\recordings\0_theo_1.wav,0,theo,1,2808,test
0_theo_2,0_theo_2.wav,C:\Users\ASUS\Downloads\DangQuocThanhTai_final\data\raw\fsdd\recordings\0_theo_2.wav,0,theo,2,2732,test
0_theo_3,0_theo_3.wav,C:\Users\ASUS\Downloads\DangQuocThanhTai_final\data\raw\fsdd\recordings\0_theo_3.wav,0,theo,3,2710,test
0_theo_4,0_theo_4.wav,C:\Users\ASUS\Downloads\DangQuocThanhTai_final\data\raw\fsdd\recordings\0_theo_4.wav,0,theo,4,3245,test
0_theo_5,0_theo_5.wav,C:\Users\ASUS\Downloads\DangQuocThanhTai_final\data\raw\fsdd\recordings\0_theo_5.wav,0,theo,5,3311,val
0_theo_6,0_theo_6.wav,C:\Users\ASUS\Downloads\DangQuocThanhTai_final\data\raw\fsdd\recordings\0_theo_6.wav,0,theo,6,3536,val
0_theo_7,0_theo_7.wav,C:\Users\ASUS\Downloads\DangQuocThanhTai_final\data\raw\fsdd\recordings\0_theo_7.wav,0,theo,7,3203,val
0_theo_8,0_theo_8.wav,C:\Users\ASUS\Downloads\DangQuocThanhTai_final\data\raw\fsdd\recordings\0_theo_8.wav,0,theo,8,2782,val
0_theo_9,0_theo_9.wav,C:\Users\ASUS\Downloads\DangQuocThanhTai_final\data\raw\fsdd\recordings\0_theo_9.wav,0,theo,9,3096,val
0_theo_10,0_theo_10.wav,C:\Users\ASUS\Downloads\DangQuocThanhTai_final\data\raw\fsdd\recordings\0_theo_10.wav,0,theo,10,3044,train
0_theo_11,0_theo_11.wav,C:\Users\ASUS\Downloads\DangQuocThanhTai_final\data\raw\fsdd\recordings\0_theo_11.wav,0,theo,11,2819,train
0_theo_12,0_theo_12.wav,C:\Users\ASUS\Downloads\DangQuocThanhTai_final\data\raw\fsdd\recordings\0_theo_12.wav,0,theo,12,3617,train
0_theo_13,0_theo_13.wav,C:\Users\ASUS\Downloads\DangQuocThanhTai_final\data\raw\fsdd\recordings\0_theo_13.wav,0,theo,13,3382,train
0_theo_14,0_theo_14.wav,C:\Users\ASUS\Downloads\DangQuocThanhTai_final\data\raw\fsdd\recordings\0_theo_14.wav,0,theo,14,2802,train
0_theo_15,0_theo_15.wav,C:\Users\ASUS\Downloads\DangQuocThanhTai_final\data\raw\fsdd\recordings\0_theo_15.wav,0,theo,15,3338,train
0_theo_16,0_theo_16.wav,C:\Users\ASUS\Downloads\DangQuocThanhTai_final\data\raw\fsdd\recordings\0_theo_16.wav,0,theo,16,3388,train
0_theo_17,0_theo_17.wav,C:\Users\ASUS\Downloads\DangQuocThanhTai_final\data\raw\fsdd\recordings\0_theo_17.wav,0,theo,17,3009,train
0_theo_18,0_theo_18.wav,C:\Users\ASUS\Downloads\DangQuocThanhTai_final\data\raw\fsdd\recordings\0_theo_18.wav,0,theo,18,3232,train
0_theo_19,0_theo_19.wav,C:\Users\ASUS\Downloads\DangQuocThanhTai_final\data\raw\fsdd\recordings\0_theo_19.wav,0,theo,19,3745,train
0_theo_20,0_theo_20.wav,C:\Users\ASUS\Downloads\DangQuocThanhTai_final\data\raw\fsdd\recordings\0_theo_20.wav,0,theo,20,3489,train
0_theo_21,0_theo_21.wav,C:\Users\ASUS\Downloads\DangQuocThanhTai_final\data\raw\fsdd\recordings\0_theo_21.wav,0,theo,21,2950,train
0_theo_22,0_theo_22.wav,C:\Users\ASUS\Downloads\DangQuocThanhTai_final\data\raw\fsdd\recordings\0_theo_22.wav,0,theo,22,4543,train
0_theo_23,0_theo_23.wav,C:\Users\ASUS\Downloads\DangQuocThanhTai_final\data\raw\fsdd\recordings\0_theo_23.wav,0,theo,23,3428,train
0_theo_24,0_theo_24.wav,C:\Users\ASUS\Downloads\DangQuocThanhTai_final\data\raw\fsdd\recordings\0_theo_24.wav,0,theo,24,3441,train
0_theo_25,0_theo_25.wav,C:\Users\ASUS\Downloads\DangQuocThanhTai_final\data\raw\fsdd\recordings\0_theo_25.wav,0,theo,25,3733,train
0_theo_26,0_theo_26.wav,C:\Users\ASUS\Downloads\DangQuocThanhTai_final\data\raw\fsdd\recordings\0_theo_26.wav,0,theo,26,3829,train
0_theo_27,0_theo_27.wav,C:\Users\ASUS\Downloads\DangQuocThanhTai_final\data\raw\fsdd\recordings\0_theo_27.wav,0,theo,27,4192,train
0_theo_28,0_theo_28.wav,C:\Users\ASUS\Downloads\DangQuocThanhTai_final\data\raw\fsdd\recordings\0_theo_28.wav,0,theo,28,4808,train
0_theo_29,0_theo_29.wav,C:\Users\ASUS\Downloads\DangQuocThanhTai_final\data\raw\fsdd\recordings\0_theo_29.wav,0,theo,29,3779,train
0_theo_30,0_theo_30.wav,C:\Users\ASUS\Downloads\DangQuocThanhTai_final\data\raw\fsdd\recordings\0_theo_30.wav,0,theo,30,4275,train
0_theo_31,0_theo_31.wav,C:\Users\ASUS\Downloads\DangQuocThanhTai_final\data\raw\fsdd\recordings\0_theo_31.wav,0,theo,31,4087,train
0_theo_32,0_theo_32.wav,C:\Users\ASUS\Downloads\DangQuocThanhTai_final\data\raw\fsdd\recordings\0_theo_32.wav,0,theo,32,2261,train
0_theo_33,0_theo_33.wav,C:\Users\ASUS\Downloads\DangQuocThanhTai_final\data\raw\fsdd\recordings\0_theo_33.wav,0,theo,33,5525,train
0_theo_34,0_theo_34.wav,C:\Users\ASUS\Downloads\DangQuocThanhTai_final\data\raw\fsdd\recordings\0_theo_34.wav,0,theo,34,4231,train
0_theo_35,0_theo_35.wav,C:\Users\ASUS\Downloads\DangQuocThanhTai_final\data\raw\fsdd\recordings\0_theo_35.wav,0,theo,35,4495,train
0_theo_36,0_theo_36.wav,C:\Users\ASUS\Downloads\DangQuocThanhTai_final\data\raw\fsdd\recordings\0_theo_36.wav,0,theo,36,3611,train
0_theo_37,0_theo_37.wav,C:\Users\ASUS\Downloads\DangQuocThanhTai_final\data\raw\fsdd\recordings\0_theo_37.wav,0,theo,37,3255,train
0_theo_38,0_theo_38.wav,C:\Users\ASUS\Downloads\DangQuocThanhTai_final\data\raw\fsdd\recordings\0_theo_38.wav,0,theo,38,4314,train
0_theo_39,0_theo_39.wav,C:\Users\ASUS\Downloads\DangQuocThanhTai_final\data\raw\fsdd\recordings\0_theo_39.wav,0,theo,39,3375,train
0_theo_40,0_theo_40.wav,C:\Users\ASUS\Downloads\DangQuocThanhTai_final\data\raw\fsdd\recordings\0_theo_40.wav,0,theo,40,3331,train
0_theo_41,0_theo_41.wav,C:\Users\ASUS\Downloads\DangQuocThanhTai_final\data\raw\fsdd\recordings\0_theo_41.wav,0,theo,41,3737,train
0_theo_42,0_theo_42.wav,C:\Users\ASUS\Downloads\DangQuocThanhTai_final\data\raw\fsdd\recordings\0_theo_42.wav,0,theo,42,3887,train
0_theo_43,0_theo_43.wav,C:\Users\ASUS\Downloads\DangQuocThanhTai_final\data\raw\fsdd\recordings\0_theo_43.wav,0,theo,43,3082,train
0_theo_44,0_theo_44.wav,C:\Users\ASUS\Downloads\DangQuocThanhTai_final\data\raw\fsdd\recordings\0_theo_44.wav,0,theo,44,3964,train
0_theo_45,0_theo_45.wav,C:\Users\ASUS\Downloads\DangQuocThanhTai_final\data\raw\fsdd\recordings\0_theo_45.wav,0,theo,45,3201,train
0_theo_46,0_theo_46.wav,C:\Users\ASUS\Downloads\DangQuocThanhTai_final\data\raw\fsdd\recordings\0_theo_46.wav,0,theo,46,3199,train
0_theo_47,0_theo_47.wav,C:\Users\ASUS\Downloads\DangQuocThanhTai_final\data\raw\fsdd\recordings\0_theo_47.wav,0,theo,47,3217,train
0_theo_48,0_theo_48.wav,C:\Users\ASUS\Downloads\DangQuocThanhTai_final\data\raw\fsdd\recordings\0_theo_48.wav,0,theo,48,2865,train
0_theo_49,0_theo_49.wav,C:\Users\ASUS\Downloads\DangQuocThanhTai_final\data\raw\fsdd\recordings\0_theo_49.wav,0,theo,49,2589,train
0_yweweler_0,0_yweweler_0.wav,C:\Users\ASUS\Downloads\DangQuocThanhTai_final\data\raw\fsdd\recordings\0_yweweler_0.wav,0,yweweler,0,3103,test
0_yweweler_1,0_yweweler_1.wav,C:\Users\ASUS\Downloads\DangQuocThanhTai_final\data\raw\fsdd\recordings\0_yweweler_1.wav,0,yweweler,1,2644,test
0_yweweler_2,0_yweweler_2.wav,C:\Users\ASUS\Downloads\DangQuocThanhTai_final\data\raw\fsdd\recordings\0_yweweler_2.wav,0,yweweler,2,2825,test
0_yweweler_3,0_yweweler_3.wav,C:\Users\ASUS\Downloads\DangQuocThanhTai_final\data\raw\fsdd\recordings\0_yweweler_3.wav,0,yweweler,3,2866,test
0_yweweler_4,0_yweweler_4.wav,C:\Users\ASUS\Downloads\DangQuocThanhTai_final\data\raw\fsdd\recordings\0_yweweler_4.wav,0,yweweler,4,2531,test
0_yweweler_5,0_yweweler_5.wav,C:\Users\ASUS\Downloads\DangQuocThanhTai_final\data\raw\fsdd\recordings\0_yweweler_5.wav,0,yweweler,5,3227,val
0_yweweler_6,0_yweweler_6.wav,C:\Users\ASUS\Downloads\DangQuocThanhTai_final\data\raw\fsdd\recordings\0_yweweler_6.wav,0,yweweler,6,3175,val
0_yweweler_7,0_yweweler_7.wav,C:\Users\ASUS\Downloads\DangQuocThanhTai_final\data\raw\fsdd\recordings\0_yweweler_7.wav,0,yweweler,7,3135,val
0_yweweler_8,0_yweweler_8.wav,C:\Users\ASUS\Downloads\DangQuocThanhTai_final\data\raw\fsdd\recordings\0_yweweler_8.wav,0,yweweler,8,2686,val
0_yweweler_9,0_yweweler_9.wav,C:\Users\ASUS\Downloads\DangQuocThanhTai_final\data\raw\fsdd\recordings\0_yweweler_9.wav,0,yweweler,9,2854,val
0_yweweler_10,0_yweweler_10.wav,C:\Users\ASUS\Downloads\DangQuocThanhTai_final\data\raw\fsdd\recordings\0_yweweler_10.wav,0,yweweler,10,3042,train
0_yweweler_11,0_yweweler_11.wav,C:\Users\ASUS\Downloads\DangQuocThanhTai_final\data\raw\fsdd\recordings\0_yweweler_11.wav,0,yweweler,11,2967,train
0_yweweler_12,0_yweweler_12.wav,C:\Users\ASUS\Downloads\DangQuocThanhTai_final\data\raw\fsdd\recordings\0_yweweler_12.wav,0,yweweler,12,3150,train
0_yweweler_13,0_yweweler_13.wav,C:\Users\ASUS\Downloads\DangQuocThanhTai_final\data\raw\fsdd\recordings\0_yweweler_13.wav,0,yweweler,13,3443,train
0_yweweler_14,0_yweweler_14.wav,C:\Users\ASUS\Downloads\DangQuocThanhTai_final\data\raw\fsdd\recordings\0_yweweler_14.wav,0,yweweler,14,3411,train
0_yweweler_15,0_yweweler_15.wav,C:\Users\ASUS\Downloads\DangQuocThanhTai_final\data\raw\fsdd\recordings\0_yweweler_15.wav,0,yweweler,15,3410,train
0_yweweler_16,0_yweweler_16.wav,C:\Users\ASUS\Downloads\DangQuocThanhTai_final\data\raw\fsdd\recordings\0_yweweler_16.wav,0,yweweler,16,2867,train
0_yweweler_17,0_yweweler_17.wav,C:\Users\ASUS\Downloads\DangQuocThanhTai_final\data\raw\fsdd\recordings\0_yweweler_17.wav,0,yweweler,17,3181,train
0_yweweler_18,0_yweweler_18.wav,C:\Users\ASUS\Downloads\DangQuocThanhTai_final\data\raw\fsdd\recordings\0_yweweler_18.wav,0,yweweler,18,3355,train
0_yweweler_19,0_yweweler_19.wav,C:\Users\ASUS\Downloads\DangQuocThanhTai_final\data\raw\fsdd\recordings\0_yweweler_19.wav,0,yweweler,19,3748,train
0_yweweler_20,0_yweweler_20.wav,C:\Users\ASUS\Downloads\DangQuocThanhTai_final\data\raw\fsdd\recordings\0_yweweler_20.wav,0,yweweler,20,2707,train
0_yweweler_21,0_yweweler_21.wav,C:\Users\ASUS\Downloads\DangQuocThanhTai_final\data\raw\fsdd\recordings\0_yweweler_21.wav,0,yweweler,21,2781,train
0_yweweler_22,0_yweweler_22.wav,C:\Users\ASUS\Downloads\DangQuocThanhTai_final\data\raw\fsdd\recordings\0_yweweler_22.wav,0,yweweler,22,2695,train
0_yweweler_23,0_yweweler_23.wav,C:\Users\ASUS\Downloads\DangQuocThanhTai_final\data\raw\fsdd\recordings\0_yweweler_23.wav,0,yweweler,23,2620,train
0_yweweler_24,0_yweweler_24.wav,C:\Users\ASUS\Downloads\DangQuocThanhTai_final\data\raw\fsdd\recordings\0_yweweler_24.wav,0,yweweler,24,3053,train
0_yweweler_25,0_yweweler_25.wav,C:\Users\ASUS\Downloads\DangQuocThanhTai_final\data\raw\fsdd\recordings\0_yweweler_25.wav,0,yweweler,25,3086,train
0_yweweler_26,0_yweweler_26.wav,C:\Users\ASUS\Downloads\DangQuocThanhTai_final\data\raw\fsdd\recordings\0_yweweler_26.wav,0,yweweler,26,2888,train
0_yweweler_27,0_yweweler_27.wav,C:\Users\ASUS\Downloads\DangQuocThanhTai_final\data\raw\fsdd\recordings\0_yweweler_27.wav,0,yweweler,27,2860,train
0_yweweler_28,0_yweweler_28.wav,C:\Users\ASUS\Downloads\DangQuocThanhTai_final\data\raw\fsdd\recordings\0_yweweler_28.wav,0,yweweler,28,3361,train
0_yweweler_29,0_yweweler_29.wav,C:\Users\ASUS\Downloads\DangQuocThanhTai_final\data\raw\fsdd\recordings\0_yweweler_29.wav,0,yweweler,29,3009,train
0_yweweler_30,0_yweweler_30.wav,C:\Users\ASUS\Downloads\DangQuocThanhTai_final\data\raw\fsdd\recordings\0_yweweler_30.wav,0,yweweler,30,3224,train
0_yweweler_31,0_yweweler_31.wav,C:\Users\ASUS\Downloads\DangQuocThanhTai_final\data\raw\fsdd\recordings\0_yweweler_31.wav,0,yweweler,31,2612,train
0_yweweler_32,0_yweweler_32.wav,C:\Users\ASUS\Downloads\DangQuocThanhTai_final\data\raw\fsdd\recordings\0_yweweler_32.wav,0,yweweler,32,2843,train
0_yweweler_33,0_yweweler_33.wav,C:\Users\ASUS\Downloads\DangQuocThanhTai_final\data\raw\fsdd\recordings\0_yweweler_33.wav,0,yweweler,33,3957,train
0_yweweler_34,0_yweweler_34.wav,C:\Users\ASUS\Downloads\DangQuocThanhTai_final\data\raw\fsdd\recordings\0_yweweler_34.wav,0,yweweler,34,2942,train
0_yweweler_35,0_yweweler_35.wav,C:\Users\ASUS\Downloads\DangQuocThanhTai_final\data\raw\fsdd\recordings\0_yweweler_35.wav,0,yweweler,35,3096,train
0_yweweler_36,0_yweweler_36.wav,C:\Users\ASUS\Downloads\DangQuocThanhTai_final\data\raw\fsdd\recordings\0_yweweler_36.wav,0,yweweler,36,3633,train
0_yweweler_37,0_yweweler_37.wav,C:\Users\ASUS\Downloads\DangQuocThanhTai_final\data\raw\fsdd\recordings\0_yweweler_37.wav,0,yweweler,37,3030,train
0_yweweler_38,0_yweweler_38.wav,C:\Users\ASUS\Downloads\DangQuocThanhTai_final\data\raw\fsdd\recordings\0_yweweler_38.wav,0,yweweler,38,3290,train
0_yweweler_39,0_yweweler_39.wav,C:\Users\ASUS\Downloads\DangQuocThanhTai_final\data\raw\fsdd\recordings\0_yweweler_39.wav,0,yweweler,39,3540,train
0_yweweler_40,0_yweweler_40.wav,C:\Users\ASUS\Downloads\DangQuocThanhTai_final\data\raw\fsdd\recordings\0_yweweler_40.wav,0,yweweler,40,3604,train
0_yweweler_41,0_yweweler_41.wav,C:\Users\ASUS\Downloads\DangQuocThanhTai_final\data\raw\fsdd\recordings\0_yweweler_41.wav,0,yweweler,41,2657,train
0_yweweler_42,0_yweweler_42.wav,C:\Users\ASUS\Downloads\DangQuocThanhTai_final\data\raw\fsdd\recordings\0_yweweler_42.wav,0,yweweler,42,3410,train
0_yweweler_43,0_yweweler_43.wav,C:\Users\ASUS\Downloads\DangQuocThanhTai_final\data\raw\fsdd\recordings\0_yweweler_43.wav,0,yweweler,43,2752,train
0_yweweler_44,0_yweweler_44.wav,C:\Users\ASUS\Downloads\DangQuocThanhTai_final\data\raw\fsdd\recordings\0_yweweler_44.wav,0,yweweler,44,2529,train
0_yweweler_45,0_yweweler_45.wav,C:\Users\ASUS\Downloads\DangQuocThanhTai_final\data\raw\fsdd\recordings\0_yweweler_45.wav,0,yweweler,45,2814,train
0_yweweler_46,0_yweweler_46.wav,C:\Users\ASUS\Downloads\DangQuocThanhTai_final\data\raw\fsdd\recordings\0_yweweler_46.wav,0,yweweler,46,2347,train
0_yweweler_47,0_yweweler_47.wav,C:\Users\ASUS\Downloads\DangQuocThanhTai_final\data\raw\fsdd\recordings\0_yweweler_47.wav,0,yweweler,47,2760,train
0_yweweler_48,0_yweweler_48.wav,C:\Users\ASUS\Downloads\DangQuocThanhTai_final\data\raw\fsdd\recordings\0_yweweler_48.wav,0,yweweler,48,3138,train
0_yweweler_49,0_yweweler_49.wav,C:\Users\ASUS\Downloads\DangQuocThanhTai_final\data\raw\fsdd\recordings\0_yweweler_49.wav,0,yweweler,49,3137,train
1_george_0,1_george_0.wav,C:\Users\ASUS\Downloads\DangQuocThanhTai_final\data\raw\fsdd\recordings\1_george_0.wav,1,george,0,4548,test
1_george_1,1_george_1.wav,C:\Users\ASUS\Downloads\DangQuocThanhTai_final\data\raw\fsdd\recordings\1_george_1.wav,1,george,1,3981,test
1_george_2,1_george_2.wav,C:\Users\ASUS\Downloads\DangQuocThanhTai_final\data\raw\fsdd\recordings\1_george_2.wav,1,george,2,4572,test
1_george_3,1_george_3.wav,C:\Users\ASUS\Downloads\DangQuocThanhTai_final\data\raw\fsdd\recordings\1_george_3.wav,1,george,3,4254,test
1_george_4,1_george_4.wav,C:\Users\ASUS\Downloads\DangQuocThanhTai_final\data\raw\fsdd\recordings\1_george_4.wav,1,george,4,4222,test
1_george_5,1_george_5.wav,C:\Users\ASUS\Downloads\DangQuocThanhTai_final\data\raw\fsdd\recordings\1_george_5.wav,1,george,5,4944,val
1_george_6,1_george_6.wav,C:\Users\ASUS\Downloads\DangQuocThanhTai_final\data\raw\fsdd\recordings\1_george_6.wav,1,george,6,3600,val
1_george_7,1_george_7.wav,C:\Users\ASUS\Downloads\DangQuocThanhTai_final\data\raw\fsdd\recordings\1_george_7.wav,1,george,7,5332,val
1_george_8,1_george_8.wav,C:\Users\ASUS\Downloads\DangQuocThanhTai_final\data\raw\fsdd\recordings\1_george_8.wav,1,george,8,4294,val
1_george_9,1_george_9.wav,C:\Users\ASUS\Downloads\DangQuocThanhTai_final\data\raw\fsdd\recordings\1_george_9.wav,1,george,9,3823,val
1_george_10,1_george_10.wav,C:\Users\ASUS\Downloads\DangQuocThanhTai_final\data\raw\fsdd\recordings\1_george_10.wav,1,george,10,3793,train
1_george_11,1_george_11.wav,C:\Users\ASUS\Downloads\DangQuocThanhTai_final\data\raw\fsdd\recordings\1_george_11.wav,1,george,11,3356,train
1_george_12,1_george_12.wav,C:\Users\ASUS\Downloads\DangQuocThanhTai_final\data\raw\fsdd\recordings\1_george_12.wav,1,george,12,2962,train
1_george_13,1_george_13.wav,C:\Users\ASUS\Downloads\DangQuocThanhTai_final\data\raw\fsdd\recordings\1_george_13.wav,1,george,13,4325,train
1_george_14,1_george_14.wav,C:\Users\ASUS\Downloads\DangQuocThanhTai_final\data\raw\fsdd\recordings\1_george_14.wav,1,george,14,3184,train
1_george_15,1_george_15.wav,C:\Users\ASUS\Downloads\DangQuocThanhTai_final\data\raw\fsdd\recordings\1_george_15.wav,1,george,15,3018,train
1_george_16,1_george_16.wav,C:\Users\ASUS\Downloads\DangQuocThanhTai_final\data\raw\fsdd\recordings\1_george_16.wav,1,george,16,4600,train
1_george_17,1_george_17.wav,C:\Users\ASUS\Downloads\DangQuocThanhTai_final\data\raw\fsdd\recordings\1_george_17.wav,1,george,17,4488,train
1_george_18,1_george_18.wav,C:\Users\ASUS\Downloads\DangQuocThanhTai_final\data\raw\fsdd\recordings\1_george_18.wav,1,george,18,4317,train
1_george_19,1_george_19.wav,C:\Users\ASUS\Downloads\DangQuocThanhTai_final\data\raw\fsdd\recordings\1_george_19.wav,1,george,19,3921,train
1_george_20,1_george_20.wav,C:\Users\ASUS\Downloads\DangQuocThanhTai_final\data\raw\fsdd\recordings\1_george_20.wav,1,george,20,2894,train
1_george_21,1_george_21.wav,C:\Users\ASUS\Downloads\DangQuocThanhTai_final\data\raw\fsdd\recordings\1_george_21.wav,1,george,21,3048,train
1_george_22,1_george_22.wav,C:\Users\ASUS\Downloads\DangQuocThanhTai_final\data\raw\fsdd\recordings\1_george_22.wav,1,george,22,3093,train
1_george_23,1_george_23.wav,C:\Users\ASUS\Downloads\DangQuocThanhTai_final\data\raw\fsdd\recordings\1_george_23.wav,1,george,23,2940,train
1_george_24,1_george_24.wav,C:\Users\ASUS\Downloads\DangQuocThanhTai_final\data\raw\fsdd\recordings\1_george_24.wav,1,george,24,4238,train
1_george_25,1_george_25.wav,C:\Users\ASUS\Downloads\DangQuocThanhTai_final\data\raw\fsdd\recordings\1_george_25.wav,1,george,25,3063,train
1_george_26,1_george_26.wav,C:\Users\ASUS\Downloads\DangQuocThanhTai_final\data\raw\fsdd\recordings\1_george_26.wav,1,george,26,4101,train
1_george_27,1_george_27.wav,C:\Users\ASUS\Downloads\DangQuocThanhTai_final\data\raw\fsdd\recordings\1_george_27.wav,1,george,27,4490,train
1_george_28,1_george_28.wav,C:\Users\ASUS\Downloads\DangQuocThanhTai_final\data\raw\fsdd\recordings\1_george_28.wav,1,george,28,2947,train
1_george_29,1_george_29.wav,C:\Users\ASUS\Downloads\DangQuocThanhTai_final\data\raw\fsdd\recordings\1_george_29.wav,1,george,29,3880,train
1_george_30,1_george_30.wav,C:\Users\ASUS\Downloads\DangQuocThanhTai_final\data\raw\fsdd\recordings\1_george_30.wav,1,george,30,2476,train
1_george_31,1_george_31.wav,C:\Users\ASUS\Downloads\DangQuocThanhTai_final\data\raw\fsdd\recordings\1_george_31.wav,1,george,31,2956,train
1_george_32,1_george_32.wav,C:\Users\ASUS\Downloads\DangQuocThanhTai_final\data\raw\fsdd\recordings\1_george_32.wav,1,george,32,1933,train
1_george_33,1_george_33.wav,C:\Users\ASUS\Downloads\DangQuocThanhTai_final\data\raw\fsdd\recordings\1_george_33.wav,1,george,33,3423,train
1_george_34,1_george_34.wav,C:\Users\ASUS\Downloads\DangQuocThanhTai_final\data\raw\fsdd\recordings\1_george_34.wav,1,george,34,3404,train
1_george_35,1_george_35.wav,C:\Users\ASUS\Downloads\DangQuocThanhTai_final\data\raw\fsdd\recordings\1_george_35.wav,1,george,35,2782,train
1_george_36,1_george_36.wav,C:\Users\ASUS\Downloads\DangQuocThanhTai_final\data\raw\fsdd\recordings\1_george_36.wav,1,george,36,4147,train
1_george_37,1_george_37.wav,C:\Users\ASUS\Downloads\DangQuocThanhTai_final\data\raw\fsdd\recordings\1_george_37.wav,1,george,37,1399,train
1_george_38,1_george_38.wav,C:\Users\ASUS\Downloads\DangQuocThanhTai_final\data\raw\fsdd\recordings\1_george_38.wav,1,george,38,2663,train
1_george_39,1_george_39.wav,C:\Users\ASUS\Downloads\DangQuocThanhTai_final\data\raw\fsdd\recordings\1_george_39.wav,1,george,39,1876,train
1_george_40,1_george_40.wav,C:\Users\ASUS\Downloads\DangQuocThanhTai_final\data\raw\fsdd\recordings\1_george_40.wav,1,george,40,2849,train
1_george_41,1_george_41.wav,C:\Users\ASUS\Downloads\DangQuocThanhTai_final\data\raw\fsdd\recordings\1_george_41.wav,1,george,41,2890,train
1_george_42,1_george_42.wav,C:\Users\ASUS\Downloads\DangQuocThanhTai_final\data\raw\fsdd\recordings\1_george_42.wav,1,george,42,3327,train
1_george_43,1_george_43.wav,C:\Users\ASUS\Downloads\DangQuocThanhTai_final\data\raw\fsdd\recordings\1_george_43.wav,1,george,43,3014,train
1_george_44,1_george_44.wav,C:\Users\ASUS\Downloads\DangQuocThanhTai_final\data\raw\fsdd\recordings\1_george_44.wav,1,george,44,3479,train
1_george_45,1_george_45.wav,C:\Users\ASUS\Downloads\DangQuocThanhTai_final\data\raw\fsdd\recordings\1_george_45.wav,1,george,45,2765,train
1_george_46,1_george_46.wav,C:\Users\ASUS\Downloads\DangQuocThanhTai_final\data\raw\fsdd\recordings\1_george_46.wav,1,george,46,2671,train
1_george_47,1_george_47.wav,C:\Users\ASUS\Downloads\DangQuocThanhTai_final\data\raw\fsdd\recordings\1_george_47.wav,1,george,47,3280,train
1_george_48,1_george_48.wav,C:\Users\ASUS\Downloads\DangQuocThanhTai_final\data\raw\fsdd\recordings\1_george_48.wav,1,george,48,3022,train
1_george_49,1_george_49.wav,C:\Users\ASUS\Downloads\DangQuocThanhTai_final\data\raw\fsdd\recordings\1_george_49.wav,1,george,49,3593,train
1_jackson_0,1_jackson_0.wav,C:\Users\ASUS\Downloads\DangQuocThanhTai_final\data\raw\fsdd\recordings\1_jackson_0.wav,1,jackson,0,4138,test
1_jackson_1,1_jackson_1.wav,C:\Users\ASUS\Downloads\DangQuocThanhTai_final\data\raw\fsdd\recordings\1_jackson_1.wav,1,jackson,1,4242,test
1_jackson_2,1_jackson_2.wav,C:\Users\ASUS\Downloads\DangQuocThanhTai_final\data\raw\fsdd\recordings\1_jackson_2.wav,1,jackson,2,3839,test
1_jackson_3,1_jackson_3.wav,C:\Users\ASUS\Downloads\DangQuocThanhTai_final\data\raw\fsdd\recordings\1_jackson_3.wav,1,jackson,3,3982,test
1_jackson_4,1_jackson_4.wav,C:\Users\ASUS\Downloads\DangQuocThanhTai_final\data\raw\fsdd\recordings\1_jackson_4.wav,1,jackson,4,4213,test
1_jackson_5,1_jackson_5.wav,C:\Users\ASUS\Downloads\DangQuocThanhTai_final\data\raw\fsdd\recordings\1_jackson_5.wav,1,jackson,5,4566,val
1_jackson_6,1_jackson_6.wav,C:\Users\ASUS\Downloads\DangQuocThanhTai_final\data\raw\fsdd\recordings\1_jackson_6.wav,1,jackson,6,4057,val
1_jackson_7,1_jackson_7.wav,C:\Users\ASUS\Downloads\DangQuocThanhTai_final\data\raw\fsdd\recordings\1_jackson_7.wav,1,jackson,7,4479,val
1_jackson_8,1_jackson_8.wav,C:\Users\ASUS\Downloads\DangQuocThanhTai_final\data\raw\fsdd\recordings\1_jackson_8.wav,1,jackson,8,4052,val
1_jackson_9,1_jackson_9.wav,C:\Users\ASUS\Downloads\DangQuocThanhTai_final\data\raw\fsdd\recordings\1_jackson_9.wav,1,jackson,9,4639,val
1_jackson_10,1_jackson_10.wav,C:\Users\ASUS\Downloads\DangQuocThanhTai_final\data\raw\fsdd\recordings\1_jackson_10.wav,1,jackson,10,4731,train
1_jackson_11,1_jackson_11.wav,C:\Users\ASUS\Downloads\DangQuocThanhTai_final\data\raw\fsdd\recordings\1_jackson_11.wav,1,jackson,11,4086,train
1_jackson_12,1_jackson_12.wav,C:\Users\ASUS\Downloads\DangQuocThanhTai_final\data\raw\fsdd\recordings\1_jackson_12.wav,1,jackson,12,3628,train
1_jackson_13,1_jackson_13.wav,C:\Users\ASUS\Downloads\DangQuocThanhTai_final\data\raw\fsdd\recordings\1_jackson_13.wav,1,jackson,13,3750,train
1_jackson_14,1_jackson_14.wav,C:\Users\ASUS\Downloads\DangQuocThanhTai_final\data\raw\fsdd\recordings\1_jackson_14.wav,1,jackson,14,5458,train
1_jackson_15,1_jackson_15.wav,C:\Users\ASUS\Downloads\DangQuocThanhTai_final\data\raw\fsdd\recordings\1_jackson_15.wav,1,jackson,15,3598,train
1_jackson_16,1_jackson_16.wav,C:\Users\ASUS\Downloads\DangQuocThanhTai_final\data\raw\fsdd\recordings\1_jackson_16.wav,1,jackson,16,3929,train
1_jackson_17,1_jackson_17.wav,C:\Users\ASUS\Downloads\DangQuocThanhTai_final\data\raw\fsdd\recordings\1_jackson_17.wav,1,jackson,17,3370,train
1_jackson_18,1_jackson_18.wav,C:\Users\ASUS\Downloads\DangQuocThanhTai_final\data\raw\fsdd\recordings\1_jackson_18.wav,1,jackson,18,3622,train
1_jackson_19,1_jackson_19.wav,C:\Users\ASUS\Downloads\DangQuocThanhTai_final\data\raw\fsdd\recordings\1_jackson_19.wav,1,jackson,19,3870,train
1_jackson_20,1_jackson_20.wav,C:\Users\ASUS\Downloads\DangQuocThanhTai_final\data\raw\fsdd\recordings\1_jackson_20.wav,1,jackson,20,3664,train
1_jackson_21,1_jackson_21.wav,C:\Users\ASUS\Downloads\DangQuocThanhTai_final\data\raw\fsdd\recordings\1_jackson_21.wav,1,jackson,21,3896,train
1_jackson_22,1_jackson_22.wav,C:\Users\ASUS\Downloads\DangQuocThanhTai_final\data\raw\fsdd\recordings\1_jackson_22.wav,1,jackson,22,3550,train
1_jackson_23,1_jackson_23.wav,C:\Users\ASUS\Downloads\DangQuocThanhTai_final\data\raw\fsdd\recordings\1_jackson_23.wav,1,jackson,23,3743,train
1_jackson_24,1_jackson_24.wav,C:\Users\ASUS\Downloads\DangQuocThanhTai_final\data\raw\fsdd\recordings\1_jackson_24.wav,1,jackson,24,3849,train
1_jackson_25,1_jackson_25.wav,C:\Users\ASUS\Downloads\DangQuocThanhTai_final\data\raw\fsdd\recordings\1_jackson_25.wav,1,jackson,25,4364,train
1_jackson_26,1_jackson_26.wav,C:\Users\ASUS\Downloads\DangQuocThanhTai_final\data\raw\fsdd\recordings\1_jackson_26.wav,1,jackson,26,4260,train
1_jackson_27,1_jackson_27.wav,C:\Users\ASUS\Downloads\DangQuocThanhTai_final\data\raw\fsdd\recordings\1_jackson_27.wav,1,jackson,27,3843,train
1_jackson_28,1_jackson_28.wav,C:\Users\ASUS\Downloads\DangQuocThanhTai_final\data\raw\fsdd\recordings\1_jackson_28.wav,1,jackson,28,3739,train
1_jackson_29,1_jackson_29.wav,C:\Users\ASUS\Downloads\DangQuocThanhTai_final\data\raw\fsdd\recordings\1_jackson_29.wav,1,jackson,29,3745,train
1_jackson_30,1_jackson_30.wav,C:\Users\ASUS\Downloads\DangQuocThanhTai_final\data\raw\fsdd\recordings\1_jackson_30.wav,1,jackson,30,3938,train
1_jackson_31,1_jackson_31.wav,C:\Users\ASUS\Downloads\DangQuocThanhTai_final\data\raw\fsdd\recordings\1_jackson_31.wav,1,jackson,31,4243,train
1_jackson_32,1_jackson_32.wav,C:\Users\ASUS\Downloads\DangQuocThanhTai_final\data\raw\fsdd\recordings\1_jackson_32.wav,1,jackson,32,4163,train
1_jackson_33,1_jackson_33.wav,C:\Users\ASUS\Downloads\DangQuocThanhTai_final\data\raw\fsdd\recordings\1_jackson_33.wav,1,jackson,33,4889,train
1_jackson_34,1_jackson_34.wav,C:\Users\ASUS\Downloads\DangQuocThanhTai_final\data\raw\fsdd\recordings\1_jackson_34.wav,1,jackson,34,4066,train
1_jackson_35,1_jackson_35.wav,C:\Users\ASUS\Downloads\DangQuocThanhTai_final\data\raw\fsdd\recordings\1_jackson_35.wav,1,jackson,35,3982,train
1_jackson_36,1_jackson_36.wav,C:\Users\ASUS\Downloads\DangQuocThanhTai_final\data\raw\fsdd\recordings\1_jackson_36.wav,1,jackson,36,3548,train
1_jackson_37,1_jackson_37.wav,C:\Users\ASUS\Downloads\DangQuocThanhTai_final\data\raw\fsdd\recordings\1_jackson_37.wav,1,jackson,37,3512,train
1_jackson_38,1_jackson_38.wav,C:\Users\ASUS\Downloads\DangQuocThanhTai_final\data\raw\fsdd\recordings\1_jackson_38.wav,1,jackson,38,3981,train
1_jackson_39,1_jackson_39.wav,C:\Users\ASUS\Downloads\DangQuocThanhTai_final\data\raw\fsdd\recordings\1_jackson_39.wav,1,jackson,39,4513,train
1_jackson_40,1_jackson_40.wav,C:\Users\ASUS\Downloads\DangQuocThanhTai_final\data\raw\fsdd\recordings\1_jackson_40.wav,1,jackson,40,4863,train
1_jackson_41,1_jackson_41.wav,C:\Users\ASUS\Downloads\DangQuocThanhTai_final\data\raw\fsdd\recordings\1_jackson_41.wav,1,jackson,41,4982,train
1_jackson_42,1_jackson_42.wav,C:\Users\ASUS\Downloads\DangQuocThanhTai_final\data\raw\fsdd\recordings\1_jackson_42.wav,1,jackson,42,5002,train
1_jackson_43,1_jackson_43.wav,C:\Users\ASUS\Downloads\DangQuocThanhTai_final\data\raw\fsdd\recordings\1_jackson_43.wav,1,jackson,43,4606,train
1_jackson_44,1_jackson_44.wav,C:\Users\ASUS\Downloads\DangQuocThanhTai_final\data\raw\fsdd\recordings\1_jackson_44.wav,1,jackson,44,4652,train
1_jackson_45,1_jackson_45.wav,C:\Users\ASUS\Downloads\DangQuocThanhTai_final\data\raw\fsdd\recordings\1_jackson_45.wav,1,jackson,45,4809,train
1_jackson_46,1_jackson_46.wav,C:\Users\ASUS\Downloads\DangQuocThanhTai_final\data\raw\fsdd\recordings\1_jackson_46.wav,1,jackson,46,4266,train
1_jackson_47,1_jackson_47.wav,C:\Users\ASUS\Downloads\DangQuocThanhTai_final\data\raw\fsdd\recordings\1_jackson_47.wav,1,jackson,47,4494,train
1_jackson_48,1_jackson_48.wav,C:\Users\ASUS\Downloads\DangQuocThanhTai_final\data\raw\fsdd\recordings\1_jackson_48.wav,1,jackson,48,4689,train
1_jackson_49,1_jackson_49.wav,C:\Users\ASUS\Downloads\DangQuocThanhTai_final\data\raw\fsdd\recordings\1_jackson_49.wav,1,jackson,49,3988,train
1_lucas_0,1_lucas_0.wav,C:\Users\ASUS\Downloads\DangQuocThanhTai_final\data\raw\fsdd\recordings\1_lucas_0.wav,1,lucas,0,3022,test
1_lucas_1,1_lucas_1.wav,C:\Users\ASUS\Downloads\DangQuocThanhTai_final\data\raw\fsdd\recordings\1_lucas_1.wav,1,lucas,1,3200,test
1_lucas_2,1_lucas_2.wav,C:\Users\ASUS\Downloads\DangQuocThanhTai_final\data\raw\fsdd\recordings\1_lucas_2.wav,1,lucas,2,3262,test
1_lucas_3,1_lucas_3.wav,C:\Users\ASUS\Downloads\DangQuocThanhTai_final\data\raw\fsdd\recordings\1_lucas_3.wav,1,lucas,3,6406,test
1_lucas_4,1_lucas_4.wav,C:\Users\ASUS\Downloads\DangQuocThanhTai_final\data\raw\fsdd\recordings\1_lucas_4.wav,1,lucas,4,3079,test
1_lucas_5,1_lucas_5.wav,C:\Users\ASUS\Downloads\DangQuocThanhTai_final\data\raw\fsdd\recordings\1_lucas_5.wav,1,lucas,5,2696,val
1_lucas_6,1_lucas_6.wav,C:\Users\ASUS\Downloads\DangQuocThanhTai_final\data\raw\fsdd\recordings\1_lucas_6.wav,1,lucas,6,3465,val
1_lucas_7,1_lucas_7.wav,C:\Users\ASUS\Downloads\DangQuocThanhTai_final\data\raw\fsdd\recordings\1_lucas_7.wav,1,lucas,7,3749,val
1_lucas_8,1_lucas_8.wav,C:\Users\ASUS\Downloads\DangQuocThanhTai_final\data\raw\fsdd\recordings\1_lucas_8.wav,1,lucas,8,3866,val
1_lucas_9,1_lucas_9.wav,C:\Users\ASUS\Downloads\DangQuocThanhTai_final\data\raw\fsdd\recordings\1_lucas_9.wav,1,lucas,9,3767,val
1_lucas_10,1_lucas_10.wav,C:\Users\ASUS\Downloads\DangQuocThanhTai_final\data\raw\fsdd\recordings\1_lucas_10.wav,1,lucas,10,3051,train
1_lucas_11,1_lucas_11.wav,C:\Users\ASUS\Downloads\DangQuocThanhTai_final\data\raw\fsdd\recordings\1_lucas_11.wav,1,lucas,11,3573,train
1_lucas_12,1_lucas_12.wav,C:\Users\ASUS\Downloads\DangQuocThanhTai_final\data\raw\fsdd\recordings\1_lucas_12.wav,1,lucas,12,3791,train
1_lucas_13,1_lucas_13.wav,C:\Users\ASUS\Downloads\DangQuocThanhTai_final\data\raw\fsdd\recordings\1_lucas_13.wav,1,lucas,13,7532,train
1_lucas_14,1_lucas_14.wav,C:\Users\ASUS\Downloads\DangQuocThanhTai_final\data\raw\fsdd\recordings\1_lucas_14.wav,1,lucas,14,3590,train
1_lucas_15,1_lucas_15.wav,C:\Users\ASUS\Downloads\DangQuocThanhTai_final\data\raw\fsdd\recordings\1_lucas_15.wav,1,lucas,15,3244,train
1_lucas_16,1_lucas_16.wav,C:\Users\ASUS\Downloads\DangQuocThanhTai_final\data\raw\fsdd\recordings\1_lucas_16.wav,1,lucas,16,7140,train
1_lucas_17,1_lucas_17.wav,C:\Users\ASUS\Downloads\DangQuocThanhTai_final\data\raw\fsdd\recordings\1_lucas_17.wav,1,lucas,17,3498,train
1_lucas_18,1_lucas_18.wav,C:\Users\ASUS\Downloads\DangQuocThanhTai_final\data\raw\fsdd\recordings\1_lucas_18.wav,1,lucas,18,6184,train
1_lucas_19,1_lucas_19.wav,C:\Users\ASUS\Downloads\DangQuocThanhTai_final\data\raw\fsdd\recordings\1_lucas_19.wav,1,lucas,19,4005,train
1_lucas_20,1_lucas_20.wav,C:\Users\ASUS\Downloads\DangQuocThanhTai_final\data\raw\fsdd\recordings\1_lucas_20.wav,1,lucas,20,2990,train
1_lucas_21,1_lucas_21.wav,C:\Users\ASUS\Downloads\DangQuocThanhTai_final\data\raw\fsdd\recordings\1_lucas_21.wav,1,lucas,21,5457,train
1_lucas_22,1_lucas_22.wav,C:\Users\ASUS\Downloads\DangQuocThanhTai_final\data\raw\fsdd\recordings\1_lucas_22.wav,1,lucas,22,3581,train
1_lucas_23,1_lucas_23.wav,C:\Users\ASUS\Downloads\DangQuocThanhTai_final\data\raw\fsdd\recordings\1_lucas_23.wav,1,lucas,23,3453,train
1_lucas_24,1_lucas_24.wav,C:\Users\ASUS\Downloads\DangQuocThanhTai_final\data\raw\fsdd\recordings\1_lucas_24.wav,1,lucas,24,4921,train
1_lucas_25,1_lucas_25.wav,C:\Users\ASUS\Downloads\DangQuocThanhTai_final\data\raw\fsdd\recordings\1_lucas_25.wav,1,lucas,25,3270,train
1_lucas_26,1_lucas_26.wav,C:\Users\ASUS\Downloads\DangQuocThanhTai_final\data\raw\fsdd\recordings\1_lucas_26.wav,1,lucas,26,3365,train
1_lucas_27,1_lucas_27.wav,C:\Users\ASUS\Downloads\DangQuocThanhTai_final\data\raw\fsdd\recordings\1_lucas_27.wav,1,lucas,27,1983,train
1_lucas_28,1_lucas_28.wav,C:\Users\ASUS\Downloads\DangQuocThanhTai_final\data\raw\fsdd\recordings\1_lucas_28.wav,1,lucas,28,2704,train
1_lucas_29,1_lucas_29.wav,C:\Users\ASUS\Downloads\DangQuocThanhTai_final\data\raw\fsdd\recordings\1_lucas_29.wav,1,lucas,29,3522,train
1_lucas_30,1_lucas_30.wav,C:\Users\ASUS\Downloads\DangQuocThanhTai_final\data\raw\fsdd\recordings\1_lucas_30.wav,1,lucas,30,4147,train
1_lucas_31,1_lucas_31.wav,C:\Users\ASUS\Downloads\DangQuocThanhTai_final\data\raw\fsdd\recordings\1_lucas_31.wav,1,lucas,31,3772,train
1_lucas_32,1_lucas_32.wav,C:\Users\ASUS\Downloads\DangQuocThanhTai_final\data\raw\fsdd\recordings\1_lucas_32.wav,1,lucas,32,5419,train
1_lucas_33,1_lucas_33.wav,C:\Users\ASUS\Downloads\DangQuocThanhTai_final\data\raw\fsdd\recordings\1_lucas_33.wav,1,lucas,33,8036,train
1_lucas_34,1_lucas_34.wav,C:\Users\ASUS\Downloads\DangQuocThanhTai_final\data\raw\fsdd\recordings\1_lucas_34.wav,1,lucas,34,3615,train
1_lucas_35,1_lucas_35.wav,C:\Users\ASUS\Downloads\DangQuocThanhTai_final\data\raw\fsdd\recordings\1_lucas_35.wav,1,lucas,35,3498,train
1_lucas_36,1_lucas_36.wav,C:\Users\ASUS\Downloads\DangQuocThanhTai_final\data\raw\fsdd\recordings\1_lucas_36.wav,1,lucas,36,5918,train
1_lucas_37,1_lucas_37.wav,C:\Users\ASUS\Downloads\DangQuocThanhTai_final\data\raw\fsdd\recordings\1_lucas_37.wav,1,lucas,37,3374,train
1_lucas_38,1_lucas_38.wav,C:\Users\ASUS\Downloads\DangQuocThanhTai_final\data\raw\fsdd\recordings\1_lucas_38.wav,1,lucas,38,3687,train
1_lucas_39,1_lucas_39.wav,C:\Users\ASUS\Downloads\DangQuocThanhTai_final\data\raw\fsdd\recordings\1_lucas_39.wav,1,lucas,39,3409,train
1_lucas_40,1_lucas_40.wav,C:\Users\ASUS\Downloads\DangQuocThanhTai_final\data\raw\fsdd\recordings\1_lucas_40.wav,1,lucas,40,5246,train
1_lucas_41,1_lucas_41.wav,C:\Users\ASUS\Downloads\DangQuocThanhTai_final\data\raw\fsdd\recordings\1_lucas_41.wav,1,lucas,41,5976,train
1_lucas_42,1_lucas_42.wav,C:\Users\ASUS\Downloads\DangQuocThanhTai_final\data\raw\fsdd\recordings\1_lucas_42.wav,1,lucas,42,4258,train
1_lucas_43,1_lucas_43.wav,C:\Users\ASUS\Downloads\DangQuocThanhTai_final\data\raw\fsdd\recordings\1_lucas_43.wav,1,lucas,43,5693,train
1_lucas_44,1_lucas_44.wav,C:\Users\ASUS\Downloads\DangQuocThanhTai_final\data\raw\fsdd\recordings\1_lucas_44.wav,1,lucas,44,4114,train
1_lucas_45,1_lucas_45.wav,C:\Users\ASUS\Downloads\DangQuocThanhTai_final\data\raw\fsdd\recordings\1_lucas_45.wav,1,lucas,45,3285,train
1_lucas_46,1_lucas_46.wav,C:\Users\ASUS\Downloads\DangQuocThanhTai_final\data\raw\fsdd\recordings\1_lucas_46.wav,1,lucas,46,2976,train
1_lucas_47,1_lucas_47.wav,C:\Users\ASUS\Downloads\DangQuocThanhTai_final\data\raw\fsdd\recordings\1_lucas_47.wav,1,lucas,47,3599,train
1_lucas_48,1_lucas_48.wav,C:\Users\ASUS\Downloads\DangQuocThanhTai_final\data\raw\fsdd\recordings\1_lucas_48.wav,1,lucas,48,2080,train
1_lucas_49,1_lucas_49.wav,C:\Users\ASUS\Downloads\DangQuocThanhTai_final\data\raw\fsdd\recordings\1_lucas_49.wav,1,lucas,49,3233,train
1_nicolas_0,1_nicolas_0.wav,C:\Users\ASUS\Downloads\DangQuocThanhTai_final\data\raw\fsdd\recordings\1_nicolas_0.wav,1,nicolas,0,2929,test
1_nicolas_1,1_nicolas_1.wav,C:\Users\ASUS\Downloads\DangQuocThanhTai_final\data\raw\fsdd\recordings\1_nicolas_1.wav,1,nicolas,1,2324,test
1_nicolas_2,1_nicolas_2.wav,C:\Users\ASUS\Downloads\DangQuocThanhTai_final\data\raw\fsdd\recordings\1_nicolas_2.wav,1,nicolas,2,2087,test
1_nicolas_3,1_nicolas_3.wav,C:\Users\ASUS\Downloads\DangQuocThanhTai_final\data\raw\fsdd\recordings\1_nicolas_3.wav,1,nicolas,3,2324,test
1_nicolas_4,1_nicolas_4.wav,C:\Users\ASUS\Downloads\DangQuocThanhTai_final\data\raw\fsdd\recordings\1_nicolas_4.wav,1,nicolas,4,2357,test
1_nicolas_5,1_nicolas_5.wav,C:\Users\ASUS\Downloads\DangQuocThanhTai_final\data\raw\fsdd\recordings\1_nicolas_5.wav,1,nicolas,5,2626,val
1_nicolas_6,1_nicolas_6.wav,C:\Users\ASUS\Downloads\DangQuocThanhTai_final\data\raw\fsdd\recordings\1_nicolas_6.wav,1,nicolas,6,2324,val
1_nicolas_7,1_nicolas_7.wav,C:\Users\ASUS\Downloads\DangQuocThanhTai_final\data\raw\fsdd\recordings\1_nicolas_7.wav,1,nicolas,7,2390,val
1_nicolas_8,1_nicolas_8.wav,C:\Users\ASUS\Downloads\DangQuocThanhTai_final\data\raw\fsdd\recordings\1_nicolas_8.wav,1,nicolas,8,1987,val
1_nicolas_9,1_nicolas_9.wav,C:\Users\ASUS\Downloads\DangQuocThanhTai_final\data\raw\fsdd\recordings\1_nicolas_9.wav,1,nicolas,9,2458,val
1_nicolas_10,1_nicolas_10.wav,C:\Users\ASUS\Downloads\DangQuocThanhTai_final\data\raw\fsdd\recordings\1_nicolas_10.wav,1,nicolas,10,2910,train
1_nicolas_11,1_nicolas_11.wav,C:\Users\ASUS\Downloads\DangQuocThanhTai_final\data\raw\fsdd\recordings\1_nicolas_11.wav,1,nicolas,11,2980,train
1_nicolas_12,1_nicolas_12.wav,C:\Users\ASUS\Downloads\DangQuocThanhTai_final\data\raw\fsdd\recordings\1_nicolas_12.wav,1,nicolas,12,2700,train
1_nicolas_13,1_nicolas_13.wav,C:\Users\ASUS\Downloads\DangQuocThanhTai_final\data\raw\fsdd\recordings\1_nicolas_13.wav,1,nicolas,13,2279,train
1_nicolas_14,1_nicolas_14.wav,C:\Users\ASUS\Downloads\DangQuocThanhTai_final\data\raw\fsdd\recordings\1_nicolas_14.wav,1,nicolas,14,2560,train
1_nicolas_15,1_nicolas_15.wav,C:\Users\ASUS\Downloads\DangQuocThanhTai_final\data\raw\fsdd\recordings\1_nicolas_15.wav,1,nicolas,15,2349,train
1_nicolas_16,1_nicolas_16.wav,C:\Users\ASUS\Downloads\DangQuocThanhTai_final\data\raw\fsdd\recordings\1_nicolas_16.wav,1,nicolas,16,2384,train
1_nicolas_17,1_nicolas_17.wav,C:\Users\ASUS\Downloads\DangQuocThanhTai_final\data\raw\fsdd\recordings\1_nicolas_17.wav,1,nicolas,17,2033,train
1_nicolas_18,1_nicolas_18.wav,C:\Users\ASUS\Downloads\DangQuocThanhTai_final\data\raw\fsdd\recordings\1_nicolas_18.wav,1,nicolas,18,2490,train
1_nicolas_19,1_nicolas_19.wav,C:\Users\ASUS\Downloads\DangQuocThanhTai_final\data\raw\fsdd\recordings\1_nicolas_19.wav,1,nicolas,19,1963,train
1_nicolas_20,1_nicolas_20.wav,C:\Users\ASUS\Downloads\DangQuocThanhTai_final\data\raw\fsdd\recordings\1_nicolas_20.wav,1,nicolas,20,2448,train
1_nicolas_21,1_nicolas_21.wav,C:\Users\ASUS\Downloads\DangQuocThanhTai_final\data\raw\fsdd\recordings\1_nicolas_21.wav,1,nicolas,21,2483,train
1_nicolas_22,1_nicolas_22.wav,C:\Users\ASUS\Downloads\DangQuocThanhTai_final\data\raw\fsdd\recordings\1_nicolas_22.wav,1,nicolas,22,2788,train
1_nicolas_23,1_nicolas_23.wav,C:\Users\ASUS\Downloads\DangQuocThanhTai_final\data\raw\fsdd\recordings\1_nicolas_23.wav,1,nicolas,23,2550,train
1_nicolas_24,1_nicolas_24.wav,C:\Users\ASUS\Downloads\DangQuocThanhTai_final\data\raw\fsdd\recordings\1_nicolas_24.wav,1,nicolas,24,2415,train
1_nicolas_25,1_nicolas_25.wav,C:\Users\ASUS\Downloads\DangQuocThanhTai_final\data\raw\fsdd\recordings\1_nicolas_25.wav,1,nicolas,25,2652,train
1_nicolas_26,1_nicolas_26.wav,C:\Users\ASUS\Downloads\DangQuocThanhTai_final\data\raw\fsdd\recordings\1_nicolas_26.wav,1,nicolas,26,2584,train
1_nicolas_27,1_nicolas_27.wav,C:\Users\ASUS\Downloads\DangQuocThanhTai_final\data\raw\fsdd\recordings\1_nicolas_27.wav,1,nicolas,27,2007,train
1_nicolas_28,1_nicolas_28.wav,C:\Users\ASUS\Downloads\DangQuocThanhTai_final\data\raw\fsdd\recordings\1_nicolas_28.wav,1,nicolas,28,2584,train
1_nicolas_29,1_nicolas_29.wav,C:\Users\ASUS\Downloads\DangQuocThanhTai_final\data\raw\fsdd\recordings\1_nicolas_29.wav,1,nicolas,29,2550,train
1_nicolas_30,1_nicolas_30.wav,C:\Users\ASUS\Downloads\DangQuocThanhTai_final\data\raw\fsdd\recordings\1_nicolas_30.wav,1,nicolas,30,2454,train
1_nicolas_31,1_nicolas_31.wav,C:\Users\ASUS\Downloads\DangQuocThanhTai_final\data\raw\fsdd\recordings\1_nicolas_31.wav,1,nicolas,31,2454,train
1_nicolas_32,1_nicolas_32.wav,C:\Users\ASUS\Downloads\DangQuocThanhTai_final\data\raw\fsdd\recordings\1_nicolas_32.wav,1,nicolas,32,2584,train
1_nicolas_33,1_nicolas_33.wav,C:\Users\ASUS\Downloads\DangQuocThanhTai_final\data\raw\fsdd\recordings\1_nicolas_33.wav,1,nicolas,33,3164,train
1_nicolas_34,1_nicolas_34.wav,C:\Users\ASUS\Downloads\DangQuocThanhTai_final\data\raw\fsdd\recordings\1_nicolas_34.wav,1,nicolas,34,2261,train
1_nicolas_35,1_nicolas_35.wav,C:\Users\ASUS\Downloads\DangQuocThanhTai_final\data\raw\fsdd\recordings\1_nicolas_35.wav,1,nicolas,35,2325,train
1_nicolas_36,1_nicolas_36.wav,C:\Users\ASUS\Downloads\DangQuocThanhTai_final\data\raw\fsdd\recordings\1_nicolas_36.wav,1,nicolas,36,2744,train
1_nicolas_37,1_nicolas_37.wav,C:\Users\ASUS\Downloads\DangQuocThanhTai_final\data\raw\fsdd\recordings\1_nicolas_37.wav,1,nicolas,37,2648,train
1_nicolas_38,1_nicolas_38.wav,C:\Users\ASUS\Downloads\DangQuocThanhTai_final\data\raw\fsdd\recordings\1_nicolas_38.wav,1,nicolas,38,2454,train
1_nicolas_39,1_nicolas_39.wav,C:\Users\ASUS\Downloads\DangQuocThanhTai_final\data\raw\fsdd\recordings\1_nicolas_39.wav,1,nicolas,39,2745,train
1_nicolas_40,1_nicolas_40.wav,C:\Users\ASUS\Downloads\DangQuocThanhTai_final\data\raw\fsdd\recordings\1_nicolas_40.wav,1,nicolas,40,2916,train
1_nicolas_41,1_nicolas_41.wav,C:\Users\ASUS\Downloads\DangQuocThanhTai_final\data\raw\fsdd\recordings\1_nicolas_41.wav,1,nicolas,41,2495,train
1_nicolas_42,1_nicolas_42.wav,C:\Users\ASUS\Downloads\DangQuocThanhTai_final\data\raw\fsdd\recordings\1_nicolas_42.wav,1,nicolas,42,2300,train
1_nicolas_43,1_nicolas_43.wav,C:\Users\ASUS\Downloads\DangQuocThanhTai_final\data\raw\fsdd\recordings\1_nicolas_43.wav,1,nicolas,43,2528,train
1_nicolas_44,1_nicolas_44.wav,C:\Users\ASUS\Downloads\DangQuocThanhTai_final\data\raw\fsdd\recordings\1_nicolas_44.wav,1,nicolas,44,2624,train
1_nicolas_45,1_nicolas_45.wav,C:\Users\ASUS\Downloads\DangQuocThanhTai_final\data\raw\fsdd\recordings\1_nicolas_45.wav,1,nicolas,45,2430,train
1_nicolas_46,1_nicolas_46.wav,C:\Users\ASUS\Downloads\DangQuocThanhTai_final\data\raw\fsdd\recordings\1_nicolas_46.wav,1,nicolas,46,2398,train
1_nicolas_47,1_nicolas_47.wav,C:\Users\ASUS\Downloads\DangQuocThanhTai_final\data\raw\fsdd\recordings\1_nicolas_47.wav,1,nicolas,47,1976,train
1_nicolas_48,1_nicolas_48.wav,C:\Users\ASUS\Downloads\DangQuocThanhTai_final\data\raw\fsdd\recordings\1_nicolas_48.wav,1,nicolas,48,2981,train
1_nicolas_49,1_nicolas_49.wav,C:\Users\ASUS\Downloads\DangQuocThanhTai_final\data\raw\fsdd\recordings\1_nicolas_49.wav,1,nicolas,49,2106,train
1_theo_0,1_theo_0.wav,C:\Users\ASUS\Downloads\DangQuocThanhTai_final\data\raw\fsdd\recordings\1_theo_0.wav,1,theo,0,1886,test
1_theo_1,1_theo_1.wav,C:\Users\ASUS\Downloads\DangQuocThanhTai_final\data\raw\fsdd\recordings\1_theo_1.wav,1,theo,1,1842,test
1_theo_2,1_theo_2.wav,C:\Users\ASUS\Downloads\DangQuocThanhTai_final\data\raw\fsdd\recordings\1_theo_2.wav,1,theo,2,1556,test
1_theo_3,1_theo_3.wav,C:\Users\ASUS\Downloads\DangQuocThanhTai_final\data\raw\fsdd\recordings\1_theo_3.wav,1,theo,3,1997,test
1_theo_4,1_theo_4.wav,C:\Users\ASUS\Downloads\DangQuocThanhTai_final\data\raw\fsdd\recordings\1_theo_4.wav,1,theo,4,1720,test
1_theo_5,1_theo_5.wav,C:\Users\ASUS\Downloads\DangQuocThanhTai_final\data\raw\fsdd\recordings\1_theo_5.wav,1,theo,5,1737,val
1_theo_6,1_theo_6.wav,C:\Users\ASUS\Downloads\DangQuocThanhTai_final\data\raw\fsdd\recordings\1_theo_6.wav,1,theo,6,1760,val
1_theo_7,1_theo_7.wav,C:\Users\ASUS\Downloads\DangQuocThanhTai_final\data\raw\fsdd\recordings\1_theo_7.wav,1,theo,7,2458,val
1_theo_8,1_theo_8.wav,C:\Users\ASUS\Downloads\DangQuocThanhTai_final\data\raw\fsdd\recordings\1_theo_8.wav,1,theo,8,2057,val
1_theo_9,1_theo_9.wav,C:\Users\ASUS\Downloads\DangQuocThanhTai_final\data\raw\fsdd\recordings\1_theo_9.wav,1,theo,9,1890,val
1_theo_10,1_theo_10.wav,C:\Users\ASUS\Downloads\DangQuocThanhTai_final\data\raw\fsdd\recordings\1_theo_10.wav,1,theo,10,2155,train
1_theo_11,1_theo_11.wav,C:\Users\ASUS\Downloads\DangQuocThanhTai_final\data\raw\fsdd\recordings\1_theo_11.wav,1,theo,11,1753,train
1_theo_12,1_theo_12.wav,C:\Users\ASUS\Downloads\DangQuocThanhTai_final\data\raw\fsdd\recordings\1_theo_12.wav,1,theo,12,1870,train
1_theo_13,1_theo_13.wav,C:\Users\ASUS\Downloads\DangQuocThanhTai_final\data\raw\fsdd\recordings\1_theo_13.wav,1,theo,13,2906,train
1_theo_14,1_theo_14.wav,C:\Users\ASUS\Downloads\DangQuocThanhTai_final\data\raw\fsdd\recordings\1_theo_14.wav,1,theo,14,1976,train
1_theo_15,1_theo_15.wav,C:\Users\ASUS\Downloads\DangQuocThanhTai_final\data\raw\fsdd\recordings\1_theo_15.wav,1,theo,15,1813,train
1_theo_16,1_theo_16.wav,C:\Users\ASUS\Downloads\DangQuocThanhTai_final\data\raw\fsdd\recordings\1_theo_16.wav,1,theo,16,1891,train
1_theo_17,1_theo_17.wav,C:\Users\ASUS\Downloads\DangQuocThanhTai_final\data\raw\fsdd\recordings\1_theo_17.wav,1,theo,17,2102,train
1_theo_18,1_theo_18.wav,C:\Users\ASUS\Downloads\DangQuocThanhTai_final\data\raw\fsdd\recordings\1_theo_18.wav,1,theo,18,1788,train
1_theo_19,1_theo_19.wav,C:\Users\ASUS\Downloads\DangQuocThanhTai_final\data\raw\fsdd\recordings\1_theo_19.wav,1,theo,19,2784,train
1_theo_20,1_theo_20.wav,C:\Users\ASUS\Downloads\DangQuocThanhTai_final\data\raw\fsdd\recordings\1_theo_20.wav,1,theo,20,2985,train
1_theo_21,1_theo_21.wav,C:\Users\ASUS\Downloads\DangQuocThanhTai_final\data\raw\fsdd\recordings\1_theo_21.wav,1,theo,21,3981,train
1_theo_22,1_theo_22.wav,C:\Users\ASUS\Downloads\DangQuocThanhTai_final\data\raw\fsdd\recordings\1_theo_22.wav,1,theo,22,4607,train
1_theo_23,1_theo_23.wav,C:\Users\ASUS\Downloads\DangQuocThanhTai_final\data\raw\fsdd\recordings\1_theo_23.wav,1,theo,23,3634,train
1_theo_24,1_theo_24.wav,C:\Users\ASUS\Downloads\DangQuocThanhTai_final\data\raw\fsdd\recordings\1_theo_24.wav,1,theo,24,2153,train
1_theo_25,1_theo_25.wav,C:\Users\ASUS\Downloads\DangQuocThanhTai_final\data\raw\fsdd\recordings\1_theo_25.wav,1,theo,25,2086,train
1_theo_26,1_theo_26.wav,C:\Users\ASUS\Downloads\DangQuocThanhTai_final\data\raw\fsdd\recordings\1_theo_26.wav,1,theo,26,2149,train
1_theo_27,1_theo_27.wav,C:\Users\ASUS\Downloads\DangQuocThanhTai_final\data\raw\fsdd\recordings\1_theo_27.wav,1,theo,27,3829,train
1_theo_28,1_theo_28.wav,C:\Users\ASUS\Downloads\DangQuocThanhTai_final\data\raw\fsdd\recordings\1_theo_28.wav,1,theo,28,4563,train
1_theo_29,1_theo_29.wav,C:\Users\ASUS\Downloads\DangQuocThanhTai_final\data\raw\fsdd\recordings\1_theo_29.wav,1,theo,29,3585,train
1_theo_30,1_theo_30.wav,C:\Users\ASUS\Downloads\DangQuocThanhTai_final\data\raw\fsdd\recordings\1_theo_30.wav,1,theo,30,3506,train
1_theo_31,1_theo_31.wav,C:\Users\ASUS\Downloads\DangQuocThanhTai_final\data\raw\fsdd\recordings\1_theo_31.wav,1,theo,31,6112,train
1_theo_32,1_theo_32.wav,C:\Users\ASUS\Downloads\DangQuocThanhTai_final\data\raw\fsdd\recordings\1_theo_32.wav,1,theo,32,3906,train
1_theo_33,1_theo_33.wav,C:\Users\ASUS\Downloads\DangQuocThanhTai_final\data\raw\fsdd\recordings\1_theo_33.wav,1,theo,33,3585,train
1_theo_34,1_theo_34.wav,C:\Users\ASUS\Downloads\DangQuocThanhTai_final\data\raw\fsdd\recordings\1_theo_34.wav,1,theo,34,2204,train
1_theo_35,1_theo_35.wav,C:\Users\ASUS\Downloads\DangQuocThanhTai_final\data\raw\fsdd\recordings\1_theo_35.wav,1,theo,35,3066,train
1_theo_36,1_theo_36.wav,C:\Users\ASUS\Downloads\DangQuocThanhTai_final\data\raw\fsdd\recordings\1_theo_36.wav,1,theo,36,2244,train
1_theo_37,1_theo_37.wav,C:\Users\ASUS\Downloads\DangQuocThanhTai_final\data\raw\fsdd\recordings\1_theo_37.wav,1,theo,37,2461,train
1_theo_38,1_theo_38.wav,C:\Users\ASUS\Downloads\DangQuocThanhTai_final\data\raw\fsdd\recordings\1_theo_38.wav,1,theo,38,2153,train
1_theo_39,1_theo_39.wav,C:\Users\ASUS\Downloads\DangQuocThanhTai_final\data\raw\fsdd\recordings\1_theo_39.wav,1,theo,39,2422,train
1_theo_40,1_theo_40.wav,C:\Users\ASUS\Downloads\DangQuocThanhTai_final\data\raw\fsdd\recordings\1_theo_40.wav,1,theo,40,2054,train
1_theo_41,1_theo_41.wav,C:\Users\ASUS\Downloads\DangQuocThanhTai_final\data\raw\fsdd\recordings\1_theo_41.wav,1,theo,41,1692,train
1_theo_42,1_theo_42.wav,C:\Users\ASUS\Downloads\DangQuocThanhTai_final\data\raw\fsdd\recordings\1_theo_42.wav,1,theo,42,3416,train
1_theo_43,1_theo_43.wav,C:\Users\ASUS\Downloads\DangQuocThanhTai_final\data\raw\fsdd\recordings\1_theo_43.wav,1,theo,43,3236,train
1_theo_44,1_theo_44.wav,C:\Users\ASUS\Downloads\DangQuocThanhTai_final\data\raw\fsdd\recordings\1_theo_44.wav,1,theo,44,2246,train
1_theo_45,1_theo_45.wav,C:\Users\ASUS\Downloads\DangQuocThanhTai_final\data\raw\fsdd\recordings\1_theo_45.wav,1,theo,45,1565,train
1_theo_46,1_theo_46.wav,C:\Users\ASUS\Downloads\DangQuocThanhTai_final\data\raw\fsdd\recordings\1_theo_46.wav,1,theo,46,2238,train
1_theo_47,1_theo_47.wav,C:\Users\ASUS\Downloads\DangQuocThanhTai_final\data\raw\fsdd\recordings\1_theo_47.wav,1,theo,47,2226,train
1_theo_48,1_theo_48.wav,C:\Users\ASUS\Downloads\DangQuocThanhTai_final\data\raw\fsdd\recordings\1_theo_48.wav,1,theo,48,3007,train
1_theo_49,1_theo_49.wav,C:\Users\ASUS\Downloads\DangQuocThanhTai_final\data\raw\fsdd\recordings\1_theo_49.wav,1,theo,49,2456,train
1_yweweler_0,1_yweweler_0.wav,C:\Users\ASUS\Downloads\DangQuocThanhTai_final\data\raw\fsdd\recordings\1_yweweler_0.wav,1,yweweler,0,3355,test
1_yweweler_1,1_yweweler_1.wav,C:\Users\ASUS\Downloads\DangQuocThanhTai_final\data\raw\fsdd\recordings\1_yweweler_1.wav,1,yweweler,1,1785,test
1_yweweler_2,1_yweweler_2.wav,C:\Users\ASUS\Downloads\DangQuocThanhTai_final\data\raw\fsdd\recordings\1_yweweler_2.wav,1,yweweler,2,2681,test
1_yweweler_3,1_yweweler_3.wav,C:\Users\ASUS\Downloads\DangQuocThanhTai_final\data\raw\fsdd\recordings\1_yweweler_3.wav,1,yweweler,3,2481,test
1_yweweler_4,1_yweweler_4.wav,C:\Users\ASUS\Downloads\DangQuocThanhTai_final\data\raw\fsdd\recordings\1_yweweler_4.wav,1,yweweler,4,2407,test
1_yweweler_5,1_yweweler_5.wav,C:\Users\ASUS\Downloads\DangQuocThanhTai_final\data\raw\fsdd\recordings\1_yweweler_5.wav,1,yweweler,5,2623,val
1_yweweler_6,1_yweweler_6.wav,C:\Users\ASUS\Downloads\DangQuocThanhTai_final\data\raw\fsdd\recordings\1_yweweler_6.wav,1,yweweler,6,2097,val
1_yweweler_7,1_yweweler_7.wav,C:\Users\ASUS\Downloads\DangQuocThanhTai_final\data\raw\fsdd\recordings\1_yweweler_7.wav,1,yweweler,7,2158,val
1_yweweler_8,1_yweweler_8.wav,C:\Users\ASUS\Downloads\DangQuocThanhTai_final\data\raw\fsdd\recordings\1_yweweler_8.wav,1,yweweler,8,2049,val
1_yweweler_9,1_yweweler_9.wav,C:\Users\ASUS\Downloads\DangQuocThanhTai_final\data\raw\fsdd\recordings\1_yweweler_9.wav,1,yweweler,9,2165,val
1_yweweler_10,1_yweweler_10.wav,C:\Users\ASUS\Downloads\DangQuocThanhTai_final\data\raw\fsdd\recordings\1_yweweler_10.wav,1,yweweler,10,2245,train
1_yweweler_11,1_yweweler_11.wav,C:\Users\ASUS\Downloads\DangQuocThanhTai_final\data\raw\fsdd\recordings\1_yweweler_11.wav,1,yweweler,11,2716,train
1_yweweler_12,1_yweweler_12.wav,C:\Users\ASUS\Downloads\DangQuocThanhTai_final\data\raw\fsdd\recordings\1_yweweler_12.wav,1,yweweler,12,2937,train
1_yweweler_13,1_yweweler_13.wav,C:\Users\ASUS\Downloads\DangQuocThanhTai_final\data\raw\fsdd\recordings\1_yweweler_13.wav,1,yweweler,13,2744,train
1_yweweler_14,1_yweweler_14.wav,C:\Users\ASUS\Downloads\DangQuocThanhTai_final\data\raw\fsdd\recordings\1_yweweler_14.wav,1,yweweler,14,2330,train
1_yweweler_15,1_yweweler_15.wav,C:\Users\ASUS\Downloads\DangQuocThanhTai_final\data\raw\fsdd\recordings\1_yweweler_15.wav,1,yweweler,15,4113,train
1_yweweler_16,1_yweweler_16.wav,C:\Users\ASUS\Downloads\DangQuocThanhTai_final\data\raw\fsdd\recordings\1_yweweler_16.wav,1,yweweler,16,2760,train
1_yweweler_17,1_yweweler_17.wav,C:\Users\ASUS\Downloads\DangQuocThanhTai_final\data\raw\fsdd\recordings\1_yweweler_17.wav,1,yweweler,17,2373,train
1_yweweler_18,1_yweweler_18.wav,C:\Users\ASUS\Downloads\DangQuocThanhTai_final\data\raw\fsdd\recordings\1_yweweler_18.wav,1,yweweler,18,2777,train
1_yweweler_19,1_yweweler_19.wav,C:\Users\ASUS\Downloads\DangQuocThanhTai_final\data\raw\fsdd\recordings\1_yweweler_19.wav,1,yweweler,19,2775,train
1_yweweler_20,1_yweweler_20.wav,C:\Users\ASUS\Downloads\DangQuocThanhTai_final\data\raw\fsdd\recordings\1_yweweler_20.wav,1,yweweler,20,2928,train
1_yweweler_21,1_yweweler_21.wav,C:\Users\ASUS\Downloads\DangQuocThanhTai_final\data\raw\fsdd\recordings\1_yweweler_21.wav,1,yweweler,21,2623,train
1_yweweler_22,1_yweweler_22.wav,C:\Users\ASUS\Downloads\DangQuocThanhTai_final\data\raw\fsdd\recordings\1_yweweler_22.wav,1,yweweler,22,2497,train
1_yweweler_23,1_yweweler_23.wav,C:\Users\ASUS\Downloads\DangQuocThanhTai_final\data\raw\fsdd\recordings\1_yweweler_23.wav,1,yweweler,23,2613,train
1_yweweler_24,1_yweweler_24.wav,C:\Users\ASUS\Downloads\DangQuocThanhTai_final\data\raw\fsdd\recordings\1_yweweler_24.wav,1,yweweler,24,2441,train
1_yweweler_25,1_yweweler_25.wav,C:\Users\ASUS\Downloads\DangQuocThanhTai_final\data\raw\fsdd\recordings\1_yweweler_25.wav,1,yweweler,25,2119,train
1_yweweler_26,1_yweweler_26.wav,C:\Users\ASUS\Downloads\DangQuocThanhTai_final\data\raw\fsdd\recordings\1_yweweler_26.wav,1,yweweler,26,3052,train
1_yweweler_27,1_yweweler_27.wav,C:\Users\ASUS\Downloads\DangQuocThanhTai_final\data\raw\fsdd\recordings\1_yweweler_27.wav,1,yweweler,27,2234,train
1_yweweler_28,1_yweweler_28.wav,C:\Users\ASUS\Downloads\DangQuocThanhTai_final\data\raw\fsdd\recordings\1_yweweler_28.wav,1,yweweler,28,2220,train
1_yweweler_29,1_yweweler_29.wav,C:\Users\ASUS\Downloads\DangQuocThanhTai_final\data\raw\fsdd\recordings\1_yweweler_29.wav,1,yweweler,29,2758,train
1_yweweler_30,1_yweweler_30.wav,C:\Users\ASUS\Downloads\DangQuocThanhTai_final\data\raw\fsdd\recordings\1_yweweler_30.wav,1,yweweler,30,2704,train
1_yweweler_31,1_yweweler_31.wav,C:\Users\ASUS\Downloads\DangQuocThanhTai_final\data\raw\fsdd\recordings\1_yweweler_31.wav,1,yweweler,31,3117,train
1_yweweler_32,1_yweweler_32.wav,C:\Users\ASUS\Downloads\DangQuocThanhTai_final\data\raw\fsdd\recordings\1_yweweler_32.wav,1,yweweler,32,2161,train
1_yweweler_33,1_yweweler_33.wav,C:\Users\ASUS\Downloads\DangQuocThanhTai_final\data\raw\fsdd\recordings\1_yweweler_33.wav,1,yweweler,33,3450,train
1_yweweler_34,1_yweweler_34.wav,C:\Users\ASUS\Downloads\DangQuocThanhTai_final\data\raw\fsdd\recordings\1_yweweler_34.wav,1,yweweler,34,2634,train
1_yweweler_35,1_yweweler_35.wav,C:\Users\ASUS\Downloads\DangQuocThanhTai_final\data\raw\fsdd\recordings\1_yweweler_35.wav,1,yweweler,35,2016,train
1_yweweler_36,1_yweweler_36.wav,C:\Users\ASUS\Downloads\DangQuocThanhTai_final\data\raw\fsdd\recordings\1_yweweler_36.wav,1,yweweler,36,2797,train
1_yweweler_37,1_yweweler_37.wav,C:\Users\ASUS\Downloads\DangQuocThanhTai_final\data\raw\fsdd\recordings\1_yweweler_37.wav,1,yweweler,37,3723,train
1_yweweler_38,1_yweweler_38.wav,C:\Users\ASUS\Downloads\DangQuocThanhTai_final\data\raw\fsdd\recordings\1_yweweler_38.wav,1,yweweler,38,2941,train
1_yweweler_39,1_yweweler_39.wav,C:\Users\ASUS\Downloads\DangQuocThanhTai_final\data\raw\fsdd\recordings\1_yweweler_39.wav,1,yweweler,39,2619,train
1_yweweler_40,1_yweweler_40.wav,C:\Users\ASUS\Downloads\DangQuocThanhTai_final\data\raw\fsdd\recordings\1_yweweler_40.wav,1,yweweler,40,2869,train
1_yweweler_41,1_yweweler_41.wav,C:\Users\ASUS\Downloads\DangQuocThanhTai_final\data\raw\fsdd\recordings\1_yweweler_41.wav,1,yweweler,41,3275,train
1_yweweler_42,1_yweweler_42.wav,C:\Users\ASUS\Downloads\DangQuocThanhTai_final\data\raw\fsdd\recordings\1_yweweler_42.wav,1,yweweler,42,2764,train
1_yweweler_43,1_yweweler_43.wav,C:\Users\ASUS\Downloads\DangQuocThanhTai_final\data\raw\fsdd\recordings\1_yweweler_43.wav,1,yweweler,43,2835,train
1_yweweler_44,1_yweweler_44.wav,C:\Users\ASUS\Downloads\DangQuocThanhTai_final\data\raw\fsdd\recordings\1_yweweler_44.wav,1,yweweler,44,2468,train
1_yweweler_45,1_yweweler_45.wav,C:\Users\ASUS\Downloads\DangQuocThanhTai_final\data\raw\fsdd\recordings\1_yweweler_45.wav,1,yweweler,45,2935,train
1_yweweler_46,1_yweweler_46.wav,C:\Users\ASUS\Downloads\DangQuocThanhTai_final\data\raw\fsdd\recordings\1_yweweler_46.wav,1,yweweler,46,3092,train
1_yweweler_47,1_yweweler_47.wav,C:\Users\ASUS\Downloads\DangQuocThanhTai_final\data\raw\fsdd\recordings\1_yweweler_47.wav,1,yweweler,47,2821,train
1_yweweler_48,1_yweweler_48.wav,C:\Users\ASUS\Downloads\DangQuocThanhTai_final\data\raw\fsdd\recordings\1_yweweler_48.wav,1,yweweler,48,3275,train
1_yweweler_49,1_yweweler_49.wav,C:\Users\ASUS\Downloads\DangQuocThanhTai_final\data\raw\fsdd\recordings\1_yweweler_49.wav,1,yweweler,49,3293,train
2_george_0,2_george_0.wav,C:\Users\ASUS\Downloads\DangQuocThanhTai_final\data\raw\fsdd\recordings\2_george_0.wav,2,george,0,2643,test
2_george_1,2_george_1.wav,C:\Users\ASUS\Downloads\DangQuocThanhTai_final\data\raw\fsdd\recordings\2_george_1.wav,2,george,1,4543,test
2_george_2,2_george_2.wav,C:\Users\ASUS\Downloads\DangQuocThanhTai_final\data\raw\fsdd\recordings\2_george_2.wav,2,george,2,3167,test
2_george_3,2_george_3.wav,C:\Users\ASUS\Downloads\DangQuocThanhTai_final\data\raw\fsdd\recordings\2_george_3.wav,2,george,3,3166,test
2_george_4,2_george_4.wav,C:\Users\ASUS\Downloads\DangQuocThanhTai_final\data\raw\fsdd\recordings\2_george_4.wav,2,george,4,3078,test
2_george_5,2_george_5.wav,C:\Users\ASUS\Downloads\DangQuocThanhTai_final\data\raw\fsdd\recordings\2_george_5.wav,2,george,5,3187,val
2_george_6,2_george_6.wav,C:\Users\ASUS\Downloads\DangQuocThanhTai_final\data\raw\fsdd\recordings\2_george_6.wav,2,george,6,2739,val
2_george_7,2_george_7.wav,C:\Users\ASUS\Downloads\DangQuocThanhTai_final\data\raw\fsdd\recordings\2_george_7.wav,2,george,7,2875,val
2_george_8,2_george_8.wav,C:\Users\ASUS\Downloads\DangQuocThanhTai_final\data\raw\fsdd\recordings\2_george_8.wav,2,george,8,3545,val
2_george_9,2_george_9.wav,C:\Users\ASUS\Downloads\DangQuocThanhTai_final\data\raw\fsdd\recordings\2_george_9.wav,2,george,9,2849,val
2_george_10,2_george_10.wav,C:\Users\ASUS\Downloads\DangQuocThanhTai_final\data\raw\fsdd\recordings\2_george_10.wav,2,george,10,2548,train
2_george_11,2_george_11.wav,C:\Users\ASUS\Downloads\DangQuocThanhTai_final\data\raw\fsdd\recordings\2_george_11.wav,2,george,11,2865,train
2_george_12,2_george_12.wav,C:\Users\ASUS\Downloads\DangQuocThanhTai_final\data\raw\fsdd\recordings\2_george_12.wav,2,george,12,3078,train
2_george_13,2_george_13.wav,C:\Users\ASUS\Downloads\DangQuocThanhTai_final\data\raw\fsdd\recordings\2_george_13.wav,2,george,13,2695,train
2_george_14,2_george_14.wav,C:\Users\ASUS\Downloads\DangQuocThanhTai_final\data\raw\fsdd\recordings\2_george_14.wav,2,george,14,2885,train
2_george_15,2_george_15.wav,C:\Users\ASUS\Downloads\DangQuocThanhTai_final\data\raw\fsdd\recordings\2_george_15.wav,2,george,15,3094,train
2_george_16,2_george_16.wav,C:\Users\ASUS\Downloads\DangQuocThanhTai_final\data\raw\fsdd\recordings\2_george_16.wav,2,george,16,3321,train
2_george_17,2_george_17.wav,C:\Users\ASUS\Downloads\DangQuocThanhTai_final\data\raw\fsdd\recordings\2_george_17.wav,2,george,17,3118,train
2_george_18,2_george_18.wav,C:\Users\ASUS\Downloads\DangQuocThanhTai_final\data\raw\fsdd\recordings\2_george_18.wav,2,george,18,3197,train
2_george_19,2_george_19.wav,C:\Users\ASUS\Downloads\DangQuocThanhTai_final\data\raw\fsdd\recordings\2_george_19.wav,2,george,19,3220,train
2_george_20,2_george_20.wav,C:\Users\ASUS\Downloads\DangQuocThanhTai_final\data\raw\fsdd\recordings\2_george_20.wav,2,george,20,2306,train
2_george_21,2_george_21.wav,C:\Users\ASUS\Downloads\DangQuocThanhTai_final\data\raw\fsdd\recordings\2_george_21.wav,2,george,21,2169,train
2_george_22,2_george_22.wav,C:\Users\ASUS\Downloads\DangQuocThanhTai_final\data\raw\fsdd\recordings\2_george_22.wav,2,george,22,2507,train
2_george_23,2_george_23.wav,C:\Users\ASUS\Downloads\DangQuocThanhTai_final\data\raw\fsdd\recordings\2_george_23.wav,2,george,23,2952,train
2_george_24,2_george_24.wav,C:\Users\ASUS\Downloads\DangQuocThanhTai_final\data\raw\fsdd\recordings\2_george_24.wav,2,george,24,2725,train
2_george_25,2_george_25.wav,C:\Users\ASUS\Downloads\DangQuocThanhTai_final\data\raw\fsdd\recordings\2_george_25.wav,2,george,25,2449,train
2_george_26,2_george_26.wav,C:\Users\ASUS\Downloads\DangQuocThanhTai_final\data\raw\fsdd\recordings\2_george_26.wav,2,george,26,2400,train
2_george_27,2_george_27.wav,C:\Users\ASUS\Downloads\DangQuocThanhTai_final\data\raw\fsdd\recordings\2_george_27.wav,2,george,27,3000,train
2_george_28,2_george_28.wav,C:\Users\ASUS\Downloads\DangQuocThanhTai_final\data\raw\fsdd\recordings\2_george_28.wav,2,george,28,2793,train
2_george_29,2_george_29.wav,C:\Users\ASUS\Downloads\DangQuocThanhTai_final\data\raw\fsdd\recordings\2_george_29.wav,2,george,29,3050,train
2_george_30,2_george_30.wav,C:\Users\ASUS\Downloads\DangQuocThanhTai_final\data\raw\fsdd\recordings\2_george_30.wav,2,george,30,2899,train
2_george_31,2_george_31.wav,C:\Users\ASUS\Downloads\DangQuocThanhTai_final\data\raw\fsdd\recordings\2_george_31.wav,2,george,31,2513,train
2_george_32,2_george_32.wav,C:\Users\ASUS\Downloads\DangQuocThanhTai_final\data\raw\fsdd\recordings\2_george_32.wav,2,george,32,2353,train
2_george_33,2_george_33.wav,C:\Users\ASUS\Downloads\DangQuocThanhTai_final\data\raw\fsdd\recordings\2_george_33.wav,2,george,33,1932,train
2_george_34,2_george_34.wav,C:\Users\ASUS\Downloads\DangQuocThanhTai_final\data\raw\fsdd\recordings\2_george_34.wav,2,george,34,3241,train
2_george_35,2_george_35.wav,C:\Users\ASUS\Downloads\DangQuocThanhTai_final\data\raw\fsdd\recordings\2_george_35.wav,2,george,35,2738,train
2_george_36,2_george_36.wav,C:\Users\ASUS\Downloads\DangQuocThanhTai_final\data\raw\fsdd\recordings\2_george_36.wav,2,george,36,3249,train
2_george_37,2_george_37.wav,C:\Users\ASUS\Downloads\DangQuocThanhTai_final\data\raw\fsdd\recordings\2_george_37.wav,2,george,37,2972,train
2_george_38,2_george_38.wav,C:\Users\ASUS\Downloads\DangQuocThanhTai_final\data\raw\fsdd\recordings\2_george_38.wav,2,george,38,2466,train
2_george_39,2_george_39.wav,C:\Users\ASUS\Downloads\DangQuocThanhTai_final\data\raw\fsdd\recordings\2_george_39.wav,2,george,39,2035,train
2_george_40,2_george_40.wav,C:\Users\ASUS\Downloads\DangQuocThanhTai_final\data\raw\fsdd\recordings\2_george_40.wav,2,george,40,2780,train
2_george_41,2_george_41.wav,C:\Users\ASUS\Downloads\DangQuocThanhTai_final\data\raw\fsdd\recordings\2_george_41.wav,2,george,41,2368,train
2_george_42,2_george_42.wav,C:\Users\ASUS\Downloads\DangQuocThanhTai_final\data\raw\fsdd\recordings\2_george_42.wav,2,george,42,2932,train
2_george_43,2_george_43.wav,C:\Users\ASUS\Downloads\DangQuocThanhTai_final\data\raw\fsdd\recordings\2_george_43.wav,2,george,43,2618,train
2_george_44,2_george_44.wav,C:\Users\ASUS\Downloads\DangQuocThanhTai_final\data\raw\fsdd\recordings\2_george_44.wav,2,george,44,2556,train
2_george_45,2_george_45.wav,C:\Users\ASUS\Downloads\DangQuocThanhTai_final\data\raw\fsdd\recordings\2_george_45.wav,2,george,45,2471,train
2_george_46,2_george_46.wav,C:\Users\ASUS\Downloads\DangQuocThanhTai_final\data\raw\fsdd\recordings\2_george_46.wav,2,george,46,2759,train
2_george_47,2_george_47.wav,C:\Users\ASUS\Downloads\DangQuocThanhTai_final\data\raw\fsdd\recordings\2_george_47.wav,2,george,47,2728,train
2_george_48,2_george_48.wav,C:\Users\ASUS\Downloads\DangQuocThanhTai_final\data\raw\fsdd\recordings\2_george_48.wav,2,george,48,2741,train
2_george_49,2_george_49.wav,C:\Users\ASUS\Downloads\DangQuocThanhTai_final\data\raw\fsdd\recordings\2_george_49.wav,2,george,49,2881,train
2_jackson_0,2_jackson_0.wav,C:\Users\ASUS\Downloads\DangQuocThanhTai_final\data\raw\fsdd\recordings\2_jackson_0.wav,2,jackson,0,3990,test
2_jackson_1,2_jackson_1.wav,C:\Users\ASUS\Downloads\DangQuocThanhTai_final\data\raw\fsdd\recordings\2_jackson_1.wav,2,jackson,1,4424,test
2_jackson_2,2_jackson_2.wav,C:\Users\ASUS\Downloads\DangQuocThanhTai_final\data\raw\fsdd\recordings\2_jackson_2.wav,2,jackson,2,3518,test
2_jackson_3,2_jackson_3.wav,C:\Users\ASUS\Downloads\DangQuocThanhTai_final\data\raw\fsdd\recordings\2_jackson_3.wav,2,jackson,3,3967,test
2_jackson_4,2_jackson_4.wav,C:\Users\ASUS\Downloads\DangQuocThanhTai_final\data\raw\fsdd\recordings\2_jackson_4.wav,2,jackson,4,3816,test
2_jackson_5,2_jackson_5.wav,C:\Users\ASUS\Downloads\DangQuocThanhTai_final\data\raw\fsdd\recordings\2_jackson_5.wav,2,jackson,5,3796,val
2_jackson_6,2_jackson_6.wav,C:\Users\ASUS\Downloads\DangQuocThanhTai_final\data\raw\fsdd\recordings\2_jackson_6.wav,2,jackson,6,3724,val
2_jackson_7,2_jackson_7.wav,C:\Users\ASUS\Downloads\DangQuocThanhTai_final\data\raw\fsdd\recordings\2_jackson_7.wav,2,jackson,7,3872,val
2_jackson_8,2_jackson_8.wav,C:\Users\ASUS\Downloads\DangQuocThanhTai_final\data\raw\fsdd\recordings\2_jackson_8.wav,2,jackson,8,3822,val
2_jackson_9,2_jackson_9.wav,C:\Users\ASUS\Downloads\DangQuocThanhTai_final\data\raw\fsdd\recordings\2_jackson_9.wav,2,jackson,9,4308,val
2_jackson_10,2_jackson_10.wav,C:\Users\ASUS\Downloads\DangQuocThanhTai_final\data\raw\fsdd\recordings\2_jackson_10.wav,2,jackson,10,4143,train
2_jackson_11,2_jackson_11.wav,C:\Users\ASUS\Downloads\DangQuocThanhTai_final\data\raw\fsdd\recordings\2_jackson_11.wav,2,jackson,11,4133,train
2_jackson_12,2_jackson_12.wav,C:\Users\ASUS\Downloads\DangQuocThanhTai_final\data\raw\fsdd\recordings\2_jackson_12.wav,2,jackson,12,3900,train
2_jackson_13,2_jackson_13.wav,C:\Users\ASUS\Downloads\DangQuocThanhTai_final\data\raw\fsdd\recordings\2_jackson_13.wav,2,jackson,13,4132,train
2_jackson_14,2_jackson_14.wav,C:\Users\ASUS\Downloads\DangQuocThanhTai_final\data\raw\fsdd\recordings\2_jackson_14.wav,2,jackson,14,4101,train
2_jackson_15,2_jackson_15.wav,C:\Users\ASUS\Downloads\DangQuocThanhTai_final\data\raw\fsdd\recordings\2_jackson_15.wav,2,jackson,15,4142,train
2_jackson_16,2_jackson_16.wav,C:\Users\ASUS\Downloads\DangQuocThanhTai_final\data\raw\fsdd\recordings\2_jackson_16.wav,2,jackson,16,3805,train
2_jackson_17,2_jackson_17.wav,C:\Users\ASUS\Downloads\DangQuocThanhTai_final\data\raw\fsdd\recordings\2_jackson_17.wav,2,jackson,17,4300,train
2_jackson_18,2_jackson_18.wav,C:\Users\ASUS\Downloads\DangQuocThanhTai_final\data\raw\fsdd\recordings\2_jackson_18.wav,2,jackson,18,4431,train
2_jackson_19,2_jackson_19.wav,C:\Users\ASUS\Downloads\DangQuocThanhTai_final\data\raw\fsdd\recordings\2_jackson_19.wav,2,jackson,19,4130,train
2_jackson_20,2_jackson_20.wav,C:\Users\ASUS\Downloads\DangQuocThanhTai_final\data\raw\fsdd\recordings\2_jackson_20.wav,2,jackson,20,3868,train
2_jackson_21,2_jackson_21.wav,C:\Users\ASUS\Downloads\DangQuocThanhTai_final\data\raw\fsdd\recordings\2_jackson_21.wav,2,jackson,21,5909,train
2_jackson_22,2_jackson_22.wav,C:\Users\ASUS\Downloads\DangQuocThanhTai_final\data\raw\fsdd\recordings\2_jackson_22.wav,2,jackson,22,3838,train
2_jackson_23,2_jackson_23.wav,C:\Users\ASUS\Downloads\DangQuocThanhTai_final\data\raw\fsdd\recordings\2_jackson_23.wav,2,jackson,23,4021,train
2_jackson_24,2_jackson_24.wav,C:\Users\ASUS\Downloads\DangQuocThanhTai_final\data\raw\fsdd\recordings\2_jackson_24.wav,2,jackson,24,4180,train
2_jackson_25,2_jackson_25.wav,C:\Users\ASUS\Downloads\DangQuocThanhTai_final\data\raw\fsdd\recordings\2_jackson_25.wav,2,jackson,25,4292,train
2_jackson_26,2_jackson_26.wav,C:\Users\ASUS\Downloads\DangQuocThanhTai_final\data\raw\fsdd\recordings\2_jackson_26.wav,2,jackson,26,3971,train
2_jackson_27,2_jackson_27.wav,C:\Users\ASUS\Downloads\DangQuocThanhTai_final\data\raw\fsdd\recordings\2_jackson_27.wav,2,jackson,27,4205,train
2_jackson_28,2_jackson_28.wav,C:\Users\ASUS\Downloads\DangQuocThanhTai_final\data\raw\fsdd\recordings\2_jackson_28.wav,2,jackson,28,4056,train
2_jackson_29,2_jackson_29.wav,C:\Users\ASUS\Downloads\DangQuocThanhTai_final\data\raw\fsdd\recordings\2_jackson_29.wav,2,jackson,29,4428,train
2_jackson_30,2_jackson_30.wav,C:\Users\ASUS\Downloads\DangQuocThanhTai_final\data\raw\fsdd\recordings\2_jackson_30.wav,2,jackson,30,3826,train
2_jackson_31,2_jackson_31.wav,C:\Users\ASUS\Downloads\DangQuocThanhTai_final\data\raw\fsdd\recordings\2_jackson_31.wav,2,jackson,31,3736,train
2_jackson_32,2_jackson_32.wav,C:\Users\ASUS\Downloads\DangQuocThanhTai_final\data\raw\fsdd\recordings\2_jackson_32.wav,2,jackson,32,4074,train
2_jackson_33,2_jackson_33.wav,C:\Users\ASUS\Downloads\DangQuocThanhTai_final\data\raw\fsdd\recordings\2_jackson_33.wav,2,jackson,33,4053,train
2_jackson_34,2_jackson_34.wav,C:\Users\ASUS\Downloads\DangQuocThanhTai_final\data\raw\fsdd\recordings\2_jackson_34.wav,2,jackson,34,3904,train
2_jackson_35,2_jackson_35.wav,C:\Users\ASUS\Downloads\DangQuocThanhTai_final\data\raw\fsdd\recordings\2_jackson_35.wav,2,jackson,35,3770,train
2_jackson_36,2_jackson_36.wav,C:\Users\ASUS\Downloads\DangQuocThanhTai_final\data\raw\fsdd\recordings\2_jackson_36.wav,2,jackson,36,3913,train
2_jackson_37,2_jackson_37.wav,C:\Users\ASUS\Downloads\DangQuocThanhTai_final\data\raw\fsdd\recordings\2_jackson_37.wav,2,jackson,37,3232,train
2_jackson_38,2_jackson_38.wav,C:\Users\ASUS\Downloads\DangQuocThanhTai_final\data\raw\fsdd\recordings\2_jackson_38.wav,2,jackson,38,3766,train
2_jackson_39,2_jackson_39.wav,C:\Users\ASUS\Downloads\DangQuocThanhTai_final\data\raw\fsdd\recordings\2_jackson_39.wav,2,jackson,39,3675,train
2_jackson_40,2_jackson_40.wav,C:\Users\ASUS\Downloads\DangQuocThanhTai_final\data\raw\fsdd\recordings\2_jackson_40.wav,2,jackson,40,4413,train
2_jackson_41,2_jackson_41.wav,C:\Users\ASUS\Downloads\DangQuocThanhTai_final\data\raw\fsdd\recordings\2_jackson_41.wav,2,jackson,41,4677,train
2_jackson_42,2_jackson_42.wav,C:\Users\ASUS\Downloads\DangQuocThanhTai_final\data\raw\fsdd\recordings\2_jackson_42.wav,2,jackson,42,4705,train
2_jackson_43,2_jackson_43.wav,C:\Users\ASUS\Downloads\DangQuocThanhTai_final\data\raw\fsdd\recordings\2_jackson_43.wav,2,jackson,43,4171,train
2_jackson_44,2_jackson_44.wav,C:\Users\ASUS\Downloads\DangQuocThanhTai_final\data\raw\fsdd\recordings\2_jackson_44.wav,2,jackson,44,4966,train
2_jackson_45,2_jackson_45.wav,C:\Users\ASUS\Downloads\DangQuocThanhTai_final\data\raw\fsdd\recordings\2_jackson_45.wav,2,jackson,45,5222,train
2_jackson_46,2_jackson_46.wav,C:\Users\ASUS\Downloads\DangQuocThanhTai_final\data\raw\fsdd\recordings\2_jackson_46.wav,2,jackson,46,4149,train
2_jackson_47,2_jackson_47.wav,C:\Users\ASUS\Downloads\DangQuocThanhTai_final\data\raw\fsdd\recordings\2_jackson_47.wav,2,jackson,47,3888,train
2_jackson_48,2_jackson_48.wav,C:\Users\ASUS\Downloads\DangQuocThanhTai_final\data\raw\fsdd\recordings\2_jackson_48.wav,2,jackson,48,4014,train
2_jackson_49,2_jackson_49.wav,C:\Users\ASUS\Downloads\DangQuocThanhTai_final\data\raw\fsdd\recordings\2_jackson_49.wav,2,jackson,49,4351,train
2_lucas_0,2_lucas_0.wav,C:\Users\ASUS\Downloads\DangQuocThanhTai_final\data\raw\fsdd\recordings\2_lucas_0.wav,2,lucas,0,2997,test
2_lucas_1,2_lucas_1.wav,C:\Users\ASUS\Downloads\DangQuocThanhTai_final\data\raw\fsdd\recordings\2_lucas_1.wav,2,lucas,1,3349,test
2_lucas_2,2_lucas_2.wav,C:\Users\ASUS\Downloads\DangQuocThanhTai_final\data\raw\fsdd\recordings\2_lucas_2.wav,2,lucas,2,3479,test
2_lucas_3,2_lucas_3.wav,C:\Users\ASUS\Downloads\DangQuocThanhTai_final\data\raw\fsdd\recordings\2_lucas_3.wav,2,lucas,3,3394,test
2_lucas_4,2_lucas_4.wav,C:\Users\ASUS\Downloads\DangQuocThanhTai_final\data\raw\fsdd\recordings\2_lucas_4.wav,2,lucas,4,3364,test
2_lucas_5,2_lucas_5.wav,C:\Users\ASUS\Downloads\DangQuocThanhTai_final\data\raw\fsdd\recordings\2_lucas_5.wav,2,lucas,5,3244,val
2_lucas_6,2_lucas_6.wav,C:\Users\ASUS\Downloads\DangQuocThanhTai_final\data\raw\fsdd\recordings\2_lucas_6.wav,2,lucas,6,4163,val
2_lucas_7,2_lucas_7.wav,C:\Users\ASUS\Downloads\DangQuocThanhTai_final\data\raw\fsdd\recordings\2_lucas_7.wav,2,lucas,7,3755,val
2_lucas_8,2_lucas_8.wav,C:\Users\ASUS\Downloads\DangQuocThanhTai_final\data\raw\fsdd\recordings\2_lucas_8.wav,2,lucas,8,3412,val
2_lucas_9,2_lucas_9.wav,C:\Users\ASUS\Downloads\DangQuocThanhTai_final\data\raw\fsdd\recordings\2_lucas_9.wav,2,lucas,9,7845,val
2_lucas_10,2_lucas_10.wav,C:\Users\ASUS\Downloads\DangQuocThanhTai_final\data\raw\fsdd\recordings\2_lucas_10.wav,2,lucas,10,3345,train
2_lucas_11,2_lucas_11.wav,C:\Users\ASUS\Downloads\DangQuocThanhTai_final\data\raw\fsdd\recordings\2_lucas_11.wav,2,lucas,11,4233,train
2_lucas_12,2_lucas_12.wav,C:\Users\ASUS\Downloads\DangQuocThanhTai_final\data\raw\fsdd\recordings\2_lucas_12.wav,2,lucas,12,7348,train
2_lucas_13,2_lucas_13.wav,C:\Users\ASUS\Downloads\DangQuocThanhTai_final\data\raw\fsdd\recordings\2_lucas_13.wav,2,lucas,13,2960,train
2_lucas_14,2_lucas_14.wav,C:\Users\ASUS\Downloads\DangQuocThanhTai_final\data\raw\fsdd\recordings\2_lucas_14.wav,2,lucas,14,3629,train
2_lucas_15,2_lucas_15.wav,C:\Users\ASUS\Downloads\DangQuocThanhTai_final\data\raw\fsdd\recordings\2_lucas_15.wav,2,lucas,15,4038,train
2_lucas_16,2_lucas_16.wav,C:\Users\ASUS\Downloads\DangQuocThanhTai_final\data\raw\fsdd\recordings\2_lucas_16.wav,2,lucas,16,7667,train
2_lucas_17,2_lucas_17.wav,C:\Users\ASUS\Downloads\DangQuocThanhTai_final\data\raw\fsdd\recordings\2_lucas_17.wav,2,lucas,17,4187,train
2_lucas_18,2_lucas_18.wav,C:\Users\ASUS\Downloads\DangQuocThanhTai_final\data\raw\fsdd\recordings\2_lucas_18.wav,2,lucas,18,3353,train
2_lucas_19,2_lucas_19.wav,C:\Users\ASUS\Downloads\DangQuocThanhTai_final\data\raw\fsdd\recordings\2_lucas_19.wav,2,lucas,19,2901,train
2_lucas_20,2_lucas_20.wav,C:\Users\ASUS\Downloads\DangQuocThanhTai_final\data\raw\fsdd\recordings\2_lucas_20.wav,2,lucas,20,2905,train
2_lucas_21,2_lucas_21.wav,C:\Users\ASUS\Downloads\DangQuocThanhTai_final\data\raw\fsdd\recordings\2_lucas_21.wav,2,lucas,21,4338,train
2_lucas_22,2_lucas_22.wav,C:\Users\ASUS\Downloads\DangQuocThanhTai_final\data\raw\fsdd\recordings\2_lucas_22.wav,2,lucas,22,3594,train
2_lucas_23,2_lucas_23.wav,C:\Users\ASUS\Downloads\DangQuocThanhTai_final\data\raw\fsdd\recordings\2_lucas_23.wav,2,lucas,23,3315,train
2_lucas_24,2_lucas_24.wav,C:\Users\ASUS\Downloads\DangQuocThanhTai_final\data\raw\fsdd\recordings\2_lucas_24.wav,2,lucas,24,3329,train
2_lucas_25,2_lucas_25.wav,C:\Users\ASUS\Downloads\DangQuocThanhTai_final\data\raw\fsdd\recordings\2_lucas_25.wav,2,lucas,25,5829,train
2_lucas_26,2_lucas_26.wav,C:\Users\ASUS\Downloads\DangQuocThanhTai_final\data\raw\fsdd\recordings\2_lucas_26.wav,2,lucas,26,3859,train
2_lucas_27,2_lucas_27.wav,C:\Users\ASUS\Downloads\DangQuocThanhTai_final\data\raw\fsdd\recordings\2_lucas_27.wav,2,lucas,27,3840,train
2_lucas_28,2_lucas_28.wav,C:\Users\ASUS\Downloads\DangQuocThanhTai_final\data\raw\fsdd\recordings\2_lucas_28.wav,2,lucas,28,3467,train
2_lucas_29,2_lucas_29.wav,C:\Users\ASUS\Downloads\DangQuocThanhTai_final\data\raw\fsdd\recordings\2_lucas_29.wav,2,lucas,29,3932,train
2_lucas_30,2_lucas_30.wav,C:\Users\ASUS\Downloads\DangQuocThanhTai_final\data\raw\fsdd\recordings\2_lucas_30.wav,2,lucas,30,4543,train
2_lucas_31,2_lucas_31.wav,C:\Users\ASUS\Downloads\DangQuocThanhTai_final\data\raw\fsdd\recordings\2_lucas_31.wav,2,lucas,31,4895,train
2_lucas_32,2_lucas_32.wav,C:\Users\ASUS\Downloads\DangQuocThanhTai_final\data\raw\fsdd\recordings\2_lucas_32.wav,2,lucas,32,3181,train
2_lucas_33,2_lucas_33.wav,C:\Users\ASUS\Downloads\DangQuocThanhTai_final\data\raw\fsdd\recordings\2_lucas_33.wav,2,lucas,33,3137,train
2_lucas_34,2_lucas_34.wav,C:\Users\ASUS\Downloads\DangQuocThanhTai_final\data\raw\fsdd\recordings\2_lucas_34.wav,2,lucas,34,4144,train
2_lucas_35,2_lucas_35.wav,C:\Users\ASUS\Downloads\DangQuocThanhTai_final\data\raw\fsdd\recordings\2_lucas_35.wav,2,lucas,35,3119,train
2_lucas_36,2_lucas_36.wav,C:\Users\ASUS\Downloads\DangQuocThanhTai_final\data\raw\fsdd\recordings\2_lucas_36.wav,2,lucas,36,4289,train
2_lucas_37,2_lucas_37.wav,C:\Users\ASUS\Downloads\DangQuocThanhTai_final\data\raw\fsdd\recordings\2_lucas_37.wav,2,lucas,37,3104,train
2_lucas_38,2_lucas_38.wav,C:\Users\ASUS\Downloads\DangQuocThanhTai_final\data\raw\fsdd\recordings\2_lucas_38.wav,2,lucas,38,4485,train
2_lucas_39,2_lucas_39.wav,C:\Users\ASUS\Downloads\DangQuocThanhTai_final\data\raw\fsdd\recordings\2_lucas_39.wav,2,lucas,39,3005,train
2_lucas_40,2_lucas_40.wav,C:\Users\ASUS\Downloads\DangQuocThanhTai_final\data\raw\fsdd\recordings\2_lucas_40.wav,2,lucas,40,3586,train
2_lucas_41,2_lucas_41.wav,C:\Users\ASUS\Downloads\DangQuocThanhTai_final\data\raw\fsdd\recordings\2_lucas_41.wav,2,lucas,41,4139,train
2_lucas_42,2_lucas_42.wav,C:\Users\ASUS\Downloads\DangQuocThanhTai_final\data\raw\fsdd\recordings\2_lucas_42.wav,2,lucas,42,3822,train
2_lucas_43,2_lucas_43.wav,C:\Users\ASUS\Downloads\DangQuocThanhTai_final\data\raw\fsdd\recordings\2_lucas_43.wav,2,lucas,43,3468,train
2_lucas_44,2_lucas_44.wav,C:\Users\ASUS\Downloads\DangQuocThanhTai_final\data\raw\fsdd\recordings\2_lucas_44.wav,2,lucas,44,4305,train
2_lucas_45,2_lucas_45.wav,C:\Users\ASUS\Downloads\DangQuocThanhTai_final\data\raw\fsdd\recordings\2_lucas_45.wav,2,lucas,45,3999,train
2_lucas_46,2_lucas_46.wav,C:\Users\ASUS\Downloads\DangQuocThanhTai_final\data\raw\fsdd\recordings\2_lucas_46.wav,2,lucas,46,7807,train
2_lucas_47,2_lucas_47.wav,C:\Users\ASUS\Downloads\DangQuocThanhTai_final\data\raw\fsdd\recordings\2_lucas_47.wav,2,lucas,47,3424,train
2_lucas_48,2_lucas_48.wav,C:\Users\ASUS\Downloads\DangQuocThanhTai_final\data\raw\fsdd\recordings\2_lucas_48.wav,2,lucas,48,4645,train
2_lucas_49,2_lucas_49.wav,C:\Users\ASUS\Downloads\DangQuocThanhTai_final\data\raw\fsdd\recordings\2_lucas_49.wav,2,lucas,49,9707,train
2_nicolas_0,2_nicolas_0.wav,C:\Users\ASUS\Downloads\DangQuocThanhTai_final\data\raw\fsdd\recordings\2_nicolas_0.wav,2,nicolas,0,2856,test
2_nicolas_1,2_nicolas_1.wav,C:\Users\ASUS\Downloads\DangQuocThanhTai_final\data\raw\fsdd\recordings\2_nicolas_1.wav,2,nicolas,1,2385,test
2_nicolas_2,2_nicolas_2.wav,C:\Users\ASUS\Downloads\DangQuocThanhTai_final\data\raw\fsdd\recordings\2_nicolas_2.wav,2,nicolas,2,2918,test
2_nicolas_3,2_nicolas_3.wav,C:\Users\ASUS\Downloads\DangQuocThanhTai_final\data\raw\fsdd\recordings\2_nicolas_3.wav,2,nicolas,3,1914,test
2_nicolas_4,2_nicolas_4.wav,C:\Users\ASUS\Downloads\DangQuocThanhTai_final\data\raw\fsdd\recordings\2_nicolas_4.wav,2,nicolas,4,2667,test
2_nicolas_5,2_nicolas_5.wav,C:\Users\ASUS\Downloads\DangQuocThanhTai_final\data\raw\fsdd\recordings\2_nicolas_5.wav,2,nicolas,5,1475,val
2_nicolas_6,2_nicolas_6.wav,C:\Users\ASUS\Downloads\DangQuocThanhTai_final\data\raw\fsdd\recordings\2_nicolas_6.wav,2,nicolas,6,1852,val
2_nicolas_7,2_nicolas_7.wav,C:\Users\ASUS\Downloads\DangQuocThanhTai_final\data\raw\fsdd\recordings\2_nicolas_7.wav,2,nicolas,7,2322,val
2_nicolas_8,2_nicolas_8.wav,C:\Users\ASUS\Downloads\DangQuocThanhTai_final\data\raw\fsdd\recordings\2_nicolas_8.wav,2,nicolas,8,1914,val
2_nicolas_9,2_nicolas_9.wav,C:\Users\ASUS\Downloads\DangQuocThanhTai_final\data\raw\fsdd\recordings\2_nicolas_9.wav,2,nicolas,9,2824,val
2_nicolas_10,2_nicolas_10.wav,C:\Users\ASUS\Downloads\DangQuocThanhTai_final\data\raw\fsdd\recordings\2_nicolas_10.wav,2,nicolas,10,2545,train
2_nicolas_11,2_nicolas_11.wav,C:\Users\ASUS\Downloads\DangQuocThanhTai_final\data\raw\fsdd\recordings\2_nicolas_11.wav,2,nicolas,11,2744,train
2_nicolas_12,2_nicolas_12.wav,C:\Users\ASUS\Downloads\DangQuocThanhTai_final\data\raw\fsdd\recordings\2_nicolas_12.wav,2,nicolas,12,2149,train
2_nicolas_13,2_nicolas_13.wav,C:\Users\ASUS\Downloads\DangQuocThanhTai_final\data\raw\fsdd\recordings\2_nicolas_13.wav,2,nicolas,13,2479,train
2_nicolas_14,2_nicolas_14.wav,C:\Users\ASUS\Downloads\DangQuocThanhTai_final\data\raw\fsdd\recordings\2_nicolas_14.wav,2,nicolas,14,2711,train
2_nicolas_15,2_nicolas_15.wav,C:\Users\ASUS\Downloads\DangQuocThanhTai_final\data\raw\fsdd\recordings\2_nicolas_15.wav,2,nicolas,15,2677,train
2_nicolas_16,2_nicolas_16.wav,C:\Users\ASUS\Downloads\DangQuocThanhTai_final\data\raw\fsdd\recordings\2_nicolas_16.wav,2,nicolas,16,2645,train
2_nicolas_17,2_nicolas_17.wav,C:\Users\ASUS\Downloads\DangQuocThanhTai_final\data\raw\fsdd\recordings\2_nicolas_17.wav,2,nicolas,17,2446,train
2_nicolas_18,2_nicolas_18.wav,C:\Users\ASUS\Downloads\DangQuocThanhTai_final\data\raw\fsdd\recordings\2_nicolas_18.wav,2,nicolas,18,3174,train
2_nicolas_19,2_nicolas_19.wav,C:\Users\ASUS\Downloads\DangQuocThanhTai_final\data\raw\fsdd\recordings\2_nicolas_19.wav,2,nicolas,19,2016,train
2_nicolas_20,2_nicolas_20.wav,C:\Users\ASUS\Downloads\DangQuocThanhTai_final\data\raw\fsdd\recordings\2_nicolas_20.wav,2,nicolas,20,2240,train
2_nicolas_21,2_nicolas_21.wav,C:\Users\ASUS\Downloads\DangQuocThanhTai_final\data\raw\fsdd\recordings\2_nicolas_21.wav,2,nicolas,21,1493,train
2_nicolas_22,2_nicolas_22.wav,C:\Users\ASUS\Downloads\DangQuocThanhTai_final\data\raw\fsdd\recordings\2_nicolas_22.wav,2,nicolas,22,2768,train
2_nicolas_23,2_nicolas_23.wav,C:\Users\ASUS\Downloads\DangQuocThanhTai_final\data\raw\fsdd\recordings\2_nicolas_23.wav,2,nicolas,23,1525,train
2_nicolas_24,2_nicolas_24.wav,C:\Users\ASUS\Downloads\DangQuocThanhTai_final\data\raw\fsdd\recordings\2_nicolas_24.wav,2,nicolas,24,1742,train
2_nicolas_25,2_nicolas_25.wav,C:\Users\ASUS\Downloads\DangQuocThanhTai_final\data\raw\fsdd\recordings\2_nicolas_25.wav,2,nicolas,25,2862,train
2_nicolas_26,2_nicolas_26.wav,C:\Users\ASUS\Downloads\DangQuocThanhTai_final\data\raw\fsdd\recordings\2_nicolas_26.wav,2,nicolas,26,2302,train
2_nicolas_27,2_nicolas_27.wav,C:\Users\ASUS\Downloads\DangQuocThanhTai_final\data\raw\fsdd\recordings\2_nicolas_27.wav,2,nicolas,27,1866,train
2_nicolas_28,2_nicolas_28.wav,C:\Users\ASUS\Downloads\DangQuocThanhTai_final\data\raw\fsdd\recordings\2_nicolas_28.wav,2,nicolas,28,2924,train
2_nicolas_29,2_nicolas_29.wav,C:\Users\ASUS\Downloads\DangQuocThanhTai_final\data\raw\fsdd\recordings\2_nicolas_29.wav,2,nicolas,29,2427,train
2_nicolas_30,2_nicolas_30.wav,C:\Users\ASUS\Downloads\DangQuocThanhTai_final\data\raw\fsdd\recordings\2_nicolas_30.wav,2,nicolas,30,2208,train
2_nicolas_31,2_nicolas_31.wav,C:\Users\ASUS\Downloads\DangQuocThanhTai_final\data\raw\fsdd\recordings\2_nicolas_31.wav,2,nicolas,31,1568,train
2_nicolas_32,2_nicolas_32.wav,C:\Users\ASUS\Downloads\DangQuocThanhTai_final\data\raw\fsdd\recordings\2_nicolas_32.wav,2,nicolas,32,1627,train
2_nicolas_33,2_nicolas_33.wav,C:\Users\ASUS\Downloads\DangQuocThanhTai_final\data\raw\fsdd\recordings\2_nicolas_33.wav,2,nicolas,33,1772,train
2_nicolas_34,2_nicolas_34.wav,C:\Users\ASUS\Downloads\DangQuocThanhTai_final\data\raw\fsdd\recordings\2_nicolas_34.wav,2,nicolas,34,2498,train
2_nicolas_35,2_nicolas_35.wav,C:\Users\ASUS\Downloads\DangQuocThanhTai_final\data\raw\fsdd\recordings\2_nicolas_35.wav,2,nicolas,35,2730,train
2_nicolas_36,2_nicolas_36.wav,C:\Users\ASUS\Downloads\DangQuocThanhTai_final\data\raw\fsdd\recordings\2_nicolas_36.wav,2,nicolas,36,2615,train
2_nicolas_37,2_nicolas_37.wav,C:\Users\ASUS\Downloads\DangQuocThanhTai_final\data\raw\fsdd\recordings\2_nicolas_37.wav,2,nicolas,37,1597,train
2_nicolas_38,2_nicolas_38.wav,C:\Users\ASUS\Downloads\DangQuocThanhTai_final\data\raw\fsdd\recordings\2_nicolas_38.wav,2,nicolas,38,2789,train
2_nicolas_39,2_nicolas_39.wav,C:\Users\ASUS\Downloads\DangQuocThanhTai_final\data\raw\fsdd\recordings\2_nicolas_39.wav,2,nicolas,39,1801,train
2_nicolas_40,2_nicolas_40.wav,C:\Users\ASUS\Downloads\DangQuocThanhTai_final\data\raw\fsdd\recordings\2_nicolas_40.wav,2,nicolas,40,2754,train
2_nicolas_41,2_nicolas_41.wav,C:\Users\ASUS\Downloads\DangQuocThanhTai_final\data\raw\fsdd\recordings\2_nicolas_41.wav,2,nicolas,41,2878,train
2_nicolas_42,2_nicolas_42.wav,C:\Users\ASUS\Downloads\DangQuocThanhTai_final\data\raw\fsdd\recordings\2_nicolas_42.wav,2,nicolas,42,2382,train
2_nicolas_43,2_nicolas_43.wav,C:\Users\ASUS\Downloads\DangQuocThanhTai_final\data\raw\fsdd\recordings\2_nicolas_43.wav,2,nicolas,43,2569,train
2_nicolas_44,2_nicolas_44.wav,C:\Users\ASUS\Downloads\DangQuocThanhTai_final\data\raw\fsdd\recordings\2_nicolas_44.wav,2,nicolas,44,2506,train
2_nicolas_45,2_nicolas_45.wav,C:\Users\ASUS\Downloads\DangQuocThanhTai_final\data\raw\fsdd\recordings\2_nicolas_45.wav,2,nicolas,45,2259,train
2_nicolas_46,2_nicolas_46.wav,C:\Users\ASUS\Downloads\DangQuocThanhTai_final\data\raw\fsdd\recordings\2_nicolas_46.wav,2,nicolas,46,2228,train
2_nicolas_47,2_nicolas_47.wav,C:\Users\ASUS\Downloads\DangQuocThanhTai_final\data\raw\fsdd\recordings\2_nicolas_47.wav,2,nicolas,47,3372,train
2_nicolas_48,2_nicolas_48.wav,C:\Users\ASUS\Downloads\DangQuocThanhTai_final\data\raw\fsdd\recordings\2_nicolas_48.wav,2,nicolas,48,3342,train
2_nicolas_49,2_nicolas_49.wav,C:\Users\ASUS\Downloads\DangQuocThanhTai_final\data\raw\fsdd\recordings\2_nicolas_49.wav,2,nicolas,49,2878,train
2_theo_0,2_theo_0.wav,C:\Users\ASUS\Downloads\DangQuocThanhTai_final\data\raw\fsdd\recordings\2_theo_0.wav,2,theo,0,1953,test
2_theo_1,2_theo_1.wav,C:\Users\ASUS\Downloads\DangQuocThanhTai_final\data\raw\fsdd\recordings\2_theo_1.wav,2,theo,1,1819,test
2_theo_2,2_theo_2.wav,C:\Users\ASUS\Downloads\DangQuocThanhTai_final\data\raw\fsdd\recordings\2_theo_2.wav,2,theo,2,4216,test
2_theo_3,2_theo_3.wav,C:\Users\ASUS\Downloads\DangQuocThanhTai_final\data\raw\fsdd\recordings\2_theo_3.wav,2,theo,3,1601,test
2_theo_4,2_theo_4.wav,C:\Users\ASUS\Downloads\DangQuocThanhTai_final\data\raw\fsdd\recordings\2_theo_4.wav,2,theo,4,2129,test
2_theo_5,2_theo_5.wav,C:\Users\ASUS\Downloads\DangQuocThanhTai_final\data\raw\fsdd\recordings\2_theo_5.wav,2,theo,5,2192,val
2_theo_6,2_theo_6.wav,C:\Users\ASUS\Downloads\DangQuocThanhTai_final\data\raw\fsdd\recordings\2_theo_6.wav,2,theo,6,1854,val
2_theo_7,2_theo_7.wav,C:\Users\ASUS\Downloads\DangQuocThanhTai_final\data\raw\fsdd\recordings\2_theo_7.wav,2,theo,7,2037,val
2_theo_8,2_theo_8.wav,C:\Users\ASUS\Downloads\DangQuocThanhTai_final\data\raw\fsdd\recordings\2_theo_8.wav,2,theo,8,2146,val
2_theo_9,2_theo_9.wav,C:\Users\ASUS\Downloads\DangQuocThanhTai_final\data\raw\fsdd\recordings\2_theo_9.wav,2,theo,9,1943,val
2_theo_10,2_theo_10.wav,C:\Users\ASUS\Downloads\DangQuocThanhTai_final\data\raw\fsdd\recordings\2_theo_10.wav,2,theo,10,1664,train
2_theo_11,2_theo_11.wav,C:\Users\ASUS\Downloads\DangQuocThanhTai_final\data\raw\fsdd\recordings\2_theo_11.wav,2,theo,11,1962,train
2_theo_12,2_theo_12.wav,C:\Users\ASUS\Downloads\DangQuocThanhTai_final\data\raw\fsdd\recordings\2_theo_12.wav,2,theo,12,2273,train
2_theo_13,2_theo_13.wav,C:\Users\ASUS\Downloads\DangQuocThanhTai_final\data\raw\fsdd\recordings\2_theo_13.wav,2,theo,13,2064,train
2_theo_14,2_theo_14.wav,C:\Users\ASUS\Downloads\DangQuocThanhTai_final\data\raw\fsdd\recordings\2_theo_14.wav,2,theo,14,2098,train
2_theo_15,2_theo_15.wav,C:\Users\ASUS\Downloads\DangQuocThanhTai_final\data\raw\fsdd\recordings\2_theo_15.wav,2,theo,15,2104,train
2_theo_16,2_theo_16.wav,C:\Users\ASUS\Downloads\DangQuocThanhTai_final\data\raw\fsdd\recordings\2_theo_16.wav,2,theo,16,3850,train
2_theo_17,2_theo_17.wav,C:\Users\ASUS\Downloads\DangQuocThanhTai_final\data\raw\fsdd\recordings\2_theo_17.wav,2,theo,17,2663,train
2_theo_18,2_theo_18.wav,C:\Users\ASUS\Downloads\DangQuocThanhTai_final\data\raw\fsdd\recordings\2_theo_18.wav,2,theo,18,1639,train
2_theo_19,2_theo_19.wav,C:\Users\ASUS\Downloads\DangQuocThanhTai_final\data\raw\fsdd\recordings\2_theo_19.wav,2,theo,19,3865,train
2_theo_20,2_theo_20.wav,C:\Users\ASUS\Downloads\DangQuocThanhTai_final\data\raw\fsdd\recordings\2_theo_20.wav,2,theo,20,2958,train
2_theo_21,2_theo_21.wav,C:\Users\ASUS\Downloads\DangQuocThanhTai_final\data\raw\fsdd\recordings\2_theo_21.wav,2,theo,21,3307,train
2_theo_22,2_theo_22.wav,C:\Users\ASUS\Downloads\DangQuocThanhTai_final\data\raw\fsdd\recordings\2_theo_22.wav,2,theo,22,2907,train
2_theo_23,2_theo_23.wav,C:\Users\ASUS\Downloads\DangQuocThanhTai_final\data\raw\fsdd\recordings\2_theo_23.wav,2,theo,23,3682,train
2_theo_24,2_theo_24.wav,C:\Users\ASUS\Downloads\DangQuocThanhTai_final\data\raw\fsdd\recordings\2_theo_24.wav,2,theo,24,5167,train
2_theo_25,2_theo_25.wav,C:\Users\ASUS\Downloads\DangQuocThanhTai_final\data\raw\fsdd\recordings\2_theo_25.wav,2,theo,25,5324,train
2_theo_26,2_theo_26.wav,C:\Users\ASUS\Downloads\DangQuocThanhTai_final\data\raw\fsdd\recordings\2_theo_26.wav,2,theo,26,4984,train
2_theo_27,2_theo_27.wav,C:\Users\ASUS\Downloads\DangQuocThanhTai_final\data\raw\fsdd\recordings\2_theo_27.wav,2,theo,27,3548,train
2_theo_28,2_theo_28.wav,C:\Users\ASUS\Downloads\DangQuocThanhTai_final\data\raw\fsdd\recordings\2_theo_28.wav,2,theo,28,3089,train
2_theo_29,2_theo_29.wav,C:\Users\ASUS\Downloads\DangQuocThanhTai_final\data\raw\fsdd\recordings\2_theo_29.wav,2,theo,29,3403,train
2_theo_30,2_theo_30.wav,C:\Users\ASUS\Downloads\DangQuocThanhTai_final\data\raw\fsdd\recordings\2_theo_30.wav,2,theo,30,2068,train
2_theo_31,2_theo_31.wav,C:\Users\ASUS\Downloads\DangQuocThanhTai_final\data\raw\fsdd\recordings\2_theo_31.wav,2,theo,31,2673,train
2_theo_32,2_theo_32.wav,C:\Users\ASUS\Downloads\DangQuocThanhTai_final\data\raw\fsdd\recordings\2_theo_32.wav,2,theo,32,2185,train
2_theo_33,2_theo_33.wav,C:\Users\ASUS\Downloads\DangQuocThanhTai_final\data\raw\fsdd\recordings\2_theo_33.wav,2,theo,33,2247,train
2_theo_34,2_theo_34.wav,C:\Users\ASUS\Downloads\DangQuocThanhTai_final\data\raw\fsdd\recordings\2_theo_34.wav,2,theo,34,1288,train
2_theo_35,2_theo_35.wav,C:\Users\ASUS\Downloads\DangQuocThanhTai_final\data\raw\fsdd\recordings\2_theo_35.wav,2,theo,35,2153,train
2_theo_36,2_theo_36.wav,C:\Users\ASUS\Downloads\DangQuocThanhTai_final\data\raw\fsdd\recordings\2_theo_36.wav,2,theo,36,2190,train
2_theo_37,2_theo_37.wav,C:\Users\ASUS\Downloads\DangQuocThanhTai_final\data\raw\fsdd\recordings\2_theo_37.wav,2,theo,37,2139,train
2_theo_38,2_theo_38.wav,C:\Users\ASUS\Downloads\DangQuocThanhTai_final\data\raw\fsdd\recordings\2_theo_38.wav,2,theo,38,2869,train
2_theo_39,2_theo_39.wav,C:\Users\ASUS\Downloads\DangQuocThanhTai_final\data\raw\fsdd\recordings\2_theo_39.wav,2,theo,39,2226,train
2_theo_40,2_theo_40.wav,C:\Users\ASUS\Downloads\DangQuocThanhTai_final\data\raw\fsdd\recordings\2_theo_40.wav,2,theo,40,1910,train
2_theo_41,2_theo_41.wav,C:\Users\ASUS\Downloads\DangQuocThanhTai_final\data\raw\fsdd\recordings\2_theo_41.wav,2,theo,41,2264,train
2_theo_42,2_theo_42.wav,C:\Users\ASUS\Downloads\DangQuocThanhTai_final\data\raw\fsdd\recordings\2_theo_42.wav,2,theo,42,2112,train
2_theo_43,2_theo_43.wav,C:\Users\ASUS\Downloads\DangQuocThanhTai_final\data\raw\fsdd\recordings\2_theo_43.wav,2,theo,43,1854,train
2_theo_44,2_theo_44.wav,C:\Users\ASUS\Downloads\DangQuocThanhTai_final\data\raw\fsdd\recordings\2_theo_44.wav,2,theo,44,1807,train
2_theo_45,2_theo_45.wav,C:\Users\ASUS\Downloads\DangQuocThanhTai_final\data\raw\fsdd\recordings\2_theo_45.wav,2,theo,45,2121,train
2_theo_46,2_theo_46.wav,C:\Users\ASUS\Downloads\DangQuocThanhTai_final\data\raw\fsdd\recordings\2_theo_46.wav,2,theo,46,2078,train
2_theo_47,2_theo_47.wav,C:\Users\ASUS\Downloads\DangQuocThanhTai_final\data\raw\fsdd\recordings\2_theo_47.wav,2,theo,47,1704,train
2_theo_48,2_theo_48.wav,C:\Users\ASUS\Downloads\DangQuocThanhTai_final\data\raw\fsdd\recordings\2_theo_48.wav,2,theo,48,1896,train
2_theo_49,2_theo_49.wav,C:\Users\ASUS\Downloads\DangQuocThanhTai_final\data\raw\fsdd\recordings\2_theo_49.wav,2,theo,49,2042,train
2_yweweler_0,2_yweweler_0.wav,C:\Users\ASUS\Downloads\DangQuocThanhTai_final\data\raw\fsdd\recordings\2_yweweler_0.wav,2,yweweler,0,2199,test
2_yweweler_1,2_yweweler_1.wav,C:\Users\ASUS\Downloads\DangQuocThanhTai_final\data\raw\fsdd\recordings\2_yweweler_1.wav,2,yweweler,1,2430,test
2_yweweler_2,2_yweweler_2.wav,C:\Users\ASUS\Downloads\DangQuocThanhTai_final\data\raw\fsdd\recordings\2_yweweler_2.wav,2,yweweler,2,1906,test
2_yweweler_3,2_yweweler_3.wav,C:\Users\ASUS\Downloads\DangQuocThanhTai_final\data\raw\fsdd\recordings\2_yweweler_3.wav,2,yweweler,3,2241,test
2_yweweler_4,2_yweweler_4.wav,C:\Users\ASUS\Downloads\DangQuocThanhTai_final\data\raw\fsdd\recordings\2_yweweler_4.wav,2,yweweler,4,2328,test
2_yweweler_5,2_yweweler_5.wav,C:\Users\ASUS\Downloads\DangQuocThanhTai_final\data\raw\fsdd\recordings\2_yweweler_5.wav,2,yweweler,5,2594,val
2_yweweler_6,2_yweweler_6.wav,C:\Users\ASUS\Downloads\DangQuocThanhTai_final\data\raw\fsdd\recordings\2_yweweler_6.wav,2,yweweler,6,2517,val
2_yweweler_7,2_yweweler_7.wav,C:\Users\ASUS\Downloads\DangQuocThanhTai_final\data\raw\fsdd\recordings\2_yweweler_7.wav,2,yweweler,7,2660,val
2_yweweler_8,2_yweweler_8.wav,C:\Users\ASUS\Downloads\DangQuocThanhTai_final\data\raw\fsdd\recordings\2_yweweler_8.wav,2,yweweler,8,2199,val
2_yweweler_9,2_yweweler_9.wav,C:\Users\ASUS\Downloads\DangQuocThanhTai_final\data\raw\fsdd\recordings\2_yweweler_9.wav,2,yweweler,9,2197,val
2_yweweler_10,2_yweweler_10.wav,C:\Users\ASUS\Downloads\DangQuocThanhTai_final\data\raw\fsdd\recordings\2_yweweler_10.wav,2,yweweler,10,2123,train
2_yweweler_11,2_yweweler_11.wav,C:\Users\ASUS\Downloads\DangQuocThanhTai_final\data\raw\fsdd\recordings\2_yweweler_11.wav,2,yweweler,11,2257,train
2_yweweler_12,2_yweweler_12.wav,C:\Users\ASUS\Downloads\DangQuocThanhTai_final\data\raw\fsdd\recordings\2_yweweler_12.wav,2,yweweler,12,2194,train
2_yweweler_13,2_yweweler_13.wav,C:\Users\ASUS\Downloads\DangQuocThanhTai_final\data\raw\fsdd\recordings\2_yweweler_13.wav,2,yweweler,13,2139,train
2_yweweler_14,2_yweweler_14.wav,C:\Users\ASUS\Downloads\DangQuocThanhTai_final\data\raw\fsdd\recordings\2_yweweler_14.wav,2,yweweler,14,2485,train
2_yweweler_15,2_yweweler_15.wav,C:\Users\ASUS\Downloads\DangQuocThanhTai_final\data\raw\fsdd\recordings\2_yweweler_15.wav,2,yweweler,15,2331,train
2_yweweler_16,2_yweweler_16.wav,C:\Users\ASUS\Downloads\DangQuocThanhTai_final\data\raw\fsdd\recordings\2_yweweler_16.wav,2,yweweler,16,2566,train
2_yweweler_17,2_yweweler_17.wav,C:\Users\ASUS\Downloads\DangQuocThanhTai_final\data\raw\fsdd\recordings\2_yweweler_17.wav,2,yweweler,17,2411,train
2_yweweler_18,2_yweweler_18.wav,C:\Users\ASUS\Downloads\DangQuocThanhTai_final\data\raw\fsdd\recordings\2_yweweler_18.wav,2,yweweler,18,2402,train
2_yweweler_19,2_yweweler_19.wav,C:\Users\ASUS\Downloads\DangQuocThanhTai_final\data\raw\fsdd\recordings\2_yweweler_19.wav,2,yweweler,19,2027,train
2_yweweler_20,2_yweweler_20.wav,C:\Users\ASUS\Downloads\DangQuocThanhTai_final\data\raw\fsdd\recordings\2_yweweler_20.wav,2,yweweler,20,2339,train
2_yweweler_21,2_yweweler_21.wav,C:\Users\ASUS\Downloads\DangQuocThanhTai_final\data\raw\fsdd\recordings\2_yweweler_21.wav,2,yweweler,21,2455,train
2_yweweler_22,2_yweweler_22.wav,C:\Users\ASUS\Downloads\DangQuocThanhTai_final\data\raw\fsdd\recordings\2_yweweler_22.wav,2,yweweler,22,2426,train
2_yweweler_23,2_yweweler_23.wav,C:\Users\ASUS\Downloads\DangQuocThanhTai_final\data\raw\fsdd\recordings\2_yweweler_23.wav,2,yweweler,23,2403,train
2_yweweler_24,2_yweweler_24.wav,C:\Users\ASUS\Downloads\DangQuocThanhTai_final\data\raw\fsdd\recordings\2_yweweler_24.wav,2,yweweler,24,2306,train
2_yweweler_25,2_yweweler_25.wav,C:\Users\ASUS\Downloads\DangQuocThanhTai_final\data\raw\fsdd\recordings\2_yweweler_25.wav,2,yweweler,25,1900,train
2_yweweler_26,2_yweweler_26.wav,C:\Users\ASUS\Downloads\DangQuocThanhTai_final\data\raw\fsdd\recordings\2_yweweler_26.wav,2,yweweler,26,2595,train
2_yweweler_27,2_yweweler_27.wav,C:\Users\ASUS\Downloads\DangQuocThanhTai_final\data\raw\fsdd\recordings\2_yweweler_27.wav,2,yweweler,27,2648,train
2_yweweler_28,2_yweweler_28.wav,C:\Users\ASUS\Downloads\DangQuocThanhTai_final\data\raw\fsdd\recordings\2_yweweler_28.wav,2,yweweler,28,2783,train
2_yweweler_29,2_yweweler_29.wav,C:\Users\ASUS\Downloads\DangQuocThanhTai_final\data\raw\fsdd\recordings\2_yweweler_29.wav,2,yweweler,29,2794,train
2_yweweler_30,2_yweweler_30.wav,C:\Users\ASUS\Downloads\DangQuocThanhTai_final\data\raw\fsdd\recordings\2_yweweler_30.wav,2,yweweler,30,2310,train
2_yweweler_31,2_yweweler_31.wav,C:\Users\ASUS\Downloads\DangQuocThanhTai_final\data\raw\fsdd\recordings\2_yweweler_31.wav,2,yweweler,31,2239,train
2_yweweler_32,2_yweweler_32.wav,C:\Users\ASUS\Downloads\DangQuocThanhTai_final\data\raw\fsdd\recordings\2_yweweler_32.wav,2,yweweler,32,2441,train
2_yweweler_33,2_yweweler_33.wav,C:\Users\ASUS\Downloads\DangQuocThanhTai_final\data\raw\fsdd\recordings\2_yweweler_33.wav,2,yweweler,33,2377,train
2_yweweler_34,2_yweweler_34.wav,C:\Users\ASUS\Downloads\DangQuocThanhTai_final\data\raw\fsdd\recordings\2_yweweler_34.wav,2,yweweler,34,2610,train
2_yweweler_35,2_yweweler_35.wav,C:\Users\ASUS\Downloads\DangQuocThanhTai_final\data\raw\fsdd\recordings\2_yweweler_35.wav,2,yweweler,35,2222,train
2_yweweler_36,2_yweweler_36.wav,C:\Users\ASUS\Downloads\DangQuocThanhTai_final\data\raw\fsdd\recordings\2_yweweler_36.wav,2,yweweler,36,3325,train
2_yweweler_37,2_yweweler_37.wav,C:\Users\ASUS\Downloads\DangQuocThanhTai_final\data\raw\fsdd\recordings\2_yweweler_37.wav,2,yweweler,37,3067,train
2_yweweler_38,2_yweweler_38.wav,C:\Users\ASUS\Downloads\DangQuocThanhTai_final\data\raw\fsdd\recordings\2_yweweler_38.wav,2,yweweler,38,3158,train
2_yweweler_39,2_yweweler_39.wav,C:\Users\ASUS\Downloads\DangQuocThanhTai_final\data\raw\fsdd\recordings\2_yweweler_39.wav,2,yweweler,39,2792,train
2_yweweler_40,2_yweweler_40.wav,C:\Users\ASUS\Downloads\DangQuocThanhTai_final\data\raw\fsdd\recordings\2_yweweler_40.wav,2,yweweler,40,2737,train
2_yweweler_41,2_yweweler_41.wav,C:\Users\ASUS\Downloads\DangQuocThanhTai_final\data\raw\fsdd\recordings\2_yweweler_41.wav,2,yweweler,41,2479,train
2_yweweler_42,2_yweweler_42.wav,C:\Users\ASUS\Downloads\DangQuocThanhTai_final\data\raw\fsdd\recordings\2_yweweler_42.wav,2,yweweler,42,2070,train
2_yweweler_43,2_yweweler_43.wav,C:\Users\ASUS\Downloads\DangQuocThanhTai_final\data\raw\fsdd\recordings\2_yweweler_43.wav,2,yweweler,43,2278,train
2_yweweler_44,2_yweweler_44.wav,C:\Users\ASUS\Downloads\DangQuocThanhTai_final\data\raw\fsdd\recordings\2_yweweler_44.wav,2,yweweler,44,2354,train
2_yweweler_45,2_yweweler_45.wav,C:\Users\ASUS\Downloads\DangQuocThanhTai_final\data\raw\fsdd\recordings\2_yweweler_45.wav,2,yweweler,45,2034,train
2_yweweler_46,2_yweweler_46.wav,C:\Users\ASUS\Downloads\DangQuocThanhTai_final\data\raw\fsdd\recordings\2_yweweler_46.wav,2,yweweler,46,2635,train
2_yweweler_47,2_yweweler_47.wav,C:\Users\ASUS\Downloads\DangQuocThanhTai_final\data\raw\fsdd\recordings\2_yweweler_47.wav,2,yweweler,47,1973,train
2_yweweler_48,2_yweweler_48.wav,C:\Users\ASUS\Downloads\DangQuocThanhTai_final\data\raw\fsdd\recordings\2_yweweler_48.wav,2,yweweler,48,2524,train
2_yweweler_49,2_yweweler_49.wav,C:\Users\ASUS\Downloads\DangQuocThanhTai_final\data\raw\fsdd\recordings\2_yweweler_49.wav,2,yweweler,49,2416,train
3_george_0,3_george_0.wav,C:\Users\ASUS\Downloads\DangQuocThanhTai_final\data\raw\fsdd\recordings\3_george_0.wav,3,george,0,3979,test
3_george_1,3_george_1.wav,C:\Users\ASUS\Downloads\DangQuocThanhTai_final\data\raw\fsdd\recordings\3_george_1.wav,3,george,1,3995,test
3_george_2,3_george_2.wav,C:\Users\ASUS\Downloads\DangQuocThanhTai_final\data\raw\fsdd\recordings\3_george_2.wav,3,george,2,3918,test
3_george_3,3_george_3.wav,C:\Users\ASUS\Downloads\DangQuocThanhTai_final\data\raw\fsdd\recordings\3_george_3.wav,3,george,3,4252,test
3_george_4,3_george_4.wav,C:\Users\ASUS\Downloads\DangQuocThanhTai_final\data\raw\fsdd\recordings\3_george_4.wav,3,george,4,3522,test
3_george_5,3_george_5.wav,C:\Users\ASUS\Downloads\DangQuocThanhTai_final\data\raw\fsdd\recordings\3_george_5.wav,3,george,5,3034,val
3_george_6,3_george_6.wav,C:\Users\ASUS\Downloads\DangQuocThanhTai_final\data\raw\fsdd\recordings\3_george_6.wav,3,george,6,3298,val
3_george_7,3_george_7.wav,C:\Users\ASUS\Downloads\DangQuocThanhTai_final\data\raw\fsdd\recordings\3_george_7.wav,3,george,7,4064,val
3_george_8,3_george_8.wav,C:\Users\ASUS\Downloads\DangQuocThanhTai_final\data\raw\fsdd\recordings\3_george_8.wav,3,george,8,3073,val
3_george_9,3_george_9.wav,C:\Users\ASUS\Downloads\DangQuocThanhTai_final\data\raw\fsdd\recordings\3_george_9.wav,3,george,9,3464,val
3_george_10,3_george_10.wav,C:\Users\ASUS\Downloads\DangQuocThanhTai_final\data\raw\fsdd\recordings\3_george_10.wav,3,george,10,3774,train
3_george_11,3_george_11.wav,C:\Users\ASUS\Downloads\DangQuocThanhTai_final\data\raw\fsdd\recordings\3_george_11.wav,3,george,11,3293,train
3_george_12,3_george_12.wav,C:\Users\ASUS\Downloads\DangQuocThanhTai_final\data\raw\fsdd\recordings\3_george_12.wav,3,george,12,3239,train
3_george_13,3_george_13.wav,C:\Users\ASUS\Downloads\DangQuocThanhTai_final\data\raw\fsdd\recordings\3_george_13.wav,3,george,13,3350,train
3_george_14,3_george_14.wav,C:\Users\ASUS\Downloads\DangQuocThanhTai_final\data\raw\fsdd\recordings\3_george_14.wav,3,george,14,2843,train
3_george_15,3_george_15.wav,C:\Users\ASUS\Downloads\DangQuocThanhTai_final\data\raw\fsdd\recordings\3_george_15.wav,3,george,15,3187,train
3_george_16,3_george_16.wav,C:\Users\ASUS\Downloads\DangQuocThanhTai_final\data\raw\fsdd\recordings\3_george_16.wav,3,george,16,4148,train
3_george_17,3_george_17.wav,C:\Users\ASUS\Downloads\DangQuocThanhTai_final\data\raw\fsdd\recordings\3_george_17.wav,3,george,17,3410,train
3_george_18,3_george_18.wav,C:\Users\ASUS\Downloads\DangQuocThanhTai_final\data\raw\fsdd\recordings\3_george_18.wav,3,george,18,2979,train
3_george_19,3_george_19.wav,C:\Users\ASUS\Downloads\DangQuocThanhTai_final\data\raw\fsdd\recordings\3_george_19.wav,3,george,19,2577,train
3_george_20,3_george_20.wav,C:\Users\ASUS\Downloads\DangQuocThanhTai_final\data\raw\fsdd\recordings\3_george_20.wav,3,george,20,1531,train
3_george_21,3_george_21.wav,C:\Users\ASUS\Downloads\DangQuocThanhTai_final\data\raw\fsdd\recordings\3_george_21.wav,3,george,21,2710,train
3_george_22,3_george_22.wav,C:\Users\ASUS\Downloads\DangQuocThanhTai_final\data\raw\fsdd\recordings\3_george_22.wav,3,george,22,3074,train
3_george_23,3_george_23.wav,C:\Users\ASUS\Downloads\DangQuocThanhTai_final\data\raw\fsdd\recordings\3_george_23.wav,3,george,23,2481,train
3_george_24,3_george_24.wav,C:\Users\ASUS\Downloads\DangQuocThanhTai_final\data\raw\fsdd\recordings\3_george_24.wav,3,george,24,2792,train
3_george_25,3_george_25.wav,C:\Users\ASUS\Downloads\DangQuocThanhTai_final\data\raw\fsdd\recordings\3_george_25.wav,3,george,25,2308,train
3_george_26,3_george_26.wav,C:\Users\ASUS\Downloads\DangQuocThanhTai_final\data\raw\fsdd\recordings\3_george_26.wav,3,george,26,3213,train
3_george_27,3_george_27.wav,C:\Users\ASUS\Downloads\DangQuocThanhTai_final\data\raw\fsdd\recordings\3_george_27.wav,3,george,27,3111,train
3_george_28,3_george_28.wav,C:\Users\ASUS\Downloads\DangQuocThanhTai_final\data\raw\fsdd\recordings\3_george_28.wav,3,george,28,3181,train
3_george_29,3_george_29.wav,C:\Users\ASUS\Downloads\DangQuocThanhTai_final\data\raw\fsdd\recordings\3_george_29.wav,3,george,29,2572,train
3_george_30,3_george_30.wav,C:\Users\ASUS\Downloads\DangQuocThanhTai_final\data\raw\fsdd\recordings\3_george_30.wav,3,george,30,2210,train
3_george_31,3_george_31.wav,C:\Users\ASUS\Downloads\DangQuocThanhTai_final\data\raw\fsdd\recordings\3_george_31.wav,3,george,31,2212,train
3_george_32,3_george_32.wav,C:\Users\ASUS\Downloads\DangQuocThanhTai_final\data\raw\fsdd\recordings\3_george_32.wav,3,george,32,2503,train
3_george_33,3_george_33.wav,C:\Users\ASUS\Downloads\DangQuocThanhTai_final\data\raw\fsdd\recordings\3_george_33.wav,3,george,33,3028,train
3_george_34,3_george_34.wav,C:\Users\ASUS\Downloads\DangQuocThanhTai_final\data\raw\fsdd\recordings\3_george_34.wav,3,george,34,3253,train
3_george_35,3_george_35.wav,C:\Users\ASUS\Downloads\DangQuocThanhTai_final\data\raw\fsdd\recordings\3_george_35.wav,3,george,35,2872,train
3_george_36,3_george_36.wav,C:\Users\ASUS\Downloads\DangQuocThanhTai_final\data\raw\fsdd\recordings\3_george_36.wav,3,george,36,2252,train
3_george_37,3_george_37.wav,C:\Users\ASUS\Downloads\DangQuocThanhTai_final\data\raw\fsdd\recordings\3_george_37.wav,3,george,37,2496,train
3_george_38,3_george_38.wav,C:\Users\ASUS\Downloads\DangQuocThanhTai_final\data\raw\fsdd\recordings\3_george_38.wav,3,george,38,2377,train
3_george_39,3_george_39.wav,C:\Users\ASUS\Downloads\DangQuocThanhTai_final\data\raw\fsdd\recordings\3_george_39.wav,3,george,39,1541,train
3_george_40,3_george_40.wav,C:\Users\ASUS\Downloads\DangQuocThanhTai_final\data\raw\fsdd\recordings\3_george_40.wav,3,george,40,3277,train
3_george_41,3_george_41.wav,C:\Users\ASUS\Downloads\DangQuocThanhTai_final\data\raw\fsdd\recordings\3_george_41.wav,3,george,41,3072,train
3_george_42,3_george_42.wav,C:\Users\ASUS\Downloads\DangQuocThanhTai_final\data\raw\fsdd\recordings\3_george_42.wav,3,george,42,2351,train
3_george_43,3_george_43.wav,C:\Users\ASUS\Downloads\DangQuocThanhTai_final\data\raw\fsdd\recordings\3_george_43.wav,3,george,43,3322,train
3_george_44,3_george_44.wav,C:\Users\ASUS\Downloads\DangQuocThanhTai_final\data\raw\fsdd\recordings\3_george_44.wav,3,george,44,2737,train
3_george_45,3_george_45.wav,C:\Users\ASUS\Downloads\DangQuocThanhTai_final\data\raw\fsdd\recordings\3_george_45.wav,3,george,45,3218,train
3_george_46,3_george_46.wav,C:\Users\ASUS\Downloads\DangQuocThanhTai_final\data\raw\fsdd\recordings\3_george_46.wav,3,george,46,3314,train
3_george_47,3_george_47.wav,C:\Users\ASUS\Downloads\DangQuocThanhTai_final\data\raw\fsdd\recordings\3_george_47.wav,3,george,47,2642,train
3_george_48,3_george_48.wav,C:\Users\ASUS\Downloads\DangQuocThanhTai_final\data\raw\fsdd\recordings\3_george_48.wav,3,george,48,3323,train
3_george_49,3_george_49.wav,C:\Users\ASUS\Downloads\DangQuocThanhTai_final\data\raw\fsdd\recordings\3_george_49.wav,3,george,49,2273,train
3_jackson_0,3_jackson_0.wav,C:\Users\ASUS\Downloads\DangQuocThanhTai_final\data\raw\fsdd\recordings\3_jackson_0.wav,3,jackson,0,3886,test
3_jackson_1,3_jackson_1.wav,C:\Users\ASUS\Downloads\DangQuocThanhTai_final\data\raw\fsdd\recordings\3_jackson_1.wav,3,jackson,1,3756,test
3_jackson_2,3_jackson_2.wav,C:\Users\ASUS\Downloads\DangQuocThanhTai_final\data\raw\fsdd\recordings\3_jackson_2.wav,3,jackson,2,4077,test
3_jackson_3,3_jackson_3.wav,C:\Users\ASUS\Downloads\DangQuocThanhTai_final\data\raw\fsdd\recordings\3_jackson_3.wav,3,jackson,3,4101,test
3_jackson_4,3_jackson_4.wav,C:\Users\ASUS\Downloads\DangQuocThanhTai_final\data\raw\fsdd\recordings\3_jackson_4.wav,3,jackson,4,3571,test
3_jackson_5,3_jackson_5.wav,C:\Users\ASUS\Downloads\DangQuocThanhTai_final\data\raw\fsdd\recordings\3_jackson_5.wav,3,jackson,5,3607,val
3_jackson_6,3_jackson_6.wav,C:\Users\ASUS\Downloads\DangQuocThanhTai_final\data\raw\fsdd\recordings\3_jackson_6.wav,3,jackson,6,3743,val
3_jackson_7,3_jackson_7.wav,C:\Users\ASUS\Downloads\DangQuocThanhTai_final\data\raw\fsdd\recordings\3_jackson_7.wav,3,jackson,7,3910,val
3_jackson_8,3_jackson_8.wav,C:\Users\ASUS\Downloads\DangQuocThanhTai_final\data\raw\fsdd\recordings\3_jackson_8.wav,3,jackson,8,3626,val
3_jackson_9,3_jackson_9.wav,C:\Users\ASUS\Downloads\DangQuocThanhTai_final\data\raw\fsdd\recordings\3_jackson_9.wav,3,jackson,9,3945,val
3_jackson_10,3_jackson_10.wav,C:\Users\ASUS\Downloads\DangQuocThanhTai_final\data\raw\fsdd\recordings\3_jackson_10.wav,3,jackson,10,3691,train
3_jackson_11,3_jackson_11.wav,C:\Users\ASUS\Downloads\DangQuocThanhTai_final\data\raw\fsdd\recordings\3_jackson_11.wav,3,jackson,11,3577,train
3_jackson_12,3_jackson_12.wav,C:\Users\ASUS\Downloads\DangQuocThanhTai_final\data\raw\fsdd\recordings\3_jackson_12.wav,3,jackson,12,3814,train
3_jackson_13,3_jackson_13.wav,C:\Users\ASUS\Downloads\DangQuocThanhTai_final\data\raw\fsdd\recordings\3_jackson_13.wav,3,jackson,13,3482,train
3_jackson_14,3_jackson_14.wav,C:\Users\ASUS\Downloads\DangQuocThanhTai_final\data\raw\fsdd\recordings\3_jackson_14.wav,3,jackson,14,4014,train
3_jackson_15,3_jackson_15.wav,C:\Users\ASUS\Downloads\DangQuocThanhTai_final\data\raw\fsdd\recordings\3_jackson_15.wav,3,jackson,15,3710,train
3_jackson_16,3_jackson_16.wav,C:\Users\ASUS\Downloads\DangQuocThanhTai_final\data\raw\fsdd\recordings\3_jackson_16.wav,3,jackson,16,3839,train
3_jackson_17,3_jackson_17.wav,C:\Users\ASUS\Downloads\DangQuocThanhTai_final\data\raw\fsdd\recordings\3_jackson_17.wav,3,jackson,17,3601,train
3_jackson_18,3_jackson_18.wav,C:\Users\ASUS\Downloads\DangQuocThanhTai_final\data\raw\fsdd\recordings\3_jackson_18.wav,3,jackson,18,3863,train
3_jackson_19,3_jackson_19.wav,C:\Users\ASUS\Downloads\DangQuocThanhTai_final\data\raw\fsdd\recordings\3_jackson_19.wav,3,jackson,19,3530,train
3_jackson_20,3_jackson_20.wav,C:\Users\ASUS\Downloads\DangQuocThanhTai_final\data\raw\fsdd\recordings\3_jackson_20.wav,3,jackson,20,3778,train
3_jackson_21,3_jackson_21.wav,C:\Users\ASUS\Downloads\DangQuocThanhTai_final\data\raw\fsdd\recordings\3_jackson_21.wav,3,jackson,21,3643,train
3_jackson_22,3_jackson_22.wav,C:\Users\ASUS\Downloads\DangQuocThanhTai_final\data\raw\fsdd\recordings\3_jackson_22.wav,3,jackson,22,3430,train
3_jackson_23,3_jackson_23.wav,C:\Users\ASUS\Downloads\DangQuocThanhTai_final\data\raw\fsdd\recordings\3_jackson_23.wav,3,jackson,23,3659,train
3_jackson_24,3_jackson_24.wav,C:\Users\ASUS\Downloads\DangQuocThanhTai_final\data\raw\fsdd\recordings\3_jackson_24.wav,3,jackson,24,3414,train
3_jackson_25,3_jackson_25.wav,C:\Users\ASUS\Downloads\DangQuocThanhTai_final\data\raw\fsdd\recordings\3_jackson_25.wav,3,jackson,25,3832,train
3_jackson_26,3_jackson_26.wav,C:\Users\ASUS\Downloads\DangQuocThanhTai_final\data\raw\fsdd\recordings\3_jackson_26.wav,3,jackson,26,3557,train
3_jackson_27,3_jackson_27.wav,C:\Users\ASUS\Downloads\DangQuocThanhTai_final\data\raw\fsdd\recordings\3_jackson_27.wav,3,jackson,27,3687,train
3_jackson_28,3_jackson_28.wav,C:\Users\ASUS\Downloads\DangQuocThanhTai_final\data\raw\fsdd\recordings\3_jackson_28.wav,3,jackson,28,3541,train
3_jackson_29,3_jackson_29.wav,C:\Users\ASUS\Downloads\DangQuocThanhTai_final\data\raw\fsdd\recordings\3_jackson_29.wav,3,jackson,29,3861,train
3_jackson_30,3_jackson_30.wav,C:\Users\ASUS\Downloads\DangQuocThanhTai_final\data\raw\fsdd\recordings\3_jackson_30.wav,3,jackson,30,3877,train
3_jackson_31,3_jackson_31.wav,C:\Users\ASUS\Downloads\DangQuocThanhTai_final\data\raw\fsdd\recordings\3_jackson_31.wav,3,jackson,31,3889,train
3_jackson_32,3_jackson_32.wav,C:\Users\ASUS\Downloads\DangQuocThanhTai_final\data\raw\fsdd\recordings\3_jackson_32.wav,3,jackson,32,3818,train
3_jackson_33,3_jackson_33.wav,C:\Users\ASUS\Downloads\DangQuocThanhTai_final\data\raw\fsdd\recordings\3_jackson_33.wav,3,jackson,33,3870,train
3_jackson_34,3_jackson_34.wav,C:\Users\ASUS\Downloads\DangQuocThanhTai_final\data\raw\fsdd\recordings\3_jackson_34.wav,3,jackson,34,3818,train
3_jackson_35,3_jackson_35.wav,C:\Users\ASUS\Downloads\DangQuocThanhTai_final\data\raw\fsdd\recordings\3_jackson_35.wav,3,jackson,35,4175,train
3_jackson_36,3_jackson_36.wav,C:\Users\ASUS\Downloads\DangQuocThanhTai_final\data\raw\fsdd\recordings\3_jackson_36.wav,3,jackson,36,4100,train
3_jackson_37,3_jackson_37.wav,C:\Users\ASUS\Downloads\DangQuocThanhTai_final\data\raw\fsdd\recordings\3_jackson_37.wav,3,jackson,37,4086,train
3_jackson_38,3_jackson_38.wav,C:\Users\ASUS\Downloads\DangQuocThanhTai_final\data\raw\fsdd\recordings\3_jackson_38.wav,3,jackson,38,4243,train
3_jackson_39,3_jackson_39.wav,C:\Users\ASUS\Downloads\DangQuocThanhTai_final\data\raw\fsdd\recordings\3_jackson_39.wav,3,jackson,39,4044,train
3_jackson_40,3_jackson_40.wav,C:\Users\ASUS\Downloads\DangQuocThanhTai_final\data\raw\fsdd\recordings\3_jackson_40.wav,3,jackson,40,4169,train
3_jackson_41,3_jackson_41.wav,C:\Users\ASUS\Downloads\DangQuocThanhTai_final\data\raw\fsdd\recordings\3_jackson_41.wav,3,jackson,41,3998,train
3_jackson_42,3_jackson_42.wav,C:\Users\ASUS\Downloads\DangQuocThanhTai_final\data\raw\fsdd\recordings\3_jackson_42.wav,3,jackson,42,4036,train
3_jackson_43,3_jackson_43.wav,C:\Users\ASUS\Downloads\DangQuocThanhTai_final\data\raw\fsdd\recordings\3_jackson_43.wav,3,jackson,43,4008,train
3_jackson_44,3_jackson_44.wav,C:\Users\ASUS\Downloads\DangQuocThanhTai_final\data\raw\fsdd\recordings\3_jackson_44.wav,3,jackson,44,4426,train
3_jackson_45,3_jackson_45.wav,C:\Users\ASUS\Downloads\DangQuocThanhTai_final\data\raw\fsdd\recordings\3_jackson_45.wav,3,jackson,45,4558,train
3_jackson_46,3_jackson_46.wav,C:\Users\ASUS\Downloads\DangQuocThanhTai_final\data\raw\fsdd\recordings\3_jackson_46.wav,3,jackson,46,4290,train
3_jackson_47,3_jackson_47.wav,C:\Users\ASUS\Downloads\DangQuocThanhTai_final\data\raw\fsdd\recordings\3_jackson_47.wav,3,jackson,47,4546,train
3_jackson_48,3_jackson_48.wav,C:\Users\ASUS\Downloads\DangQuocThanhTai_final\data\raw\fsdd\recordings\3_jackson_48.wav,3,jackson,48,4112,train
3_jackson_49,3_jackson_49.wav,C:\Users\ASUS\Downloads\DangQuocThanhTai_final\data\raw\fsdd\recordings\3_jackson_49.wav,3,jackson,49,4175,train
3_lucas_0,3_lucas_0.wav,C:\Users\ASUS\Downloads\DangQuocThanhTai_final\data\raw\fsdd\recordings\3_lucas_0.wav,3,lucas,0,4932,test
3_lucas_1,3_lucas_1.wav,C:\Users\ASUS\Downloads\DangQuocThanhTai_final\data\raw\fsdd\recordings\3_lucas_1.wav,3,lucas,1,4863,test
3_lucas_2,3_lucas_2.wav,C:\Users\ASUS\Downloads\DangQuocThanhTai_final\data\raw\fsdd\recordings\3_lucas_2.wav,3,lucas,2,4672,test
3_lucas_3,3_lucas_3.wav,C:\Users\ASUS\Downloads\DangQuocThanhTai_final\data\raw\fsdd\recordings\3_lucas_3.wav,3,lucas,3,3605,test
3_lucas_4,3_lucas_4.wav,C:\Users\ASUS\Downloads\DangQuocThanhTai_final\data\raw\fsdd\recordings\3_lucas_4.wav,3,lucas,4,4287,test
3_lucas_5,3_lucas_5.wav,C:\Users\ASUS\Downloads\DangQuocThanhTai_final\data\raw\fsdd\recordings\3_lucas_5.wav,3,lucas,5,4251,val
3_lucas_6,3_lucas_6.wav,C:\Users\ASUS\Downloads\DangQuocThanhTai_final\data\raw\fsdd\recordings\3_lucas_6.wav,3,lucas,6,5695,val
3_lucas_7,3_lucas_7.wav,C:\Users\ASUS\Downloads\DangQuocThanhTai_final\data\raw\fsdd\recordings\3_lucas_7.wav,3,lucas,7,10504,val
3_lucas_8,3_lucas_8.wav,C:\Users\ASUS\Downloads\DangQuocThanhTai_final\data\raw\fsdd\recordings\3_lucas_8.wav,3,lucas,8,4744,val
3_lucas_9,3_lucas_9.wav,C:\Users\ASUS\Downloads\DangQuocThanhTai_final\data\raw\fsdd\recordings\3_lucas_9.wav,3,lucas,9,10095,val
3_lucas_10,3_lucas_10.wav,C:\Users\ASUS\Downloads\DangQuocThanhTai_final\data\raw\fsdd\recordings\3_lucas_10.wav,3,lucas,10,4340,train
3_lucas_11,3_lucas_11.wav,C:\Users\ASUS\Downloads\DangQuocThanhTai_final\data\raw\fsdd\recordings\3_lucas_11.wav,3,lucas,11,4571,train
3_lucas_12,3_lucas_12.wav,C:\Users\ASUS\Downloads\DangQuocThanhTai_final\data\raw\fsdd\recordings\3_lucas_12.wav,3,lucas,12,5158,train
3_lucas_13,3_lucas_13.wav,C:\Users\ASUS\Downloads\DangQuocThanhTai_final\data\raw\fsdd\recordings\3_lucas_13.wav,3,lucas,13,4012,train
3_lucas_14,3_lucas_14.wav,C:\Users\ASUS\Downloads\DangQuocThanhTai_final\data\raw\fsdd\recordings\3_lucas_14.wav,3,lucas,14,5137,train
3_lucas_15,3_lucas_15.wav,C:\Users\ASUS\Downloads\DangQuocThanhTai_final\data\raw\fsdd\recordings\3_lucas_15.wav,3,lucas,15,4928,train
3_lucas_16,3_lucas_16.wav,C:\Users\ASUS\Downloads\DangQuocThanhTai_final\data\raw\fsdd\recordings\3_lucas_16.wav,3,lucas,16,6263,train
3_lucas_17,3_lucas_17.wav,C:\Users\ASUS\Downloads\DangQuocThanhTai_final\data\raw\fsdd\recordings\3_lucas_17.wav,3,lucas,17,4522,train
3_lucas_18,3_lucas_18.wav,C:\Users\ASUS\Downloads\DangQuocThanhTai_final\data\raw\fsdd\recordings\3_lucas_18.wav,3,lucas,18,5012,train
3_lucas_19,3_lucas_19.wav,C:\Users\ASUS\Downloads\DangQuocThanhTai_final\data\raw\fsdd\recordings\3_lucas_19.wav,3,lucas,19,4570,train
3_lucas_20,3_lucas_20.wav,C:\Users\ASUS\Downloads\DangQuocThanhTai_final\data\raw\fsdd\recordings\3_lucas_20.wav,3,lucas,20,4229,train
3_lucas_21,3_lucas_21.wav,C:\Users\ASUS\Downloads\DangQuocThanhTai_final\data\raw\fsdd\recordings\3_lucas_21.wav,3,lucas,21,3572,train
3_lucas_22,3_lucas_22.wav,C:\Users\ASUS\Downloads\DangQuocThanhTai_final\data\raw\fsdd\recordings\3_lucas_22.wav,3,lucas,22,5895,train
3_lucas_23,3_lucas_23.wav,C:\Users\ASUS\Downloads\DangQuocThanhTai_final\data\raw\fsdd\recordings\3_lucas_23.wav,3,lucas,23,4282,train
3_lucas_24,3_lucas_24.wav,C:\Users\ASUS\Downloads\DangQuocThanhTai_final\data\raw\fsdd\recordings\3_lucas_24.wav,3,lucas,24,5096,train
3_lucas_25,3_lucas_25.wav,C:\Users\ASUS\Downloads\DangQuocThanhTai_final\data\raw\fsdd\recordings\3_lucas_25.wav,3,lucas,25,5750,train
3_lucas_26,3_lucas_26.wav,C:\Users\ASUS\Downloads\DangQuocThanhTai_final\data\raw\fsdd\recordings\3_lucas_26.wav,3,lucas,26,5733,train
3_lucas_27,3_lucas_27.wav,C:\Users\ASUS\Downloads\DangQuocThanhTai_final\data\raw\fsdd\recordings\3_lucas_27.wav,3,lucas,27,3939,train
3_lucas_28,3_lucas_28.wav,C:\Users\ASUS\Downloads\DangQuocThanhTai_final\data\raw\fsdd\recordings\3_lucas_28.wav,3,lucas,28,4667,train
3_lucas_29,3_lucas_29.wav,C:\Users\ASUS\Downloads\DangQuocThanhTai_final\data\raw\fsdd\recordings\3_lucas_29.wav,3,lucas,29,5252,train
3_lucas_30,3_lucas_30.wav,C:\Users\ASUS\Downloads\DangQuocThanhTai_final\data\raw\fsdd\recordings\3_lucas_30.wav,3,lucas,30,4821,train
3_lucas_31,3_lucas_31.wav,C:\Users\ASUS\Downloads\DangQuocThanhTai_final\data\raw\fsdd\recordings\3_lucas_31.wav,3,lucas,31,5482,train
3_lucas_32,3_lucas_32.wav,C:\Users\ASUS\Downloads\DangQuocThanhTai_final\data\raw\fsdd\recordings\3_lucas_32.wav,3,lucas,32,5482,train
3_lucas_33,3_lucas_33.wav,C:\Users\ASUS\Downloads\DangQuocThanhTai_final\data\raw\fsdd\recordings\3_lucas_33.wav,3,lucas,33,4311,train
3_lucas_34,3_lucas_34.wav,C:\Users\ASUS\Downloads\DangQuocThanhTai_final\data\raw\fsdd\recordings\3_lucas_34.wav,3,lucas,34,5295,train
3_lucas_35,3_lucas_35.wav,C:\Users\ASUS\Downloads\DangQuocThanhTai_final\data\raw\fsdd\recordings\3_lucas_35.wav,3,lucas,35,5759,train
3_lucas_36,3_lucas_36.wav,C:\Users\ASUS\Downloads\DangQuocThanhTai_final\data\raw\fsdd\recordings\3_lucas_36.wav,3,lucas,36,7396,train
3_lucas_37,3_lucas_37.wav,C:\Users\ASUS\Downloads\DangQuocThanhTai_final\data\raw\fsdd\recordings\3_lucas_37.wav,3,lucas,37,4037,train
3_lucas_38,3_lucas_38.wav,C:\Users\ASUS\Downloads\DangQuocThanhTai_final\data\raw\fsdd\recordings\3_lucas_38.wav,3,lucas,38,3907,train
3_lucas_39,3_lucas_39.wav,C:\Users\ASUS\Downloads\DangQuocThanhTai_final\data\raw\fsdd\recordings\3_lucas_39.wav,3,lucas,39,3681,train
3_lucas_40,3_lucas_40.wav,C:\Users\ASUS\Downloads\DangQuocThanhTai_final\data\raw\fsdd\recordings\3_lucas_40.wav,3,lucas,40,4268,train
3_lucas_41,3_lucas_41.wav,C:\Users\ASUS\Downloads\DangQuocThanhTai_final\data\raw\fsdd\recordings\3_lucas_41.wav,3,lucas,41,5244,train
3_lucas_42,3_lucas_42.wav,C:\Users\ASUS\Downloads\DangQuocThanhTai_final\data\raw\fsdd\recordings\3_lucas_42.wav,3,lucas,42,4061,train
3_lucas_43,3_lucas_43.wav,C:\Users\ASUS\Downloads\DangQuocThanhTai_final\data\raw\fsdd\recordings\3_lucas_43.wav,3,lucas,43,5423,train
3_lucas_44,3_lucas_44.wav,C:\Users\ASUS\Downloads\DangQuocThanhTai_final\data\raw\fsdd\recordings\3_lucas_44.wav,3,lucas,44,4054,train
3_lucas_45,3_lucas_45.wav,C:\Users\ASUS\Downloads\DangQuocThanhTai_final\data\raw\fsdd\recordings\3_lucas_45.wav,3,lucas,45,4540,train
3_lucas_46,3_lucas_46.wav,C:\Users\ASUS\Downloads\DangQuocThanhTai_final\data\raw\fsdd\recordings\3_lucas_46.wav,3,lucas,46,5236,train
3_lucas_47,3_lucas_47.wav,C:\Users\ASUS\Downloads\DangQuocThanhTai_final\data\raw\fsdd\recordings\3_lucas_47.wav,3,lucas,47,3993,train
3_lucas_48,3_lucas_48.wav,C:\Users\ASUS\Downloads\DangQuocThanhTai_final\data\raw\fsdd\recordings\3_lucas_48.wav,3,lucas,48,4549,train
3_lucas_49,3_lucas_49.wav,C:\Users\ASUS\Downloads\DangQuocThanhTai_final\data\raw\fsdd\recordings\3_lucas_49.wav,3,lucas,49,4631,train
3_nicolas_0,3_nicolas_0.wav,C:\Users\ASUS\Downloads\DangQuocThanhTai_final\data\raw\fsdd\recordings\3_nicolas_0.wav,3,nicolas,0,2644,test
3_nicolas_1,3_nicolas_1.wav,C:\Users\ASUS\Downloads\DangQuocThanhTai_final\data\raw\fsdd\recordings\3_nicolas_1.wav,3,nicolas,1,2615,test
3_nicolas_2,3_nicolas_2.wav,C:\Users\ASUS\Downloads\DangQuocThanhTai_final\data\raw\fsdd\recordings\3_nicolas_2.wav,3,nicolas,2,2067,test
3_nicolas_3,3_nicolas_3.wav,C:\Users\ASUS\Downloads\DangQuocThanhTai_final\data\raw\fsdd\recordings\3_nicolas_3.wav,3,nicolas,3,1884,test
3_nicolas_4,3_nicolas_4.wav,C:\Users\ASUS\Downloads\DangQuocThanhTai_final\data\raw\fsdd\recordings\3_nicolas_4.wav,3,nicolas,4,2857,test
3_nicolas_5,3_nicolas_5.wav,C:\Users\ASUS\Downloads\DangQuocThanhTai_final\data\raw\fsdd\recordings\3_nicolas_5.wav,3,nicolas,5,3162,val
3_nicolas_6,3_nicolas_6.wav,C:\Users\ASUS\Downloads\DangQuocThanhTai_final\data\raw\fsdd\recordings\3_nicolas_6.wav,3,nicolas,6,2674,val
3_nicolas_7,3_nicolas_7.wav,C:\Users\ASUS\Downloads\DangQuocThanhTai_final\data\raw\fsdd\recordings\3_nicolas_7.wav,3,nicolas,7,3435,val
3_nicolas_8,3_nicolas_8.wav,C:\Users\ASUS\Downloads\DangQuocThanhTai_final\data\raw\fsdd\recordings\3_nicolas_8.wav,3,nicolas,8,3253,val
3_nicolas_9,3_nicolas_9.wav,C:\Users\ASUS\Downloads\DangQuocThanhTai_final\data\raw\fsdd\recordings\3_nicolas_9.wav,3,nicolas,9,1915,val
3_nicolas_10,3_nicolas_10.wav,C:\Users\ASUS\Downloads\DangQuocThanhTai_final\data\raw\fsdd\recordings\3_nicolas_10.wav,3,nicolas,10,2754,train
3_nicolas_11,3_nicolas_11.wav,C:\Users\ASUS\Downloads\DangQuocThanhTai_final\data\raw\fsdd\recordings\3_nicolas_11.wav,3,nicolas,11,2692,train
3_nicolas_12,3_nicolas_12.wav,C:\Users\ASUS\Downloads\DangQuocThanhTai_final\data\raw\fsdd\recordings\3_nicolas_12.wav,3,nicolas,12,1640,train
3_nicolas_13,3_nicolas_13.wav,C:\Users\ASUS\Downloads\DangQuocThanhTai_final\data\raw\fsdd\recordings\3_nicolas_13.wav,3,nicolas,13,1547,train
3_nicolas_14,3_nicolas_14.wav,C:\Users\ASUS\Downloads\DangQuocThanhTai_final\data\raw\fsdd\recordings\3_nicolas_14.wav,3,nicolas,14,2506,train
3_nicolas_15,3_nicolas_15.wav,C:\Users\ASUS\Downloads\DangQuocThanhTai_final\data\raw\fsdd\recordings\3_nicolas_15.wav,3,nicolas,15,2971,train
3_nicolas_16,3_nicolas_16.wav,C:\Users\ASUS\Downloads\DangQuocThanhTai_final\data\raw\fsdd\recordings\3_nicolas_16.wav,3,nicolas,16,1516,train
3_nicolas_17,3_nicolas_17.wav,C:\Users\ASUS\Downloads\DangQuocThanhTai_final\data\raw\fsdd\recordings\3_nicolas_17.wav,3,nicolas,17,1609,train
3_nicolas_18,3_nicolas_18.wav,C:\Users\ASUS\Downloads\DangQuocThanhTai_final\data\raw\fsdd\recordings\3_nicolas_18.wav,3,nicolas,18,1640,train
3_nicolas_19,3_nicolas_19.wav,C:\Users\ASUS\Downloads\DangQuocThanhTai_final\data\raw\fsdd\recordings\3_nicolas_19.wav,3,nicolas,19,1455,train
3_nicolas_20,3_nicolas_20.wav,C:\Users\ASUS\Downloads\DangQuocThanhTai_final\data\raw\fsdd\recordings\3_nicolas_20.wav,3,nicolas,20,2770,train
3_nicolas_21,3_nicolas_21.wav,C:\Users\ASUS\Downloads\DangQuocThanhTai_final\data\raw\fsdd\recordings\3_nicolas_21.wav,3,nicolas,21,2179,train
3_nicolas_22,3_nicolas_22.wav,C:\Users\ASUS\Downloads\DangQuocThanhTai_final\data\raw\fsdd\recordings\3_nicolas_22.wav,3,nicolas,22,1650,train
3_nicolas_23,3_nicolas_23.wav,C:\Users\ASUS\Downloads\DangQuocThanhTai_final\data\raw\fsdd\recordings\3_nicolas_23.wav,3,nicolas,23,1960,train
3_nicolas_24,3_nicolas_24.wav,C:\Users\ASUS\Downloads\DangQuocThanhTai_final\data\raw\fsdd\recordings\3_nicolas_24.wav,3,nicolas,24,1837,train
3_nicolas_25,3_nicolas_25.wav,C:\Users\ASUS\Downloads\DangQuocThanhTai_final\data\raw\fsdd\recordings\3_nicolas_25.wav,3,nicolas,25,2583,train
3_nicolas_26,3_nicolas_26.wav,C:\Users\ASUS\Downloads\DangQuocThanhTai_final\data\raw\fsdd\recordings\3_nicolas_26.wav,3,nicolas,26,2677,train
3_nicolas_27,3_nicolas_27.wav,C:\Users\ASUS\Downloads\DangQuocThanhTai_final\data\raw\fsdd\recordings\3_nicolas_27.wav,3,nicolas,27,1712,train
3_nicolas_28,3_nicolas_28.wav,C:\Users\ASUS\Downloads\DangQuocThanhTai_final\data\raw\fsdd\recordings\3_nicolas_28.wav,3,nicolas,28,1774,train
3_nicolas_29,3_nicolas_29.wav,C:\Users\ASUS\Downloads\DangQuocThanhTai_final\data\raw\fsdd\recordings\3_nicolas_29.wav,3,nicolas,29,2552,train
3_nicolas_30,3_nicolas_30.wav,C:\Users\ASUS\Downloads\DangQuocThanhTai_final\data\raw\fsdd\recordings\3_nicolas_30.wav,3,nicolas,30,2630,train
3_nicolas_31,3_nicolas_31.wav,C:\Users\ASUS\Downloads\DangQuocThanhTai_final\data\raw\fsdd\recordings\3_nicolas_31.wav,3,nicolas,31,2354,train
3_nicolas_32,3_nicolas_32.wav,C:\Users\ASUS\Downloads\DangQuocThanhTai_final\data\raw\fsdd\recordings\3_nicolas_32.wav,3,nicolas,32,2385,train
3_nicolas_33,3_nicolas_33.wav,C:\Users\ASUS\Downloads\DangQuocThanhTai_final\data\raw\fsdd\recordings\3_nicolas_33.wav,3,nicolas,33,2538,train
3_nicolas_34,3_nicolas_34.wav,C:\Users\ASUS\Downloads\DangQuocThanhTai_final\data\raw\fsdd\recordings\3_nicolas_34.wav,3,nicolas,34,1805,train
3_nicolas_35,3_nicolas_35.wav,C:\Users\ASUS\Downloads\DangQuocThanhTai_final\data\raw\fsdd\recordings\3_nicolas_35.wav,3,nicolas,35,2293,train
3_nicolas_36,3_nicolas_36.wav,C:\Users\ASUS\Downloads\DangQuocThanhTai_final\data\raw\fsdd\recordings\3_nicolas_36.wav,3,nicolas,36,1896,train
3_nicolas_37,3_nicolas_37.wav,C:\Users\ASUS\Downloads\DangQuocThanhTai_final\data\raw\fsdd\recordings\3_nicolas_37.wav,3,nicolas,37,2110,train
3_nicolas_38,3_nicolas_38.wav,C:\Users\ASUS\Downloads\DangQuocThanhTai_final\data\raw\fsdd\recordings\3_nicolas_38.wav,3,nicolas,38,1987,train
3_nicolas_39,3_nicolas_39.wav,C:\Users\ASUS\Downloads\DangQuocThanhTai_final\data\raw\fsdd\recordings\3_nicolas_39.wav,3,nicolas,39,1713,train
3_nicolas_40,3_nicolas_40.wav,C:\Users\ASUS\Downloads\DangQuocThanhTai_final\data\raw\fsdd\recordings\3_nicolas_40.wav,3,nicolas,40,2397,train
3_nicolas_41,3_nicolas_41.wav,C:\Users\ASUS\Downloads\DangQuocThanhTai_final\data\raw\fsdd\recordings\3_nicolas_41.wav,3,nicolas,41,2334,train
3_nicolas_42,3_nicolas_42.wav,C:\Users\ASUS\Downloads\DangQuocThanhTai_final\data\raw\fsdd\recordings\3_nicolas_42.wav,3,nicolas,42,2023,train
3_nicolas_43,3_nicolas_43.wav,C:\Users\ASUS\Downloads\DangQuocThanhTai_final\data\raw\fsdd\recordings\3_nicolas_43.wav,3,nicolas,43,2023,train
3_nicolas_44,3_nicolas_44.wav,C:\Users\ASUS\Downloads\DangQuocThanhTai_final\data\raw\fsdd\recordings\3_nicolas_44.wav,3,nicolas,44,2366,train
3_nicolas_45,3_nicolas_45.wav,C:\Users\ASUS\Downloads\DangQuocThanhTai_final\data\raw\fsdd\recordings\3_nicolas_45.wav,3,nicolas,45,2054,train
3_nicolas_46,3_nicolas_46.wav,C:\Users\ASUS\Downloads\DangQuocThanhTai_final\data\raw\fsdd\recordings\3_nicolas_46.wav,3,nicolas,46,2584,train
3_nicolas_47,3_nicolas_47.wav,C:\Users\ASUS\Downloads\DangQuocThanhTai_final\data\raw\fsdd\recordings\3_nicolas_47.wav,3,nicolas,47,2396,train
3_nicolas_48,3_nicolas_48.wav,C:\Users\ASUS\Downloads\DangQuocThanhTai_final\data\raw\fsdd\recordings\3_nicolas_48.wav,3,nicolas,48,2397,train
3_nicolas_49,3_nicolas_49.wav,C:\Users\ASUS\Downloads\DangQuocThanhTai_final\data\raw\fsdd\recordings\3_nicolas_49.wav,3,nicolas,49,2739,train
3_theo_0,3_theo_0.wav,C:\Users\ASUS\Downloads\DangQuocThanhTai_final\data\raw\fsdd\recordings\3_theo_0.wav,3,theo,0,1931,test
3_theo_1,3_theo_1.wav,C:\Users\ASUS\Downloads\DangQuocThanhTai_final\data\raw\fsdd\recordings\3_theo_1.wav,3,theo,1,2223,test
3_theo_2,3_theo_2.wav,C:\Users\ASUS\Downloads\DangQuocThanhTai_final\data\raw\fsdd\recordings\3_theo_2.wav,3,theo,2,2168,test
3_theo_3,3_theo_3.wav,C:\Users\ASUS\Downloads\DangQuocThanhTai_final\data\raw\fsdd\recordings\3_theo_3.wav,3,theo,3,1876,test
3_theo_4,3_theo_4.wav,C:\Users\ASUS\Downloads\DangQuocThanhTai_final\data\raw\fsdd\recordings\3_theo_4.wav,3,theo,4,1795,test
3_theo_5,3_theo_5.wav,C:\Users\ASUS\Downloads\DangQuocThanhTai_final\data\raw\fsdd\recordings\3_theo_5.wav,3,theo,5,1803,val
3_theo_6,3_theo_6.wav,C:\Users\ASUS\Downloads\DangQuocThanhTai_final\data\raw\fsdd\recordings\3_theo_6.wav,3,theo,6,2166,val
3_theo_7,3_theo_7.wav,C:\Users\ASUS\Downloads\DangQuocThanhTai_final\data\raw\fsdd\recordings\3_theo_7.wav,3,theo,7,1945,val
3_theo_8,3_theo_8.wav,C:\Users\ASUS\Downloads\DangQuocThanhTai_final\data\raw\fsdd\recordings\3_theo_8.wav,3,theo,8,2177,val
3_theo_9,3_theo_9.wav,C:\Users\ASUS\Downloads\DangQuocThanhTai_final\data\raw\fsdd\recordings\3_theo_9.wav,3,theo,9,2001,val
3_theo_10,3_theo_10.wav,C:\Users\ASUS\Downloads\DangQuocThanhTai_final\data\raw\fsdd\recordings\3_theo_10.wav,3,theo,10,1793,train
3_theo_11,3_theo_11.wav,C:\Users\ASUS\Downloads\DangQuocThanhTai_final\data\raw\fsdd\recordings\3_theo_11.wav,3,theo,11,1824,train
3_theo_12,3_theo_12.wav,C:\Users\ASUS\Downloads\DangQuocThanhTai_final\data\raw\fsdd\recordings\3_theo_12.wav,3,theo,12,2061,train
3_theo_13,3_theo_13.wav,C:\Users\ASUS\Downloads\DangQuocThanhTai_final\data\raw\fsdd\recordings\3_theo_13.wav,3,theo,13,2210,train
3_theo_14,3_theo_14.wav,C:\Users\ASUS\Downloads\DangQuocThanhTai_final\data\raw\fsdd\recordings\3_theo_14.wav,3,theo,14,2114,train
3_theo_15,3_theo_15.wav,C:\Users\ASUS\Downloads\DangQuocThanhTai_final\data\raw\fsdd\recordings\3_theo_15.wav,3,theo,15,2073,train
3_theo_16,3_theo_16.wav,C:\Users\ASUS\Downloads\DangQuocThanhTai_final\data\raw\fsdd\recordings\3_theo_16.wav,3,theo,16,2146,train
3_theo_17,3_theo_17.wav,C:\Users\ASUS\Downloads\DangQuocThanhTai_final\data\raw\fsdd\recordings\3_theo_17.wav,3,theo,17,1579,train
3_theo_18,3_theo_18.wav,C:\Users\ASUS\Downloads\DangQuocThanhTai_final\data\raw\fsdd\recordings\3_theo_18.wav,3,theo,18,2380,train
3_theo_19,3_theo_19.wav,C:\Users\ASUS\Downloads\DangQuocThanhTai_final\data\raw\fsdd\recordings\3_theo_19.wav,3,theo,19,1817,train
3_theo_20,3_theo_20.wav,C:\Users\ASUS\Downloads\DangQuocThanhTai_final\data\raw\fsdd\recordings\3_theo_20.wav,3,theo,20,2290,train
3_theo_21,3_theo_21.wav,C:\Users\ASUS\Downloads\DangQuocThanhTai_final\data\raw\fsdd\recordings\3_theo_21.wav,3,theo,21,4294,train
3_theo_22,3_theo_22.wav,C:\Users\ASUS\Downloads\DangQuocThanhTai_final\data\raw\fsdd\recordings\3_theo_22.wav,3,theo,22,2749,train
3_theo_23,3_theo_23.wav,C:\Users\ASUS\Downloads\DangQuocThanhTai_final\data\raw\fsdd\recordings\3_theo_23.wav,3,theo,23,4066,train
3_theo_24,3_theo_24.wav,C:\Users\ASUS\Downloads\DangQuocThanhTai_final\data\raw\fsdd\recordings\3_theo_24.wav,3,theo,24,3135,train
3_theo_25,3_theo_25.wav,C:\Users\ASUS\Downloads\DangQuocThanhTai_final\data\raw\fsdd\recordings\3_theo_25.wav,3,theo,25,4506,train
3_theo_26,3_theo_26.wav,C:\Users\ASUS\Downloads\DangQuocThanhTai_final\data\raw\fsdd\recordings\3_theo_26.wav,3,theo,26,3302,train
3_theo_27,3_theo_27.wav,C:\Users\ASUS\Downloads\DangQuocThanhTai_final\data\raw\fsdd\recordings\3_theo_27.wav,3,theo,27,3284,train
3_theo_28,3_theo_28.wav,C:\Users\ASUS\Downloads\DangQuocThanhTai_final\data\raw\fsdd\recordings\3_theo_28.wav,3,theo,28,3084,train
3_theo_29,3_theo_29.wav,C:\Users\ASUS\Downloads\DangQuocThanhTai_final\data\raw\fsdd\recordings\3_theo_29.wav,3,theo,29,2130,train
3_theo_30,3_theo_30.wav,C:\Users\ASUS\Downloads\DangQuocThanhTai_final\data\raw\fsdd\recordings\3_theo_30.wav,3,theo,30,2823,train
3_theo_31,3_theo_31.wav,C:\Users\ASUS\Downloads\DangQuocThanhTai_final\data\raw\fsdd\recordings\3_theo_31.wav,3,theo,31,1958,train
3_theo_32,3_theo_32.wav,C:\Users\ASUS\Downloads\DangQuocThanhTai_final\data\raw\fsdd\recordings\3_theo_32.wav,3,theo,32,2059,train
3_theo_33,3_theo_33.wav,C:\Users\ASUS\Downloads\DangQuocThanhTai_final\data\raw\fsdd\recordings\3_theo_33.wav,3,theo,33,2197,train
3_theo_34,3_theo_34.wav,C:\Users\ASUS\Downloads\DangQuocThanhTai_final\data\raw\fsdd\recordings\3_theo_34.wav,3,theo,34,1560,train
3_theo_35,3_theo_35.wav,C:\Users\ASUS\Downloads\DangQuocThanhTai_final\data\raw\fsdd\recordings\3_theo_35.wav,3,theo,35,2610,train
3_theo_36,3_theo_36.wav,C:\Users\ASUS\Downloads\DangQuocThanhTai_final\data\raw\fsdd\recordings\3_theo_36.wav,3,theo,36,2519,train
3_theo_37,3_theo_37.wav,C:\Users\ASUS\Downloads\DangQuocThanhTai_final\data\raw\fsdd\recordings\3_theo_37.wav,3,theo,37,2212,train
3_theo_38,3_theo_38.wav,C:\Users\ASUS\Downloads\DangQuocThanhTai_final\data\raw\fsdd\recordings\3_theo_38.wav,3,theo,38,2897,train
3_theo_39,3_theo_39.wav,C:\Users\ASUS\Downloads\DangQuocThanhTai_final\data\raw\fsdd\recordings\3_theo_39.wav,3,theo,39,2377,train
3_theo_40,3_theo_40.wav,C:\Users\ASUS\Downloads\DangQuocThanhTai_final\data\raw\fsdd\recordings\3_theo_40.wav,3,theo,40,3223,train
3_theo_41,3_theo_41.wav,C:\Users\ASUS\Downloads\DangQuocThanhTai_final\data\raw\fsdd\recordings\3_theo_41.wav,3,theo,41,2238,train
3_theo_42,3_theo_42.wav,C:\Users\ASUS\Downloads\DangQuocThanhTai_final\data\raw\fsdd\recordings\3_theo_42.wav,3,theo,42,2036,train
3_theo_43,3_theo_43.wav,C:\Users\ASUS\Downloads\DangQuocThanhTai_final\data\raw\fsdd\recordings\3_theo_43.wav,3,theo,43,2201,train
3_theo_44,3_theo_44.wav,C:\Users\ASUS\Downloads\DangQuocThanhTai_final\data\raw\fsdd\recordings\3_theo_44.wav,3,theo,44,1846,train
3_theo_45,3_theo_45.wav,C:\Users\ASUS\Downloads\DangQuocThanhTai_final\data\raw\fsdd\recordings\3_theo_45.wav,3,theo,45,2657,train
3_theo_46,3_theo_46.wav,C:\Users\ASUS\Downloads\DangQuocThanhTai_final\data\raw\fsdd\recordings\3_theo_46.wav,3,theo,46,3960,train
3_theo_47,3_theo_47.wav,C:\Users\ASUS\Downloads\DangQuocThanhTai_final\data\raw\fsdd\recordings\3_theo_47.wav,3,theo,47,2672,train
3_theo_48,3_theo_48.wav,C:\Users\ASUS\Downloads\DangQuocThanhTai_final\data\raw\fsdd\recordings\3_theo_48.wav,3,theo,48,2150,train
3_theo_49,3_theo_49.wav,C:\Users\ASUS\Downloads\DangQuocThanhTai_final\data\raw\fsdd\recordings\3_theo_49.wav,3,theo,49,1713,train
3_yweweler_0,3_yweweler_0.wav,C:\Users\ASUS\Downloads\DangQuocThanhTai_final\data\raw\fsdd\recordings\3_yweweler_0.wav,3,yweweler,0,3135,test
3_yweweler_1,3_yweweler_1.wav,C:\Users\ASUS\Downloads\DangQuocThanhTai_final\data\raw\fsdd\recordings\3_yweweler_1.wav,3,yweweler,1,2511,test
3_yweweler_2,3_yweweler_2.wav,C:\Users\ASUS\Downloads\DangQuocThanhTai_final\data\raw\fsdd\recordings\3_yweweler_2.wav,3,yweweler,2,2005,test
3_yweweler_3,3_yweweler_3.wav,C:\Users\ASUS\Downloads\DangQuocThanhTai_final\data\raw\fsdd\recordings\3_yweweler_3.wav,3,yweweler,3,3172,test
3_yweweler_4,3_yweweler_4.wav,C:\Users\ASUS\Downloads\DangQuocThanhTai_final\data\raw\fsdd\recordings\3_yweweler_4.wav,3,yweweler,4,3186,test
3_yweweler_5,3_yweweler_5.wav,C:\Users\ASUS\Downloads\DangQuocThanhTai_final\data\raw\fsdd\recordings\3_yweweler_5.wav,3,yweweler,5,2478,val
3_yweweler_6,3_yweweler_6.wav,C:\Users\ASUS\Downloads\DangQuocThanhTai_final\data\raw\fsdd\recordings\3_yweweler_6.wav,3,yweweler,6,2974,val
3_yweweler_7,3_yweweler_7.wav,C:\Users\ASUS\Downloads\DangQuocThanhTai_final\data\raw\fsdd\recordings\3_yweweler_7.wav,3,yweweler,7,1919,val
3_yweweler_8,3_yweweler_8.wav,C:\Users\ASUS\Downloads\DangQuocThanhTai_final\data\raw\fsdd\recordings\3_yweweler_8.wav,3,yweweler,8,2079,val
3_yweweler_9,3_yweweler_9.wav,C:\Users\ASUS\Downloads\DangQuocThanhTai_final\data\raw\fsdd\recordings\3_yweweler_9.wav,3,yweweler,9,2418,val
3_yweweler_10,3_yweweler_10.wav,C:\Users\ASUS\Downloads\DangQuocThanhTai_final\data\raw\fsdd\recordings\3_yweweler_10.wav,3,yweweler,10,2668,train
3_yweweler_11,3_yweweler_11.wav,C:\Users\ASUS\Downloads\DangQuocThanhTai_final\data\raw\fsdd\recordings\3_yweweler_11.wav,3,yweweler,11,3207,train
3_yweweler_12,3_yweweler_12.wav,C:\Users\ASUS\Downloads\DangQuocThanhTai_final\data\raw\fsdd\recordings\3_yweweler_12.wav,3,yweweler,12,3144,train
3_yweweler_13,3_yweweler_13.wav,C:\Users\ASUS\Downloads\DangQuocThanhTai_final\data\raw\fsdd\recordings\3_yweweler_13.wav,3,yweweler,13,3072,train
3_yweweler_14,3_yweweler_14.wav,C:\Users\ASUS\Downloads\DangQuocThanhTai_final\data\raw\fsdd\recordings\3_yweweler_14.wav,3,yweweler,14,2446,train
3_yweweler_15,3_yweweler_15.wav,C:\Users\ASUS\Downloads\DangQuocThanhTai_final\data\raw\fsdd\recordings\3_yweweler_15.wav,3,yweweler,15,1892,train
3_yweweler_16,3_yweweler_16.wav,C:\Users\ASUS\Downloads\DangQuocThanhTai_final\data\raw\fsdd\recordings\3_yweweler_16.wav,3,yweweler,16,2788,train
3_yweweler_17,3_yweweler_17.wav,C:\Users\ASUS\Downloads\DangQuocThanhTai_final\data\raw\fsdd\recordings\3_yweweler_17.wav,3,yweweler,17,3145,train
3_yweweler_18,3_yweweler_18.wav,C:\Users\ASUS\Downloads\DangQuocThanhTai_final\data\raw\fsdd\recordings\3_yweweler_18.wav,3,yweweler,18,2854,train
3_yweweler_19,3_yweweler_19.wav,C:\Users\ASUS\Downloads\DangQuocThanhTai_final\data\raw\fsdd\recordings\3_yweweler_19.wav,3,yweweler,19,3165,train
3_yweweler_20,3_yweweler_20.wav,C:\Users\ASUS\Downloads\DangQuocThanhTai_final\data\raw\fsdd\recordings\3_yweweler_20.wav,3,yweweler,20,2218,train
3_yweweler_21,3_yweweler_21.wav,C:\Users\ASUS\Downloads\DangQuocThanhTai_final\data\raw\fsdd\recordings\3_yweweler_21.wav,3,yweweler,21,3320,train
3_yweweler_22,3_yweweler_22.wav,C:\Users\ASUS\Downloads\DangQuocThanhTai_final\data\raw\fsdd\recordings\3_yweweler_22.wav,3,yweweler,22,2257,train
3_yweweler_23,3_yweweler_23.wav,C:\Users\ASUS\Downloads\DangQuocThanhTai_final\data\raw\fsdd\recordings\3_yweweler_23.wav,3,yweweler,23,2726,train
3_yweweler_24,3_yweweler_24.wav,C:\Users\ASUS\Downloads\DangQuocThanhTai_final\data\raw\fsdd\recordings\3_yweweler_24.wav,3,yweweler,24,2203,train
3_yweweler_25,3_yweweler_25.wav,C:\Users\ASUS\Downloads\DangQuocThanhTai_final\data\raw\fsdd\recordings\3_yweweler_25.wav,3,yweweler,25,2478,train
3_yweweler_26,3_yweweler_26.wav,C:\Users\ASUS\Downloads\DangQuocThanhTai_final\data\raw\fsdd\recordings\3_yweweler_26.wav,3,yweweler,26,2630,train
3_yweweler_27,3_yweweler_27.wav,C:\Users\ASUS\Downloads\DangQuocThanhTai_final\data\raw\fsdd\recordings\3_yweweler_27.wav,3,yweweler,27,2330,train
3_yweweler_28,3_yweweler_28.wav,C:\Users\ASUS\Downloads\DangQuocThanhTai_final\data\raw\fsdd\recordings\3_yweweler_28.wav,3,yweweler,28,2272,train
3_yweweler_29,3_yweweler_29.wav,C:\Users\ASUS\Downloads\DangQuocThanhTai_final\data\raw\fsdd\recordings\3_yweweler_29.wav,3,yweweler,29,2274,train
3_yweweler_30,3_yweweler_30.wav,C:\Users\ASUS\Downloads\DangQuocThanhTai_final\data\raw\fsdd\recordings\3_yweweler_30.wav,3,yweweler,30,3288,train
3_yweweler_31,3_yweweler_31.wav,C:\Users\ASUS\Downloads\DangQuocThanhTai_final\data\raw\fsdd\recordings\3_yweweler_31.wav,3,yweweler,31,1697,train
3_yweweler_32,3_yweweler_32.wav,C:\Users\ASUS\Downloads\DangQuocThanhTai_final\data\raw\fsdd\recordings\3_yweweler_32.wav,3,yweweler,32,2254,train
3_yweweler_33,3_yweweler_33.wav,C:\Users\ASUS\Downloads\DangQuocThanhTai_final\data\raw\fsdd\recordings\3_yweweler_33.wav,3,yweweler,33,2695,train
3_yweweler_34,3_yweweler_34.wav,C:\Users\ASUS\Downloads\DangQuocThanhTai_final\data\raw\fsdd\recordings\3_yweweler_34.wav,3,yweweler,34,3154,train
3_yweweler_35,3_yweweler_35.wav,C:\Users\ASUS\Downloads\DangQuocThanhTai_final\data\raw\fsdd\recordings\3_yweweler_35.wav,3,yweweler,35,2829,train
3_yweweler_36,3_yweweler_36.wav,C:\Users\ASUS\Downloads\DangQuocThanhTai_final\data\raw\fsdd\recordings\3_yweweler_36.wav,3,yweweler,36,2276,train
3_yweweler_37,3_yweweler_37.wav,C:\Users\ASUS\Downloads\DangQuocThanhTai_final\data\raw\fsdd\recordings\3_yweweler_37.wav,3,yweweler,37,3277,train
3_yweweler_38,3_yweweler_38.wav,C:\Users\ASUS\Downloads\DangQuocThanhTai_final\data\raw\fsdd\recordings\3_yweweler_38.wav,3,yweweler,38,2230,train
3_yweweler_39,3_yweweler_39.wav,C:\Users\ASUS\Downloads\DangQuocThanhTai_final\data\raw\fsdd\recordings\3_yweweler_39.wav,3,yweweler,39,2345,train
3_yweweler_40,3_yweweler_40.wav,C:\Users\ASUS\Downloads\DangQuocThanhTai_final\data\raw\fsdd\recordings\3_yweweler_40.wav,3,yweweler,40,4920,train
3_yweweler_41,3_yweweler_41.wav,C:\Users\ASUS\Downloads\DangQuocThanhTai_final\data\raw\fsdd\recordings\3_yweweler_41.wav,3,yweweler,41,1903,train
3_yweweler_42,3_yweweler_42.wav,C:\Users\ASUS\Downloads\DangQuocThanhTai_final\data\raw\fsdd\recordings\3_yweweler_42.wav,3,yweweler,42,2409,train
3_yweweler_43,3_yweweler_43.wav,C:\Users\ASUS\Downloads\DangQuocThanhTai_final\data\raw\fsdd\recordings\3_yweweler_43.wav,3,yweweler,43,2702,train
3_yweweler_44,3_yweweler_44.wav,C:\Users\ASUS\Downloads\DangQuocThanhTai_final\data\raw\fsdd\recordings\3_yweweler_44.wav,3,yweweler,44,2104,train
3_yweweler_45,3_yweweler_45.wav,C:\Users\ASUS\Downloads\DangQuocThanhTai_final\data\raw\fsdd\recordings\3_yweweler_45.wav,3,yweweler,45,2688,train
3_yweweler_46,3_yweweler_46.wav,C:\Users\ASUS\Downloads\DangQuocThanhTai_final\data\raw\fsdd\recordings\3_yweweler_46.wav,3,yweweler,46,2105,train
3_yweweler_47,3_yweweler_47.wav,C:\Users\ASUS\Downloads\DangQuocThanhTai_final\data\raw\fsdd\recordings\3_yweweler_47.wav,3,yweweler,47,2643,train
3_yweweler_48,3_yweweler_48.wav,C:\Users\ASUS\Downloads\DangQuocThanhTai_final\data\raw\fsdd\recordings\3_yweweler_48.wav,3,yweweler,48,2474,train
3_yweweler_49,3_yweweler_49.wav,C:\Users\ASUS\Downloads\DangQuocThanhTai_final\data\raw\fsdd\recordings\3_yweweler_49.wav,3,yweweler,49,2077,train
4_george_0,4_george_0.wav,C:\Users\ASUS\Downloads\DangQuocThanhTai_final\data\raw\fsdd\recordings\4_george_0.wav,4,george,0,3491,test
4_george_1,4_george_1.wav,C:\Users\ASUS\Downloads\DangQuocThanhTai_final\data\raw\fsdd\recordings\4_george_1.wav,4,george,1,4311,test
4_george_2,4_george_2.wav,C:\Users\ASUS\Downloads\DangQuocThanhTai_final\data\raw\fsdd\recordings\4_george_2.wav,4,george,2,3892,test
4_george_3,4_george_3.wav,C:\Users\ASUS\Downloads\DangQuocThanhTai_final\data\raw\fsdd\recordings\4_george_3.wav,4,george,3,3761,test
4_george_4,4_george_4.wav,C:\Users\ASUS\Downloads\DangQuocThanhTai_final\data\raw\fsdd\recordings\4_george_4.wav,4,george,4,3479,test
4_george_5,4_george_5.wav,C:\Users\ASUS\Downloads\DangQuocThanhTai_final\data\raw\fsdd\recordings\4_george_5.wav,4,george,5,3841,val
4_george_6,4_george_6.wav,C:\Users\ASUS\Downloads\DangQuocThanhTai_final\data\raw\fsdd\recordings\4_george_6.wav,4,george,6,4457,val
4_george_7,4_george_7.wav,C:\Users\ASUS\Downloads\DangQuocThanhTai_final\data\raw\fsdd\recordings\4_george_7.wav,4,george,7,4041,val
4_george_8,4_george_8.wav,C:\Users\ASUS\Downloads\DangQuocThanhTai_final\data\raw\fsdd\recordings\4_george_8.wav,4,george,8,4734,val
4_george_9,4_george_9.wav,C:\Users\ASUS\Downloads\DangQuocThanhTai_final\data\raw\fsdd\recordings\4_george_9.wav,4,george,9,4341,val
4_george_10,4_george_10.wav,C:\Users\ASUS\Downloads\DangQuocThanhTai_final\data\raw\fsdd\recordings\4_george_10.wav,4,george,10,3088,train
4_george_11,4_george_11.wav,C:\Users\ASUS\Downloads\DangQuocThanhTai_final\data\raw\fsdd\recordings\4_george_11.wav,4,george,11,3997,train
4_george_12,4_george_12.wav,C:\Users\ASUS\Downloads\DangQuocThanhTai_final\data\raw\fsdd\recordings\4_george_12.wav,4,george,12,3693,train
4_george_13,4_george_13.wav,C:\Users\ASUS\Downloads\DangQuocThanhTai_final\data\raw\fsdd\recordings\4_george_13.wav,4,george,13,3942,train
4_george_14,4_george_14.wav,C:\Users\ASUS\Downloads\DangQuocThanhTai_final\data\raw\fsdd\recordings\4_george_14.wav,4,george,14,3805,train
4_george_15,4_george_15.wav,C:\Users\ASUS\Downloads\DangQuocThanhTai_final\data\raw\fsdd\recordings\4_george_15.wav,4,george,15,4057,train
4_george_16,4_george_16.wav,C:\Users\ASUS\Downloads\DangQuocThanhTai_final\data\raw\fsdd\recordings\4_george_16.wav,4,george,16,3952,train
4_george_17,4_george_17.wav,C:\Users\ASUS\Downloads\DangQuocThanhTai_final\data\raw\fsdd\recordings\4_george_17.wav,4,george,17,4150,train
4_george_18,4_george_18.wav,C:\Users\ASUS\Downloads\DangQuocThanhTai_final\data\raw\fsdd\recordings\4_george_18.wav,4,george,18,4616,train
4_george_19,4_george_19.wav,C:\Users\ASUS\Downloads\DangQuocThanhTai_final\data\raw\fsdd\recordings\4_george_19.wav,4,george,19,4385,train
4_george_20,4_george_20.wav,C:\Users\ASUS\Downloads\DangQuocThanhTai_final\data\raw\fsdd\recordings\4_george_20.wav,4,george,20,3334,train
4_george_21,4_george_21.wav,C:\Users\ASUS\Downloads\DangQuocThanhTai_final\data\raw\fsdd\recordings\4_george_21.wav,4,george,21,3004,train
4_george_22,4_george_22.wav,C:\Users\ASUS\Downloads\DangQuocThanhTai_final\data\raw\fsdd\recordings\4_george_22.wav,4,george,22,4104,train
4_george_23,4_george_23.wav,C:\Users\ASUS\Downloads\DangQuocThanhTai_final\data\raw\fsdd\recordings\4_george_23.wav,4,george,23,2511,train
4_george_24,4_george_24.wav,C:\Users\ASUS\Downloads\DangQuocThanhTai_final\data\raw\fsdd\recordings\4_george_24.wav,4,george,24,3317,train
4_george_25,4_george_25.wav,C:\Users\ASUS\Downloads\DangQuocThanhTai_final\data\raw\fsdd\recordings\4_george_25.wav,4,george,25,3390,train
4_george_26,4_george_26.wav,C:\Users\ASUS\Downloads\DangQuocThanhTai_final\data\raw\fsdd\recordings\4_george_26.wav,4,george,26,4177,train
4_george_27,4_george_27.wav,C:\Users\ASUS\Downloads\DangQuocThanhTai_final\data\raw\fsdd\recordings\4_george_27.wav,4,george,27,4156,train
4_george_28,4_george_28.wav,C:\Users\ASUS\Downloads\DangQuocThanhTai_final\data\raw\fsdd\recordings\4_george_28.wav,4,george,28,3530,train
4_george_29,4_george_29.wav,C:\Users\ASUS\Downloads\DangQuocThanhTai_final\data\raw\fsdd\recordings\4_george_29.wav,4,george,29,3008,train
4_george_30,4_george_30.wav,C:\Users\ASUS\Downloads\DangQuocThanhTai_final\data\raw\fsdd\recordings\4_george_30.wav,4,george,30,3512,train
4_george_31,4_george_31.wav,C:\Users\ASUS\Downloads\DangQuocThanhTai_final\data\raw\fsdd\recordings\4_george_31.wav,4,george,31,3132,train
4_george_32,4_george_32.wav,C:\Users\ASUS\Downloads\DangQuocThanhTai_final\data\raw\fsdd\recordings\4_george_32.wav,4,george,32,3304,train
4_george_33,4_george_33.wav,C:\Users\ASUS\Downloads\DangQuocThanhTai_final\data\raw\fsdd\recordings\4_george_33.wav,4,george,33,3523,train
4_george_34,4_george_34.wav,C:\Users\ASUS\Downloads\DangQuocThanhTai_final\data\raw\fsdd\recordings\4_george_34.wav,4,george,34,2320,train
4_george_35,4_george_35.wav,C:\Users\ASUS\Downloads\DangQuocThanhTai_final\data\raw\fsdd\recordings\4_george_35.wav,4,george,35,3913,train
4_george_36,4_george_36.wav,C:\Users\ASUS\Downloads\DangQuocThanhTai_final\data\raw\fsdd\recordings\4_george_36.wav,4,george,36,4076,train
4_george_37,4_george_37.wav,C:\Users\ASUS\Downloads\DangQuocThanhTai_final\data\raw\fsdd\recordings\4_george_37.wav,4,george,37,3246,train
4_george_38,4_george_38.wav,C:\Users\ASUS\Downloads\DangQuocThanhTai_final\data\raw\fsdd\recordings\4_george_38.wav,4,george,38,2184,train
4_george_39,4_george_39.wav,C:\Users\ASUS\Downloads\DangQuocThanhTai_final\data\raw\fsdd\recordings\4_george_39.wav,4,george,39,2580,train
4_george_40,4_george_40.wav,C:\Users\ASUS\Downloads\DangQuocThanhTai_final\data\raw\fsdd\recordings\4_george_40.wav,4,george,40,3198,train
4_george_41,4_george_41.wav,C:\Users\ASUS\Downloads\DangQuocThanhTai_final\data\raw\fsdd\recordings\4_george_41.wav,4,george,41,3176,train
4_george_42,4_george_42.wav,C:\Users\ASUS\Downloads\DangQuocThanhTai_final\data\raw\fsdd\recordings\4_george_42.wav,4,george,42,3218,train
4_george_43,4_george_43.wav,C:\Users\ASUS\Downloads\DangQuocThanhTai_final\data\raw\fsdd\recordings\4_george_43.wav,4,george,43,2770,train
4_george_44,4_george_44.wav,C:\Users\ASUS\Downloads\DangQuocThanhTai_final\data\raw\fsdd\recordings\4_george_44.wav,4,george,44,2787,train
4_george_45,4_george_45.wav,C:\Users\ASUS\Downloads\DangQuocThanhTai_final\data\raw\fsdd\recordings\4_george_45.wav,4,george,45,3186,train
4_george_46,4_george_46.wav,C:\Users\ASUS\Downloads\DangQuocThanhTai_final\data\raw\fsdd\recordings\4_george_46.wav,4,george,46,3040,train
4_george_47,4_george_47.wav,C:\Users\ASUS\Downloads\DangQuocThanhTai_final\data\raw\fsdd\recordings\4_george_47.wav,4,george,47,2733,train
4_george_48,4_george_48.wav,C:\Users\ASUS\Downloads\DangQuocThanhTai_final\data\raw\fsdd\recordings\4_george_48.wav,4,george,48,3767,train
4_george_49,4_george_49.wav,C:\Users\ASUS\Downloads\DangQuocThanhTai_final\data\raw\fsdd\recordings\4_george_49.wav,4,george,49,3439,train
4_jackson_0,4_jackson_0.wav,C:\Users\ASUS\Downloads\DangQuocThanhTai_final\data\raw\fsdd\recordings\4_jackson_0.wav,4,jackson,0,3708,test
4_jackson_1,4_jackson_1.wav,C:\Users\ASUS\Downloads\DangQuocThanhTai_final\data\raw\fsdd\recordings\4_jackson_1.wav,4,jackson,1,3349,test
4_jackson_2,4_jackson_2.wav,C:\Users\ASUS\Downloads\DangQuocThanhTai_final\data\raw\fsdd\recordings\4_jackson_2.wav,4,jackson,2,3328,test
4_jackson_3,4_jackson_3.wav,C:\Users\ASUS\Downloads\DangQuocThanhTai_final\data\raw\fsdd\recordings\4_jackson_3.wav,4,jackson,3,3249,test
4_jackson_4,4_jackson_4.wav,C:\Users\ASUS\Downloads\DangQuocThanhTai_final\data\raw\fsdd\recordings\4_jackson_4.wav,4,jackson,4,3458,test
4_jackson_5,4_jackson_5.wav,C:\Users\ASUS\Downloads\DangQuocThanhTai_final\data\raw\fsdd\recordings\4_jackson_5.wav,4,jackson,5,3490,val
4_jackson_6,4_jackson_6.wav,C:\Users\ASUS\Downloads\DangQuocThanhTai_final\data\raw\fsdd\recordings\4_jackson_6.wav,4,jackson,6,3636,val
4_jackson_7,4_jackson_7.wav,C:\Users\ASUS\Downloads\DangQuocThanhTai_final\data\raw\fsdd\recordings\4_jackson_7.wav,4,jackson,7,3307,val
4_jackson_8,4_jackson_8.wav,C:\Users\ASUS\Downloads\DangQuocThanhTai_final\data\raw\fsdd\recordings\4_jackson_8.wav,4,jackson,8,3347,val
4_jackson_9,4_jackson_9.wav,C:\Users\ASUS\Downloads\DangQuocThanhTai_final\data\raw\fsdd\recordings\4_jackson_9.wav,4,jackson,9,3374,val
4_jackson_10,4_jackson_10.wav,C:\Users\ASUS\Downloads\DangQuocThanhTai_final\data\raw\fsdd\recordings\4_jackson_10.wav,4,jackson,10,3005,train
4_jackson_11,4_jackson_11.wav,C:\Users\ASUS\Downloads\DangQuocThanhTai_final\data\raw\fsdd\recordings\4_jackson_11.wav,4,jackson,11,3012,train
4_jackson_12,4_jackson_12.wav,C:\Users\ASUS\Downloads\DangQuocThanhTai_final\data\raw\fsdd\recordings\4_jackson_12.wav,4,jackson,12,3292,train
4_jackson_13,4_jackson_13.wav,C:\Users\ASUS\Downloads\DangQuocThanhTai_final\data\raw\fsdd\recordings\4_jackson_13.wav,4,jackson,13,2986,train
4_jackson_14,4_jackson_14.wav,C:\Users\ASUS\Downloads\DangQuocThanhTai_final\data\raw\fsdd\recordings\4_jackson_14.wav,4,jackson,14,2983,train
4_jackson_15,4_jackson_15.wav,C:\Users\ASUS\Downloads\DangQuocThanhTai_final\data\raw\fsdd\recordings\4_jackson_15.wav,4,jackson,15,3608,train
4_jackson_16,4_jackson_16.wav,C:\Users\ASUS\Downloads\DangQuocThanhTai_final\data\raw\fsdd\recordings\4_jackson_16.wav,4,jackson,16,3461,train
4_jackson_17,4_jackson_17.wav,C:\Users\ASUS\Downloads\DangQuocThanhTai_final\data\raw\fsdd\recordings\4_jackson_17.wav,4,jackson,17,3223,train
4_jackson_18,4_jackson_18.wav,C:\Users\ASUS\Downloads\DangQuocThanhTai_final\data\raw\fsdd\recordings\4_jackson_18.wav,4,jackson,18,3224,train
4_jackson_19,4_jackson_19.wav,C:\Users\ASUS\Downloads\DangQuocThanhTai_final\data\raw\fsdd\recordings\4_jackson_19.wav,4,jackson,19,2895,train
4_jackson_20,4_jackson_20.wav,C:\Users\ASUS\Downloads\DangQuocThanhTai_final\data\raw\fsdd\recordings\4_jackson_20.wav,4,jackson,20,3126,train
4_jackson_21,4_jackson_21.wav,C:\Users\ASUS\Downloads\DangQuocThanhTai_final\data\raw\fsdd\recordings\4_jackson_21.wav,4,jackson,21,2838,train
4_jackson_22,4_jackson_22.wav,C:\Users\ASUS\Downloads\DangQuocThanhTai_final\data\raw\fsdd\recordings\4_jackson_22.wav,4,jackson,22,3355,train
4_jackson_23,4_jackson_23.wav,C:\Users\ASUS\Downloads\DangQuocThanhTai_final\data\raw\fsdd\recordings\4_jackson_23.wav,4,jackson,23,3260,train
4_jackson_24,4_jackson_24.wav,C:\Users\ASUS\Downloads\DangQuocThanhTai_final\data\raw\fsdd\recordings\4_jackson_24.wav,4,jackson,24,3169,train
4_jackson_25,4_jackson_25.wav,C:\Users\ASUS\Downloads\DangQuocThanhTai_final\data\raw\fsdd\recordings\4_jackson_25.wav,4,jackson,25,3286,train
4_jackson_26,4_jackson_26.wav,C:\Users\ASUS\Downloads\DangQuocThanhTai_final\data\raw\fsdd\recordings\4_jackson_26.wav,4,jackson,26,3434,train
4_jackson_27,4_jackson_27.wav,C:\Users\ASUS\Downloads\DangQuocThanhTai_final\data\raw\fsdd\recordings\4_jackson_27.wav,4,jackson,27,3400,train
4_jackson_28,4_jackson_28.wav,C:\Users\ASUS\Downloads\DangQuocThanhTai_final\data\raw\fsdd\recordings\4_jackson_28.wav,4,jackson,28,3795,train
4_jackson_29,4_jackson_29.wav,C:\Users\ASUS\Downloads\DangQuocThanhTai_final\data\raw\fsdd\recordings\4_jackson_29.wav,4,jackson,29,3491,train
4_jackson_30,4_jackson_30.wav,C:\Users\ASUS\Downloads\DangQuocThanhTai_final\data\raw\fsdd\recordings\4_jackson_30.wav,4,jackson,30,3522,train
4_jackson_31,4_jackson_31.wav,C:\Users\ASUS\Downloads\DangQuocThanhTai_final\data\raw\fsdd\recordings\4_jackson_31.wav,4,jackson,31,3479,train
4_jackson_32,4_jackson_32.wav,C:\Users\ASUS\Downloads\DangQuocThanhTai_final\data\raw\fsdd\recordings\4_jackson_32.wav,4,jackson,32,3467,train
4_jackson_33,4_jackson_33.wav,C:\Users\ASUS\Downloads\DangQuocThanhTai_final\data\raw\fsdd\recordings\4_jackson_33.wav,4,jackson,33,3357,train
4_jackson_34,4_jackson_34.wav,C:\Users\ASUS\Downloads\DangQuocThanhTai_final\data\raw\fsdd\recordings\4_jackson_34.wav,4,jackson,34,3188,train
4_jackson_35,4_jackson_35.wav,C:\Users\ASUS\Downloads\DangQuocThanhTai_final\data\raw\fsdd\recordings\4_jackson_35.wav,4,jackson,35,3462,train
4_jackson_36,4_jackson_36.wav,C:\Users\ASUS\Downloads\DangQuocThanhTai_final\data\raw\fsdd\recordings\4_jackson_36.wav,4,jackson,36,3195,train
4_jackson_37,4_jackson_37.wav,C:\Users\ASUS\Downloads\DangQuocThanhTai_final\data\raw\fsdd\recordings\4_jackson_37.wav,4,jackson,37,4023,train
4_jackson_38,4_jackson_38.wav,C:\Users\ASUS\Downloads\DangQuocThanhTai_final\data\raw\fsdd\recordings\4_jackson_38.wav,4,jackson,38,3753,train
4_jackson_39,4_jackson_39.wav,C:\Users\ASUS\Downloads\DangQuocThanhTai_final\data\raw\fsdd\recordings\4_jackson_39.wav,4,jackson,39,3879,train
4_jackson_40,4_jackson_40.wav,C:\Users\ASUS\Downloads\DangQuocThanhTai_final\data\raw\fsdd\recordings\4_jackson_40.wav,4,jackson,40,3764,train
4_jackson_41,4_jackson_41.wav,C:\Users\ASUS\Downloads\DangQuocThanhTai_final\data\raw\fsdd\recordings\4_jackson_41.wav,4,jackson,41,3586,train
4_jackson_42,4_jackson_42.wav,C:\Users\ASUS\Downloads\DangQuocThanhTai_final\data\raw\fsdd\recordings\4_jackson_42.wav,4,jackson,42,3410,train
4_jackson_43,4_jackson_43.wav,C:\Users\ASUS\Downloads\DangQuocThanhTai_final\data\raw\fsdd\recordings\4_jackson_43.wav,4,jackson,43,3699,train
4_jackson_44,4_jackson_44.wav,C:\Users\ASUS\Downloads\DangQuocThanhTai_final\data\raw\fsdd\recordings\4_jackson_44.wav,4,jackson,44,3763,train
4_jackson_45,4_jackson_45.wav,C:\Users\ASUS\Downloads\DangQuocThanhTai_final\data\raw\fsdd\recordings\4_jackson_45.wav,4,jackson,45,3512,train
4_jackson_46,4_jackson_46.wav,C:\Users\ASUS\Downloads\DangQuocThanhTai_final\data\raw\fsdd\recordings\4_jackson_46.wav,4,jackson,46,4089,train
4_jackson_47,4_jackson_47.wav,C:\Users\ASUS\Downloads\DangQuocThanhTai_final\data\raw\fsdd\recordings\4_jackson_47.wav,4,jackson,47,3940,train
4_jackson_48,4_jackson_48.wav,C:\Users\ASUS\Downloads\DangQuocThanhTai_final\data\raw\fsdd\recordings\4_jackson_48.wav,4,jackson,48,3754,train
4_jackson_49,4_jackson_49.wav,C:\Users\ASUS\Downloads\DangQuocThanhTai_final\data\raw\fsdd\recordings\4_jackson_49.wav,4,jackson,49,4001,train
4_lucas_0,4_lucas_0.wav,C:\Users\ASUS\Downloads\DangQuocThanhTai_final\data\raw\fsdd\recordings\4_lucas_0.wav,4,lucas,0,3383,test
4_lucas_1,4_lucas_1.wav,C:\Users\ASUS\Downloads\DangQuocThanhTai_final\data\raw\fsdd\recordings\4_lucas_1.wav,4,lucas,1,3288,test
4_lucas_2,4_lucas_2.wav,C:\Users\ASUS\Downloads\DangQuocThanhTai_final\data\raw\fsdd\recordings\4_lucas_2.wav,4,lucas,2,4945,test
4_lucas_3,4_lucas_3.wav,C:\Users\ASUS\Downloads\DangQuocThanhTai_final\data\raw\fsdd\recordings\4_lucas_3.wav,4,lucas,3,3529,test
4_lucas_4,4_lucas_4.wav,C:\Users\ASUS\Downloads\DangQuocThanhTai_final\data\raw\fsdd\recordings\4_lucas_4.wav,4,lucas,4,4433,test
4_lucas_5,4_lucas_5.wav,C:\Users\ASUS\Downloads\DangQuocThanhTai_final\data\raw\fsdd\recordings\4_lucas_5.wav,4,lucas,5,4095,val
4_lucas_6,4_lucas_6.wav,C:\Users\ASUS\Downloads\DangQuocThanhTai_final\data\raw\fsdd\recordings\4_lucas_6.wav,4,lucas,6,3604,val
4_lucas_7,4_lucas_7.wav,C:\Users\ASUS\Downloads\DangQuocThanhTai_final\data\raw\fsdd\recordings\4_lucas_7.wav,4,lucas,7,5131,val
4_lucas_8,4_lucas_8.wav,C:\Users\ASUS\Downloads\DangQuocThanhTai_final\data\raw\fsdd\recordings\4_lucas_8.wav,4,lucas,8,4249,val
4_lucas_9,4_lucas_9.wav,C:\Users\ASUS\Downloads\DangQuocThanhTai_final\data\raw\fsdd\recordings\4_lucas_9.wav,4,lucas,9,4018,val
4_lucas_10,4_lucas_10.wav,C:\Users\ASUS\Downloads\DangQuocThanhTai_final\data\raw\fsdd\recordings\4_lucas_10.wav,4,lucas,10,4594,train
4_lucas_11,4_lucas_11.wav,C:\Users\ASUS\Downloads\DangQuocThanhTai_final\data\raw\fsdd\recordings\4_lucas_11.wav,4,lucas,11,3261,train
4_lucas_12,4_lucas_12.wav,C:\Users\ASUS\Downloads\DangQuocThanhTai_final\data\raw\fsdd\recordings\4_lucas_12.wav,4,lucas,12,3955,train
4_lucas_13,4_lucas_13.wav,C:\Users\ASUS\Downloads\DangQuocThanhTai_final\data\raw\fsdd\recordings\4_lucas_13.wav,4,lucas,13,4129,train
4_lucas_14,4_lucas_14.wav,C:\Users\ASUS\Downloads\DangQuocThanhTai_final\data\raw\fsdd\recordings\4_lucas_14.wav,4,lucas,14,3597,train
4_lucas_15,4_lucas_15.wav,C:\Users\ASUS\Downloads\DangQuocThanhTai_final\data\raw\fsdd\recordings\4_lucas_15.wav,4,lucas,15,4165,train
4_lucas_16,4_lucas_16.wav,C:\Users\ASUS\Downloads\DangQuocThanhTai_final\data\raw\fsdd\recordings\4_lucas_16.wav,4,lucas,16,3622,train
4_lucas_17,4_lucas_17.wav,C:\Users\ASUS\Downloads\DangQuocThanhTai_final\data\raw\fsdd\recordings\4_lucas_17.wav,4,lucas,17,4644,train
4_lucas_18,4_lucas_18.wav,C:\Users\ASUS\Downloads\DangQuocThanhTai_final\data\raw\fsdd\recordings\4_lucas_18.wav,4,lucas,18,4580,train
4_lucas_19,4_lucas_19.wav,C:\Users\ASUS\Downloads\DangQuocThanhTai_final\data\raw\fsdd\recordings\4_lucas_19.wav,4,lucas,19,6186,train
4_lucas_20,4_lucas_20.wav,C:\Users\ASUS\Downloads\DangQuocThanhTai_final\data\raw\fsdd\recordings\4_lucas_20.wav,4,lucas,20,2125,train
4_lucas_21,4_lucas_21.wav,C:\Users\ASUS\Downloads\DangQuocThanhTai_final\data\raw\fsdd\recordings\4_lucas_21.wav,4,lucas,21,4274,train
4_lucas_22,4_lucas_22.wav,C:\Users\ASUS\Downloads\DangQuocThanhTai_final\data\raw\fsdd\recordings\4_lucas_22.wav,4,lucas,22,4654,train
4_lucas_23,4_lucas_23.wav,C:\Users\ASUS\Downloads\DangQuocThanhTai_final\data\raw\fsdd\recordings\4_lucas_23.wav,4,lucas,23,4127,train
4_lucas_24,4_lucas_24.wav,C:\Users\ASUS\Downloads\DangQuocThanhTai_final\data\raw\fsdd\recordings\4_lucas_24.wav,4,lucas,24,4793,train
4_lucas_25,4_lucas_25.wav,C:\Users\ASUS\Downloads\DangQuocThanhTai_final\data\raw\fsdd\recordings\4_lucas_25.wav,4,lucas,25,4384,train
4_lucas_26,4_lucas_26.wav,C:\Users\ASUS\Downloads\DangQuocThanhTai_final\data\raw\fsdd\recordings\4_lucas_26.wav,4,lucas,26,4935,train
4_lucas_27,4_lucas_27.wav,C:\Users\ASUS\Downloads\DangQuocThanhTai_final\data\raw\fsdd\recordings\4_lucas_27.wav,4,lucas,27,4363,train
4_lucas_28,4_lucas_28.wav,C:\Users\ASUS\Downloads\DangQuocThanhTai_final\data\raw\fsdd\recordings\4_lucas_28.wav,4,lucas,28,4656,train
4_lucas_29,4_lucas_29.wav,C:\Users\ASUS\Downloads\DangQuocThanhTai_final\data\raw\fsdd\recordings\4_lucas_29.wav,4,lucas,29,5155,train
4_lucas_30,4_lucas_30.wav,C:\Users\ASUS\Downloads\DangQuocThanhTai_final\data\raw\fsdd\recordings\4_lucas_30.wav,4,lucas,30,4001,train
4_lucas_31,4_lucas_31.wav,C:\Users\ASUS\Downloads\DangQuocThanhTai_final\data\raw\fsdd\recordings\4_lucas_31.wav,4,lucas,31,4265,train
4_lucas_32,4_lucas_32.wav,C:\Users\ASUS\Downloads\DangQuocThanhTai_final\data\raw\fsdd\recordings\4_lucas_32.wav,4,lucas,32,4267,train
4_lucas_33,4_lucas_33.wav,C:\Users\ASUS\Downloads\DangQuocThanhTai_final\data\raw\fsdd\recordings\4_lucas_33.wav,4,lucas,33,4007,train
4_lucas_34,4_lucas_34.wav,C:\Users\ASUS\Downloads\DangQuocThanhTai_final\data\raw\fsdd\recordings\4_lucas_34.wav,4,lucas,34,3809,train
4_lucas_35,4_lucas_35.wav,C:\Users\ASUS\Downloads\DangQuocThanhTai_final\data\raw\fsdd\recordings\4_lucas_35.wav,4,lucas,35,4749,train
4_lucas_36,4_lucas_36.wav,C:\Users\ASUS\Downloads\DangQuocThanhTai_final\data\raw\fsdd\recordings\4_lucas_36.wav,4,lucas,36,3279,train
4_lucas_37,4_lucas_37.wav,C:\Users\ASUS\Downloads\DangQuocThanhTai_final\data\raw\fsdd\recordings\4_lucas_37.wav,4,lucas,37,4312,train
4_lucas_38,4_lucas_38.wav,C:\Users\ASUS\Downloads\DangQuocThanhTai_final\data\raw\fsdd\recordings\4_lucas_38.wav,4,lucas,38,4143,train
4_lucas_39,4_lucas_39.wav,C:\Users\ASUS\Downloads\DangQuocThanhTai_final\data\raw\fsdd\recordings\4_lucas_39.wav,4,lucas,39,5990,train
4_lucas_40,4_lucas_40.wav,C:\Users\ASUS\Downloads\DangQuocThanhTai_final\data\raw\fsdd\recordings\4_lucas_40.wav,4,lucas,40,4500,train
4_lucas_41,4_lucas_41.wav,C:\Users\ASUS\Downloads\DangQuocThanhTai_final\data\raw\fsdd\recordings\4_lucas_41.wav,4,lucas,41,4602,train
4_lucas_42,4_lucas_42.wav,C:\Users\ASUS\Downloads\DangQuocThanhTai_final\data\raw\fsdd\recordings\4_lucas_42.wav,4,lucas,42,5156,train
4_lucas_43,4_lucas_43.wav,C:\Users\ASUS\Downloads\DangQuocThanhTai_final\data\raw\fsdd\recordings\4_lucas_43.wav,4,lucas,43,4536,train
4_lucas_44,4_lucas_44.wav,C:\Users\ASUS\Downloads\DangQuocThanhTai_final\data\raw\fsdd\recordings\4_lucas_44.wav,4,lucas,44,4775,train
4_lucas_45,4_lucas_45.wav,C:\Users\ASUS\Downloads\DangQuocThanhTai_final\data\raw\fsdd\recordings\4_lucas_45.wav,4,lucas,45,4187,train
4_lucas_46,4_lucas_46.wav,C:\Users\ASUS\Downloads\DangQuocThanhTai_final\data\raw\fsdd\recordings\4_lucas_46.wav,4,lucas,46,4651,train
4_lucas_47,4_lucas_47.wav,C:\Users\ASUS\Downloads\DangQuocThanhTai_final\data\raw\fsdd\recordings\4_lucas_47.wav,4,lucas,47,8919,train
4_lucas_48,4_lucas_48.wav,C:\Users\ASUS\Downloads\DangQuocThanhTai_final\data\raw\fsdd\recordings\4_lucas_48.wav,4,lucas,48,4895,train
4_lucas_49,4_lucas_49.wav,C:\Users\ASUS\Downloads\DangQuocThanhTai_final\data\raw\fsdd\recordings\4_lucas_49.wav,4,lucas,49,3653,train
4_nicolas_0,4_nicolas_0.wav,C:\Users\ASUS\Downloads\DangQuocThanhTai_final\data\raw\fsdd\recordings\4_nicolas_0.wav,4,nicolas,0,2493,test
4_nicolas_1,4_nicolas_1.wav,C:\Users\ASUS\Downloads\DangQuocThanhTai_final\data\raw\fsdd\recordings\4_nicolas_1.wav,4,nicolas,1,2800,test
4_nicolas_2,4_nicolas_2.wav,C:\Users\ASUS\Downloads\DangQuocThanhTai_final\data\raw\fsdd\recordings\4_nicolas_2.wav,4,nicolas,2,2493,test
4_nicolas_3,4_nicolas_3.wav,C:\Users\ASUS\Downloads\DangQuocThanhTai_final\data\raw\fsdd\recordings\4_nicolas_3.wav,4,nicolas,3,2630,test
4_nicolas_4,4_nicolas_4.wav,C:\Users\ASUS\Downloads\DangQuocThanhTai_final\data\raw\fsdd\recordings\4_nicolas_4.wav,4,nicolas,4,2561,test
4_nicolas_5,4_nicolas_5.wav,C:\Users\ASUS\Downloads\DangQuocThanhTai_final\data\raw\fsdd\recordings\4_nicolas_5.wav,4,nicolas,5,2732,val
4_nicolas_6,4_nicolas_6.wav,C:\Users\ASUS\Downloads\DangQuocThanhTai_final\data\raw\fsdd\recordings\4_nicolas_6.wav,4,nicolas,6,2766,val
4_nicolas_7,4_nicolas_7.wav,C:\Users\ASUS\Downloads\DangQuocThanhTai_final\data\raw\fsdd\recordings\4_nicolas_7.wav,4,nicolas,7,2357,val
4_nicolas_8,4_nicolas_8.wav,C:\Users\ASUS\Downloads\DangQuocThanhTai_final\data\raw\fsdd\recordings\4_nicolas_8.wav,4,nicolas,8,2288,val
4_nicolas_9,4_nicolas_9.wav,C:\Users\ASUS\Downloads\DangQuocThanhTai_final\data\raw\fsdd\recordings\4_nicolas_9.wav,4,nicolas,9,2629,val
4_nicolas_10,4_nicolas_10.wav,C:\Users\ASUS\Downloads\DangQuocThanhTai_final\data\raw\fsdd\recordings\4_nicolas_10.wav,4,nicolas,10,2462,train
4_nicolas_11,4_nicolas_11.wav,C:\Users\ASUS\Downloads\DangQuocThanhTai_final\data\raw\fsdd\recordings\4_nicolas_11.wav,4,nicolas,11,2333,train
4_nicolas_12,4_nicolas_12.wav,C:\Users\ASUS\Downloads\DangQuocThanhTai_final\data\raw\fsdd\recordings\4_nicolas_12.wav,4,nicolas,12,2301,train
4_nicolas_13,4_nicolas_13.wav,C:\Users\ASUS\Downloads\DangQuocThanhTai_final\data\raw\fsdd\recordings\4_nicolas_13.wav,4,nicolas,13,2689,train
4_nicolas_14,4_nicolas_14.wav,C:\Users\ASUS\Downloads\DangQuocThanhTai_final\data\raw\fsdd\recordings\4_nicolas_14.wav,4,nicolas,14,2463,train
4_nicolas_15,4_nicolas_15.wav,C:\Users\ASUS\Downloads\DangQuocThanhTai_final\data\raw\fsdd\recordings\4_nicolas_15.wav,4,nicolas,15,2883,train
4_nicolas_16,4_nicolas_16.wav,C:\Users\ASUS\Downloads\DangQuocThanhTai_final\data\raw\fsdd\recordings\4_nicolas_16.wav,4,nicolas,16,3662,train
4_nicolas_17,4_nicolas_17.wav,C:\Users\ASUS\Downloads\DangQuocThanhTai_final\data\raw\fsdd\recordings\4_nicolas_17.wav,4,nicolas,17,3142,train
4_nicolas_18,4_nicolas_18.wav,C:\Users\ASUS\Downloads\DangQuocThanhTai_final\data\raw\fsdd\recordings\4_nicolas_18.wav,4,nicolas,18,3014,train
4_nicolas_19,4_nicolas_19.wav,C:\Users\ASUS\Downloads\DangQuocThanhTai_final\data\raw\fsdd\recordings\4_nicolas_19.wav,4,nicolas,19,2559,train
4_nicolas_20,4_nicolas_20.wav,C:\Users\ASUS\Downloads\DangQuocThanhTai_final\data\raw\fsdd\recordings\4_nicolas_20.wav,4,nicolas,20,2174,train
4_nicolas_21,4_nicolas_21.wav,C:\Users\ASUS\Downloads\DangQuocThanhTai_final\data\raw\fsdd\recordings\4_nicolas_21.wav,4,nicolas,21,2237,train
4_nicolas_22,4_nicolas_22.wav,C:\Users\ASUS\Downloads\DangQuocThanhTai_final\data\raw\fsdd\recordings\4_nicolas_22.wav,4,nicolas,22,2333,train
4_nicolas_23,4_nicolas_23.wav,C:\Users\ASUS\Downloads\DangQuocThanhTai_final\data\raw\fsdd\recordings\4_nicolas_23.wav,4,nicolas,23,2430,train
4_nicolas_24,4_nicolas_24.wav,C:\Users\ASUS\Downloads\DangQuocThanhTai_final\data\raw\fsdd\recordings\4_nicolas_24.wav,4,nicolas,24,2589,train
4_nicolas_25,4_nicolas_25.wav,C:\Users\ASUS\Downloads\DangQuocThanhTai_final\data\raw\fsdd\recordings\4_nicolas_25.wav,4,nicolas,25,2653,train
4_nicolas_26,4_nicolas_26.wav,C:\Users\ASUS\Downloads\DangQuocThanhTai_final\data\raw\fsdd\recordings\4_nicolas_26.wav,4,nicolas,26,2876,train
4_nicolas_27,4_nicolas_27.wav,C:\Users\ASUS\Downloads\DangQuocThanhTai_final\data\raw\fsdd\recordings\4_nicolas_27.wav,4,nicolas,27,2717,train
4_nicolas_28,4_nicolas_28.wav,C:\Users\ASUS\Downloads\DangQuocThanhTai_final\data\raw\fsdd\recordings\4_nicolas_28.wav,4,nicolas,28,2813,train
4_nicolas_29,4_nicolas_29.wav,C:\Users\ASUS\Downloads\DangQuocThanhTai_final\data\raw\fsdd\recordings\4_nicolas_29.wav,4,nicolas,29,2621,train
4_nicolas_30,4_nicolas_30.wav,C:\Users\ASUS\Downloads\DangQuocThanhTai_final\data\raw\fsdd\recordings\4_nicolas_30.wav,4,nicolas,30,1832,train
4_nicolas_31,4_nicolas_31.wav,C:\Users\ASUS\Downloads\DangQuocThanhTai_final\data\raw\fsdd\recordings\4_nicolas_31.wav,4,nicolas,31,2783,train
4_nicolas_32,4_nicolas_32.wav,C:\Users\ASUS\Downloads\DangQuocThanhTai_final\data\raw\fsdd\recordings\4_nicolas_32.wav,4,nicolas,32,3087,train
4_nicolas_33,4_nicolas_33.wav,C:\Users\ASUS\Downloads\DangQuocThanhTai_final\data\raw\fsdd\recordings\4_nicolas_33.wav,4,nicolas,33,2851,train
4_nicolas_34,4_nicolas_34.wav,C:\Users\ASUS\Downloads\DangQuocThanhTai_final\data\raw\fsdd\recordings\4_nicolas_34.wav,4,nicolas,34,2748,train
4_nicolas_35,4_nicolas_35.wav,C:\Users\ASUS\Downloads\DangQuocThanhTai_final\data\raw\fsdd\recordings\4_nicolas_35.wav,4,nicolas,35,2477,train
4_nicolas_36,4_nicolas_36.wav,C:\Users\ASUS\Downloads\DangQuocThanhTai_final\data\raw\fsdd\recordings\4_nicolas_36.wav,4,nicolas,36,3020,train
4_nicolas_37,4_nicolas_37.wav,C:\Users\ASUS\Downloads\DangQuocThanhTai_final\data\raw\fsdd\recordings\4_nicolas_37.wav,4,nicolas,37,2918,train
4_nicolas_38,4_nicolas_38.wav,C:\Users\ASUS\Downloads\DangQuocThanhTai_final\data\raw\fsdd\recordings\4_nicolas_38.wav,4,nicolas,38,2681,train
4_nicolas_39,4_nicolas_39.wav,C:\Users\ASUS\Downloads\DangQuocThanhTai_final\data\raw\fsdd\recordings\4_nicolas_39.wav,4,nicolas,39,2036,train
4_nicolas_40,4_nicolas_40.wav,C:\Users\ASUS\Downloads\DangQuocThanhTai_final\data\raw\fsdd\recordings\4_nicolas_40.wav,4,nicolas,40,2583,train
4_nicolas_41,4_nicolas_41.wav,C:\Users\ASUS\Downloads\DangQuocThanhTai_final\data\raw\fsdd\recordings\4_nicolas_41.wav,4,nicolas,41,2746,train
4_nicolas_42,4_nicolas_42.wav,C:\Users\ASUS\Downloads\DangQuocThanhTai_final\data\raw\fsdd\recordings\4_nicolas_42.wav,4,nicolas,42,3204,train
4_nicolas_43,4_nicolas_43.wav,C:\Users\ASUS\Downloads\DangQuocThanhTai_final\data\raw\fsdd\recordings\4_nicolas_43.wav,4,nicolas,43,2550,train
4_nicolas_44,4_nicolas_44.wav,C:\Users\ASUS\Downloads\DangQuocThanhTai_final\data\raw\fsdd\recordings\4_nicolas_44.wav,4,nicolas,44,2550,train
4_nicolas_45,4_nicolas_45.wav,C:\Users\ASUS\Downloads\DangQuocThanhTai_final\data\raw\fsdd\recordings\4_nicolas_45.wav,4,nicolas,45,2648,train
4_nicolas_46,4_nicolas_46.wav,C:\Users\ASUS\Downloads\DangQuocThanhTai_final\data\raw\fsdd\recordings\4_nicolas_46.wav,4,nicolas,46,2452,train
4_nicolas_47,4_nicolas_47.wav,C:\Users\ASUS\Downloads\DangQuocThanhTai_final\data\raw\fsdd\recordings\4_nicolas_47.wav,4,nicolas,47,2877,train
4_nicolas_48,4_nicolas_48.wav,C:\Users\ASUS\Downloads\DangQuocThanhTai_final\data\raw\fsdd\recordings\4_nicolas_48.wav,4,nicolas,48,3073,train
4_nicolas_49,4_nicolas_49.wav,C:\Users\ASUS\Downloads\DangQuocThanhTai_final\data\raw\fsdd\recordings\4_nicolas_49.wav,4,nicolas,49,2517,train
4_theo_0,4_theo_0.wav,C:\Users\ASUS\Downloads\DangQuocThanhTai_final\data\raw\fsdd\recordings\4_theo_0.wav,4,theo,0,2190,test
4_theo_1,4_theo_1.wav,C:\Users\ASUS\Downloads\DangQuocThanhTai_final\data\raw\fsdd\recordings\4_theo_1.wav,4,theo,1,2039,test
4_theo_2,4_theo_2.wav,C:\Users\ASUS\Downloads\DangQuocThanhTai_final\data\raw\fsdd\recordings\4_theo_2.wav,4,theo,2,1806,test
4_theo_3,4_theo_3.wav,C:\Users\ASUS\Downloads\DangQuocThanhTai_final\data\raw\fsdd\recordings\4_theo_3.wav,4,theo,3,2014,test
4_theo_4,4_theo_4.wav,C:\Users\ASUS\Downloads\DangQuocThanhTai_final\data\raw\fsdd\recordings\4_theo_4.wav,4,theo,4,2326,test
4_theo_5,4_theo_5.wav,C:\Users\ASUS\Downloads\DangQuocThanhTai_final\data\raw\fsdd\recordings\4_theo_5.wav,4,theo,5,1790,val
4_theo_6,4_theo_6.wav,C:\Users\ASUS\Downloads\DangQuocThanhTai_final\data\raw\fsdd\recordings\4_theo_6.wav,4,theo,6,1705,val
4_theo_7,4_theo_7.wav,C:\Users\ASUS\Downloads\DangQuocThanhTai_final\data\raw\fsdd\recordings\4_theo_7.wav,4,theo,7,2640,val
4_theo_8,4_theo_8.wav,C:\Users\ASUS\Downloads\DangQuocThanhTai_final\data\raw\fsdd\recordings\4_theo_8.wav,4,theo,8,2189,val
4_theo_9,4_theo_9.wav,C:\Users\ASUS\Downloads\DangQuocThanhTai_final\data\raw\fsdd\recordings\4_theo_9.wav,4,theo,9,2109,val
4_theo_10,4_theo_10.wav,C:\Users\ASUS\Downloads\DangQuocThanhTai_final\data\raw\fsdd\recordings\4_theo_10.wav,4,theo,10,1873,train
4_theo_11,4_theo_11.wav,C:\Users\ASUS\Downloads\DangQuocThanhTai_final\data\raw\fsdd\recordings\4_theo_11.wav,4,theo,11,2694,train
4_theo_12,4_theo_12.wav,C:\Users\ASUS\Downloads\DangQuocThanhTai_final\data\raw\fsdd\recordings\4_theo_12.wav,4,theo,12,2696,train
4_theo_13,4_theo_13.wav,C:\Users\ASUS\Downloads\DangQuocThanhTai_final\data\raw\fsdd\recordings\4_theo_13.wav,4,theo,13,2544,train
4_theo_14,4_theo_14.wav,C:\Users\ASUS\Downloads\DangQuocThanhTai_final\data\raw\fsdd\recordings\4_theo_14.wav,4,theo,14,3602,train
4_theo_15,4_theo_15.wav,C:\Users\ASUS\Downloads\DangQuocThanhTai_final\data\raw\fsdd\recordings\4_theo_15.wav,4,theo,15,3461,train
4_theo_16,4_theo_16.wav,C:\Users\ASUS\Downloads\DangQuocThanhTai_final\data\raw\fsdd\recordings\4_theo_16.wav,4,theo,16,4254,train
4_theo_17,4_theo_17.wav,C:\Users\ASUS\Downloads\DangQuocThanhTai_final\data\raw\fsdd\recordings\4_theo_17.wav,4,theo,17,1632,train
4_theo_18,4_theo_18.wav,C:\Users\ASUS\Downloads\DangQuocThanhTai_final\data\raw\fsdd\recordings\4_theo_18.wav,4,theo,18,3326,train
4_theo_19,4_theo_19.wav,C:\Users\ASUS\Downloads\DangQuocThanhTai_final\data\raw\fsdd\recordings\4_theo_19.wav,4,theo,19,3122,train
4_theo_20,4_theo_20.wav,C:\Users\ASUS\Downloads\DangQuocThanhTai_final\data\raw\fsdd\recordings\4_theo_20.wav,4,theo,20,2823,train
4_theo_21,4_theo_21.wav,C:\Users\ASUS\Downloads\DangQuocThanhTai_final\data\raw\fsdd\recordings\4_theo_21.wav,4,theo,21,3311,train
4_theo_22,4_theo_22.wav,C:\Users\ASUS\Downloads\DangQuocThanhTai_final\data\raw\fsdd\recordings\4_theo_22.wav,4,theo,22,3582,train
4_theo_23,4_theo_23.wav,C:\Users\ASUS\Downloads\DangQuocThanhTai_final\data\raw\fsdd\recordings\4_theo_23.wav,4,theo,23,3939,train
4_theo_24,4_theo_24.wav,C:\Users\ASUS\Downloads\DangQuocThanhTai_final\data\raw\fsdd\recordings\4_theo_24.wav,4,theo,24,3803,train
4_theo_25,4_theo_25.wav,C:\Users\ASUS\Downloads\DangQuocThanhTai_final\data\raw\fsdd\recordings\4_theo_25.wav,4,theo,25,3124,train
4_theo_26,4_theo_26.wav,C:\Users\ASUS\Downloads\DangQuocThanhTai_final\data\raw\fsdd\recordings\4_theo_26.wav,4,theo,26,2022,train
4_theo_27,4_theo_27.wav,C:\Users\ASUS\Downloads\DangQuocThanhTai_final\data\raw\fsdd\recordings\4_theo_27.wav,4,theo,27,4809,train
4_theo_28,4_theo_28.wav,C:\Users\ASUS\Downloads\DangQuocThanhTai_final\data\raw\fsdd\recordings\4_theo_28.wav,4,theo,28,5467,train
4_theo_29,4_theo_29.wav,C:\Users\ASUS\Downloads\DangQuocThanhTai_final\data\raw\fsdd\recordings\4_theo_29.wav,4,theo,29,2329,train
4_theo_30,4_theo_30.wav,C:\Users\ASUS\Downloads\DangQuocThanhTai_final\data\raw\fsdd\recordings\4_theo_30.wav,4,theo,30,2045,train
4_theo_31,4_theo_31.wav,C:\Users\ASUS\Downloads\DangQuocThanhTai_final\data\raw\fsdd\recordings\4_theo_31.wav,4,theo,31,3220,train
4_theo_32,4_theo_32.wav,C:\Users\ASUS\Downloads\DangQuocThanhTai_final\data\raw\fsdd\recordings\4_theo_32.wav,4,theo,32,2608,train
4_theo_33,4_theo_33.wav,C:\Users\ASUS\Downloads\DangQuocThanhTai_final\data\raw\fsdd\recordings\4_theo_33.wav,4,theo,33,2599,train
4_theo_34,4_theo_34.wav,C:\Users\ASUS\Downloads\DangQuocThanhTai_final\data\raw\fsdd\recordings\4_theo_34.wav,4,theo,34,3083,train
4_theo_35,4_theo_35.wav,C:\Users\ASUS\Downloads\DangQuocThanhTai_final\data\raw\fsdd\recordings\4_theo_35.wav,4,theo,35,2826,train
4_theo_36,4_theo_36.wav,C:\Users\ASUS\Downloads\DangQuocThanhTai_final\data\raw\fsdd\recordings\4_theo_36.wav,4,theo,36,2698,train
4_theo_37,4_theo_37.wav,C:\Users\ASUS\Downloads\DangQuocThanhTai_final\data\raw\fsdd\recordings\4_theo_37.wav,4,theo,37,2382,train
4_theo_38,4_theo_38.wav,C:\Users\ASUS\Downloads\DangQuocThanhTai_final\data\raw\fsdd\recordings\4_theo_38.wav,4,theo,38,2530,train
4_theo_39,4_theo_39.wav,C:\Users\ASUS\Downloads\DangQuocThanhTai_final\data\raw\fsdd\recordings\4_theo_39.wav,4,theo,39,2904,train
4_theo_40,4_theo_40.wav,C:\Users\ASUS\Downloads\DangQuocThanhTai_final\data\raw\fsdd\recordings\4_theo_40.wav,4,theo,40,3631,train
4_theo_41,4_theo_41.wav,C:\Users\ASUS\Downloads\DangQuocThanhTai_final\data\raw\fsdd\recordings\4_theo_41.wav,4,theo,41,2455,train
4_theo_42,4_theo_42.wav,C:\Users\ASUS\Downloads\DangQuocThanhTai_final\data\raw\fsdd\recordings\4_theo_42.wav,4,theo,42,2362,train
4_theo_43,4_theo_43.wav,C:\Users\ASUS\Downloads\DangQuocThanhTai_final\data\raw\fsdd\recordings\4_theo_43.wav,4,theo,43,3143,train
4_theo_44,4_theo_44.wav,C:\Users\ASUS\Downloads\DangQuocThanhTai_final\data\raw\fsdd\recordings\4_theo_44.wav,4,theo,44,2113,train
4_theo_45,4_theo_45.wav,C:\Users\ASUS\Downloads\DangQuocThanhTai_final\data\raw\fsdd\recordings\4_theo_45.wav,4,theo,45,2922,train
4_theo_46,4_theo_46.wav,C:\Users\ASUS\Downloads\DangQuocThanhTai_final\data\raw\fsdd\recordings\4_theo_46.wav,4,theo,46,2703,train
4_theo_47,4_theo_47.wav,C:\Users\ASUS\Downloads\DangQuocThanhTai_final\data\raw\fsdd\recordings\4_theo_47.wav,4,theo,47,2110,train
4_theo_48,4_theo_48.wav,C:\Users\ASUS\Downloads\DangQuocThanhTai_final\data\raw\fsdd\recordings\4_theo_48.wav,4,theo,48,2807,train
4_theo_49,4_theo_49.wav,C:\Users\ASUS\Downloads\DangQuocThanhTai_final\data\raw\fsdd\recordings\4_theo_49.wav,4,theo,49,2699,train
4_yweweler_0,4_yweweler_0.wav,C:\Users\ASUS\Downloads\DangQuocThanhTai_final\data\raw\fsdd\recordings\4_yweweler_0.wav,4,yweweler,0,3279,test
4_yweweler_1,4_yweweler_1.wav,C:\Users\ASUS\Downloads\DangQuocThanhTai_final\data\raw\fsdd\recordings\4_yweweler_1.wav,4,yweweler,1,3138,test
4_yweweler_2,4_yweweler_2.wav,C:\Users\ASUS\Downloads\DangQuocThanhTai_final\data\raw\fsdd\recordings\4_yweweler_2.wav,4,yweweler,2,2678,test
4_yweweler_3,4_yweweler_3.wav,C:\Users\ASUS\Downloads\DangQuocThanhTai_final\data\raw\fsdd\recordings\4_yweweler_3.wav,4,yweweler,3,2170,test
4_yweweler_4,4_yweweler_4.wav,C:\Users\ASUS\Downloads\DangQuocThanhTai_final\data\raw\fsdd\recordings\4_yweweler_4.wav,4,yweweler,4,2797,test
4_yweweler_5,4_yweweler_5.wav,C:\Users\ASUS\Downloads\DangQuocThanhTai_final\data\raw\fsdd\recordings\4_yweweler_5.wav,4,yweweler,5,2671,val
4_yweweler_6,4_yweweler_6.wav,C:\Users\ASUS\Downloads\DangQuocThanhTai_final\data\raw\fsdd\recordings\4_yweweler_6.wav,4,yweweler,6,2494,val
4_yweweler_7,4_yweweler_7.wav,C:\Users\ASUS\Downloads\DangQuocThanhTai_final\data\raw\fsdd\recordings\4_yweweler_7.wav,4,yweweler,7,2198,val
4_yweweler_8,4_yweweler_8.wav,C:\Users\ASUS\Downloads\DangQuocThanhTai_final\data\raw\fsdd\recordings\4_yweweler_8.wav,4,yweweler,8,1359,val
4_yweweler_9,4_yweweler_9.wav,C:\Users\ASUS\Downloads\DangQuocThanhTai_final\data\raw\fsdd\recordings\4_yweweler_9.wav,4,yweweler,9,2726,val
4_yweweler_10,4_yweweler_10.wav,C:\Users\ASUS\Downloads\DangQuocThanhTai_final\data\raw\fsdd\recordings\4_yweweler_10.wav,4,yweweler,10,2898,train
4_yweweler_11,4_yweweler_11.wav,C:\Users\ASUS\Downloads\DangQuocThanhTai_final\data\raw\fsdd\recordings\4_yweweler_11.wav,4,yweweler,11,2733,train
4_yweweler_12,4_yweweler_12.wav,C:\Users\ASUS\Downloads\DangQuocThanhTai_final\data\raw\fsdd\recordings\4_yweweler_12.wav,4,yweweler,12,3347,train
4_yweweler_13,4_yweweler_13.wav,C:\Users\ASUS\Downloads\DangQuocThanhTai_final\data\raw\fsdd\recordings\4_yweweler_13.wav,4,yweweler,13,2628,train
4_yweweler_14,4_yweweler_14.wav,C:\Users\ASUS\Downloads\DangQuocThanhTai_final\data\raw\fsdd\recordings\4_yweweler_14.wav,4,yweweler,14,2124,train
4_yweweler_15,4_yweweler_15.wav,C:\Users\ASUS\Downloads\DangQuocThanhTai_final\data\raw\fsdd\recordings\4_yweweler_15.wav,4,yweweler,15,2823,train
4_yweweler_16,4_yweweler_16.wav,C:\Users\ASUS\Downloads\DangQuocThanhTai_final\data\raw\fsdd\recordings\4_yweweler_16.wav,4,yweweler,16,2147,train
4_yweweler_17,4_yweweler_17.wav,C:\Users\ASUS\Downloads\DangQuocThanhTai_final\data\raw\fsdd\recordings\4_yweweler_17.wav,4,yweweler,17,2723,train
4_yweweler_18,4_yweweler_18.wav,C:\Users\ASUS\Downloads\DangQuocThanhTai_final\data\raw\fsdd\recordings\4_yweweler_18.wav,4,yweweler,18,2469,train
4_yweweler_19,4_yweweler_19.wav,C:\Users\ASUS\Downloads\DangQuocThanhTai_final\data\raw\fsdd\recordings\4_yweweler_19.wav,4,yweweler,19,2479,train
4_yweweler_20,4_yweweler_20.wav,C:\Users\ASUS\Downloads\DangQuocThanhTai_final\data\raw\fsdd\recordings\4_yweweler_20.wav,4,yweweler,20,2565,train
4_yweweler_21,4_yweweler_21.wav,C:\Users\ASUS\Downloads\DangQuocThanhTai_final\data\raw\fsdd\recordings\4_yweweler_21.wav,4,yweweler,21,2740,train
4_yweweler_22,4_yweweler_22.wav,C:\Users\ASUS\Downloads\DangQuocThanhTai_final\data\raw\fsdd\recordings\4_yweweler_22.wav,4,yweweler,22,2181,train
4_yweweler_23,4_yweweler_23.wav,C:\Users\ASUS\Downloads\DangQuocThanhTai_final\data\raw\fsdd\recordings\4_yweweler_23.wav,4,yweweler,23,3426,train
4_yweweler_24,4_yweweler_24.wav,C:\Users\ASUS\Downloads\DangQuocThanhTai_final\data\raw\fsdd\recordings\4_yweweler_24.wav,4,yweweler,24,2756,train
4_yweweler_25,4_yweweler_25.wav,C:\Users\ASUS\Downloads\DangQuocThanhTai_final\data\raw\fsdd\recordings\4_yweweler_25.wav,4,yweweler,25,2743,train
4_yweweler_26,4_yweweler_26.wav,C:\Users\ASUS\Downloads\DangQuocThanhTai_final\data\raw\fsdd\recordings\4_yweweler_26.wav,4,yweweler,26,2628,train
4_yweweler_27,4_yweweler_27.wav,C:\Users\ASUS\Downloads\DangQuocThanhTai_final\data\raw\fsdd\recordings\4_yweweler_27.wav,4,yweweler,27,3308,train
4_yweweler_28,4_yweweler_28.wav,C:\Users\ASUS\Downloads\DangQuocThanhTai_final\data\raw\fsdd\recordings\4_yweweler_28.wav,4,yweweler,28,2180,train
4_yweweler_29,4_yweweler_29.wav,C:\Users\ASUS\Downloads\DangQuocThanhTai_final\data\raw\fsdd\recordings\4_yweweler_29.wav,4,yweweler,29,2873,train
4_yweweler_30,4_yweweler_30.wav,C:\Users\ASUS\Downloads\DangQuocThanhTai_final\data\raw\fsdd\recordings\4_yweweler_30.wav,4,yweweler,30,3118,train
4_yweweler_31,4_yweweler_31.wav,C:\Users\ASUS\Downloads\DangQuocThanhTai_final\data\raw\fsdd\recordings\4_yweweler_31.wav,4,yweweler,31,3109,train
4_yweweler_32,4_yweweler_32.wav,C:\Users\ASUS\Downloads\DangQuocThanhTai_final\data\raw\fsdd\recordings\4_yweweler_32.wav,4,yweweler,32,3402,train
4_yweweler_33,4_yweweler_33.wav,C:\Users\ASUS\Downloads\DangQuocThanhTai_final\data\raw\fsdd\recordings\4_yweweler_33.wav,4,yweweler,33,2267,train
4_yweweler_34,4_yweweler_34.wav,C:\Users\ASUS\Downloads\DangQuocThanhTai_final\data\raw\fsdd\recordings\4_yweweler_34.wav,4,yweweler,34,3049,train
4_yweweler_35,4_yweweler_35.wav,C:\Users\ASUS\Downloads\DangQuocThanhTai_final\data\raw\fsdd\recordings\4_yweweler_35.wav,4,yweweler,35,3857,train
4_yweweler_36,4_yweweler_36.wav,C:\Users\ASUS\Downloads\DangQuocThanhTai_final\data\raw\fsdd\recordings\4_yweweler_36.wav,4,yweweler,36,2753,train
4_yweweler_37,4_yweweler_37.wav,C:\Users\ASUS\Downloads\DangQuocThanhTai_final\data\raw\fsdd\recordings\4_yweweler_37.wav,4,yweweler,37,4864,train
4_yweweler_38,4_yweweler_38.wav,C:\Users\ASUS\Downloads\DangQuocThanhTai_final\data\raw\fsdd\recordings\4_yweweler_38.wav,4,yweweler,38,3065,train
4_yweweler_39,4_yweweler_39.wav,C:\Users\ASUS\Downloads\DangQuocThanhTai_final\data\raw\fsdd\recordings\4_yweweler_39.wav,4,yweweler,39,4195,train
4_yweweler_40,4_yweweler_40.wav,C:\Users\ASUS\Downloads\DangQuocThanhTai_final\data\raw\fsdd\recordings\4_yweweler_40.wav,4,yweweler,40,3297,train
4_yweweler_41,4_yweweler_41.wav,C:\Users\ASUS\Downloads\DangQuocThanhTai_final\data\raw\fsdd\recordings\4_yweweler_41.wav,4,yweweler,41,2762,train
4_yweweler_42,4_yweweler_42.wav,C:\Users\ASUS\Downloads\DangQuocThanhTai_final\data\raw\fsdd\recordings\4_yweweler_42.wav,4,yweweler,42,2401,train
4_yweweler_43,4_yweweler_43.wav,C:\Users\ASUS\Downloads\DangQuocThanhTai_final\data\raw\fsdd\recordings\4_yweweler_43.wav,4,yweweler,43,2397,train
4_yweweler_44,4_yweweler_44.wav,C:\Users\ASUS\Downloads\DangQuocThanhTai_final\data\raw\fsdd\recordings\4_yweweler_44.wav,4,yweweler,44,2911,train
4_yweweler_45,4_yweweler_45.wav,C:\Users\ASUS\Downloads\DangQuocThanhTai_final\data\raw\fsdd\recordings\4_yweweler_45.wav,4,yweweler,45,2382,train
4_yweweler_46,4_yweweler_46.wav,C:\Users\ASUS\Downloads\DangQuocThanhTai_final\data\raw\fsdd\recordings\4_yweweler_46.wav,4,yweweler,46,2282,train
4_yweweler_47,4_yweweler_47.wav,C:\Users\ASUS\Downloads\DangQuocThanhTai_final\data\raw\fsdd\recordings\4_yweweler_47.wav,4,yweweler,47,2863,train
4_yweweler_48,4_yweweler_48.wav,C:\Users\ASUS\Downloads\DangQuocThanhTai_final\data\raw\fsdd\recordings\4_yweweler_48.wav,4,yweweler,48,2192,train
4_yweweler_49,4_yweweler_49.wav,C:\Users\ASUS\Downloads\DangQuocThanhTai_final\data\raw\fsdd\recordings\4_yweweler_49.wav,4,yweweler,49,2820,train
5_george_0,5_george_0.wav,C:\Users\ASUS\Downloads\DangQuocThanhTai_final\data\raw\fsdd\recordings\5_george_0.wav,5,george,0,4480,test
5_george_1,5_george_1.wav,C:\Users\ASUS\Downloads\DangQuocThanhTai_final\data\raw\fsdd\recordings\5_george_1.wav,5,george,1,4611,test
5_george_2,5_george_2.wav,C:\Users\ASUS\Downloads\DangQuocThanhTai_final\data\raw\fsdd\recordings\5_george_2.wav,5,george,2,3854,test
5_george_3,5_george_3.wav,C:\Users\ASUS\Downloads\DangQuocThanhTai_final\data\raw\fsdd\recordings\5_george_3.wav,5,george,3,4003,test
5_george_4,5_george_4.wav,C:\Users\ASUS\Downloads\DangQuocThanhTai_final\data\raw\fsdd\recordings\5_george_4.wav,5,george,4,3803,test
5_george_5,5_george_5.wav,C:\Users\ASUS\Downloads\DangQuocThanhTai_final\data\raw\fsdd\recordings\5_george_5.wav,5,george,5,3197,val
5_george_6,5_george_6.wav,C:\Users\ASUS\Downloads\DangQuocThanhTai_final\data\raw\fsdd\recordings\5_george_6.wav,5,george,6,4397,val
5_george_7,5_george_7.wav,C:\Users\ASUS\Downloads\DangQuocThanhTai_final\data\raw\fsdd\recordings\5_george_7.wav,5,george,7,4151,val
5_george_8,5_george_8.wav,C:\Users\ASUS\Downloads\DangQuocThanhTai_final\data\raw\fsdd\recordings\5_george_8.wav,5,george,8,3240,val
5_george_9,5_george_9.wav,C:\Users\ASUS\Downloads\DangQuocThanhTai_final\data\raw\fsdd\recordings\5_george_9.wav,5,george,9,3695,val
5_george_10,5_george_10.wav,C:\Users\ASUS\Downloads\DangQuocThanhTai_final\data\raw\fsdd\recordings\5_george_10.wav,5,george,10,2838,train
5_george_11,5_george_11.wav,C:\Users\ASUS\Downloads\DangQuocThanhTai_final\data\raw\fsdd\recordings\5_george_11.wav,5,george,11,3034,train
5_george_12,5_george_12.wav,C:\Users\ASUS\Downloads\DangQuocThanhTai_final\data\raw\fsdd\recordings\5_george_12.wav,5,george,12,3402,train
5_george_13,5_george_13.wav,C:\Users\ASUS\Downloads\DangQuocThanhTai_final\data\raw\fsdd\recordings\5_george_13.wav,5,george,13,2904,train
5_george_14,5_george_14.wav,C:\Users\ASUS\Downloads\DangQuocThanhTai_final\data\raw\fsdd\recordings\5_george_14.wav,5,george,14,3379,train
5_george_15,5_george_15.wav,C:\Users\ASUS\Downloads\DangQuocThanhTai_final\data\raw\fsdd\recordings\5_george_15.wav,5,george,15,3266,train
5_george_16,5_george_16.wav,C:\Users\ASUS\Downloads\DangQuocThanhTai_final\data\raw\fsdd\recordings\5_george_16.wav,5,george,16,4029,train
5_george_17,5_george_17.wav,C:\Users\ASUS\Downloads\DangQuocThanhTai_final\data\raw\fsdd\recordings\5_george_17.wav,5,george,17,3874,train
5_george_18,5_george_18.wav,C:\Users\ASUS\Downloads\DangQuocThanhTai_final\data\raw\fsdd\recordings\5_george_18.wav,5,george,18,3531,train
5_george_19,5_george_19.wav,C:\Users\ASUS\Downloads\DangQuocThanhTai_final\data\raw\fsdd\recordings\5_george_19.wav,5,george,19,4204,train
5_george_20,5_george_20.wav,C:\Users\ASUS\Downloads\DangQuocThanhTai_final\data\raw\fsdd\recordings\5_george_20.wav,5,george,20,3385,train
5_george_21,5_george_21.wav,C:\Users\ASUS\Downloads\DangQuocThanhTai_final\data\raw\fsdd\recordings\5_george_21.wav,5,george,21,4604,train
5_george_22,5_george_22.wav,C:\Users\ASUS\Downloads\DangQuocThanhTai_final\data\raw\fsdd\recordings\5_george_22.wav,5,george,22,3544,train
5_george_23,5_george_23.wav,C:\Users\ASUS\Downloads\DangQuocThanhTai_final\data\raw\fsdd\recordings\5_george_23.wav,5,george,23,3152,train
5_george_24,5_george_24.wav,C:\Users\ASUS\Downloads\DangQuocThanhTai_final\data\raw\fsdd\recordings\5_george_24.wav,5,george,24,3201,train
5_george_25,5_george_25.wav,C:\Users\ASUS\Downloads\DangQuocThanhTai_final\data\raw\fsdd\recordings\5_george_25.wav,5,george,25,3264,train
5_george_26,5_george_26.wav,C:\Users\ASUS\Downloads\DangQuocThanhTai_final\data\raw\fsdd\recordings\5_george_26.wav,5,george,26,3497,train
5_george_27,5_george_27.wav,C:\Users\ASUS\Downloads\DangQuocThanhTai_final\data\raw\fsdd\recordings\5_george_27.wav,5,george,27,3446,train
5_george_28,5_george_28.wav,C:\Users\ASUS\Downloads\DangQuocThanhTai_final\data\raw\fsdd\recordings\5_george_28.wav,5,george,28,3258,train
5_george_29,5_george_29.wav,C:\Users\ASUS\Downloads\DangQuocThanhTai_final\data\raw\fsdd\recordings\5_george_29.wav,5,george,29,4348,train
5_george_30,5_george_30.wav,C:\Users\ASUS\Downloads\DangQuocThanhTai_final\data\raw\fsdd\recordings\5_george_30.wav,5,george,30,3087,train
5_george_31,5_george_31.wav,C:\Users\ASUS\Downloads\DangQuocThanhTai_final\data\raw\fsdd\recordings\5_george_31.wav,5,george,31,3425,train
5_george_32,5_george_32.wav,C:\Users\ASUS\Downloads\DangQuocThanhTai_final\data\raw\fsdd\recordings\5_george_32.wav,5,george,32,3010,train
5_george_33,5_george_33.wav,C:\Users\ASUS\Downloads\DangQuocThanhTai_final\data\raw\fsdd\recordings\5_george_33.wav,5,george,33,2807,train
5_george_34,5_george_34.wav,C:\Users\ASUS\Downloads\DangQuocThanhTai_final\data\raw\fsdd\recordings\5_george_34.wav,5,george,34,2962,train
5_george_35,5_george_35.wav,C:\Users\ASUS\Downloads\DangQuocThanhTai_final\data\raw\fsdd\recordings\5_george_35.wav,5,george,35,3812,train
5_george_36,5_george_36.wav,C:\Users\ASUS\Downloads\DangQuocThanhTai_final\data\raw\fsdd\recordings\5_george_36.wav,5,george,36,3324,train
5_george_37,5_george_37.wav,C:\Users\ASUS\Downloads\DangQuocThanhTai_final\data\raw\fsdd\recordings\5_george_37.wav,5,george,37,4067,train
5_george_38,5_george_38.wav,C:\Users\ASUS\Downloads\DangQuocThanhTai_final\data\raw\fsdd\recordings\5_george_38.wav,5,george,38,2740,train
5_george_39,5_george_39.wav,C:\Users\ASUS\Downloads\DangQuocThanhTai_final\data\raw\fsdd\recordings\5_george_39.wav,5,george,39,2419,train
5_george_40,5_george_40.wav,C:\Users\ASUS\Downloads\DangQuocThanhTai_final\data\raw\fsdd\recordings\5_george_40.wav,5,george,40,2706,train
5_george_41,5_george_41.wav,C:\Users\ASUS\Downloads\DangQuocThanhTai_final\data\raw\fsdd\recordings\5_george_41.wav,5,george,41,4048,train
5_george_42,5_george_42.wav,C:\Users\ASUS\Downloads\DangQuocThanhTai_final\data\raw\fsdd\recordings\5_george_42.wav,5,george,42,3029,train
5_george_43,5_george_43.wav,C:\Users\ASUS\Downloads\DangQuocThanhTai_final\data\raw\fsdd\recordings\5_george_43.wav,5,george,43,2990,train
5_george_44,5_george_44.wav,C:\Users\ASUS\Downloads\DangQuocThanhTai_final\data\raw\fsdd\recordings\5_george_44.wav,5,george,44,2949,train
5_george_45,5_george_45.wav,C:\Users\ASUS\Downloads\DangQuocThanhTai_final\data\raw\fsdd\recordings\5_george_45.wav,5,george,45,3402,train
5_george_46,5_george_46.wav,C:\Users\ASUS\Downloads\DangQuocThanhTai_final\data\raw\fsdd\recordings\5_george_46.wav,5,george,46,3396,train
5_george_47,5_george_47.wav,C:\Users\ASUS\Downloads\DangQuocThanhTai_final\data\raw\fsdd\recordings\5_george_47.wav,5,george,47,3256,train
5_george_48,5_george_48.wav,C:\Users\ASUS\Downloads\DangQuocThanhTai_final\data\raw\fsdd\recordings\5_george_48.wav,5,george,48,2945,train
5_george_49,5_george_49.wav,C:\Users\ASUS\Downloads\DangQuocThanhTai_final\data\raw\fsdd\recordings\5_george_49.wav,5,george,49,4252,train
5_jackson_0,5_jackson_0.wav,C:\Users\ASUS\Downloads\DangQuocThanhTai_final\data\raw\fsdd\recordings\5_jackson_0.wav,5,jackson,0,3394,test
5_jackson_1,5_jackson_1.wav,C:\Users\ASUS\Downloads\DangQuocThanhTai_final\data\raw\fsdd\recordings\5_jackson_1.wav,5,jackson,1,3319,test
5_jackson_2,5_jackson_2.wav,C:\Users\ASUS\Downloads\DangQuocThanhTai_final\data\raw\fsdd\recordings\5_jackson_2.wav,5,jackson,2,3635,test
5_jackson_3,5_jackson_3.wav,C:\Users\ASUS\Downloads\DangQuocThanhTai_final\data\raw\fsdd\recordings\5_jackson_3.wav,5,jackson,3,3161,test
5_jackson_4,5_jackson_4.wav,C:\Users\ASUS\Downloads\DangQuocThanhTai_final\data\raw\fsdd\recordings\5_jackson_4.wav,5,jackson,4,4204,test
5_jackson_5,5_jackson_5.wav,C:\Users\ASUS\Downloads\DangQuocThanhTai_final\data\raw\fsdd\recordings\5_jackson_5.wav,5,jackson,5,3098,val
5_jackson_6,5_jackson_6.wav,C:\Users\ASUS\Downloads\DangQuocThanhTai_final\data\raw\fsdd\recordings\5_jackson_6.wav,5,jackson,6,3187,val
5_jackson_7,5_jackson_7.wav,C:\Users\ASUS\Downloads\DangQuocThanhTai_final\data\raw\fsdd\recordings\5_jackson_7.wav,5,jackson,7,3070,val
5_jackson_8,5_jackson_8.wav,C:\Users\ASUS\Downloads\DangQuocThanhTai_final\data\raw\fsdd\recordings\5_jackson_8.wav,5,jackson,8,2942,val
5_jackson_9,5_jackson_9.wav,C:\Users\ASUS\Downloads\DangQuocThanhTai_final\data\raw\fsdd\recordings\5_jackson_9.wav,5,jackson,9,4608,val
5_jackson_10,5_jackson_10.wav,C:\Users\ASUS\Downloads\DangQuocThanhTai_final\data\raw\fsdd\recordings\5_jackson_10.wav,5,jackson,10,3148,train
5_jackson_11,5_jackson_11.wav,C:\Users\ASUS\Downloads\DangQuocThanhTai_final\data\raw\fsdd\recordings\5_jackson_11.wav,5,jackson,11,3555,train
5_jackson_12,5_jackson_12.wav,C:\Users\ASUS\Downloads\DangQuocThanhTai_final\data\raw\fsdd\recordings\5_jackson_12.wav,5,jackson,12,2942,train
5_jackson_13,5_jackson_13.wav,C:\Users\ASUS\Downloads\DangQuocThanhTai_final\data\raw\fsdd\recordings\5_jackson_13.wav,5,jackson,13,3373,train
5_jackson_14,5_jackson_14.wav,C:\Users\ASUS\Downloads\DangQuocThanhTai_final\data\raw\fsdd\recordings\5_jackson_14.wav,5,jackson,14,3031,train
5_jackson_15,5_jackson_15.wav,C:\Users\ASUS\Downloads\DangQuocThanhTai_final\data\raw\fsdd\recordings\5_jackson_15.wav,5,jackson,15,3451,train
5_jackson_16,5_jackson_16.wav,C:\Users\ASUS\Downloads\DangQuocThanhTai_final\data\raw\fsdd\recordings\5_jackson_16.wav,5,jackson,16,3163,train
5_jackson_17,5_jackson_17.wav,C:\Users\ASUS\Downloads\DangQuocThanhTai_final\data\raw\fsdd\recordings\5_jackson_17.wav,5,jackson,17,3169,train
5_jackson_18,5_jackson_18.wav,C:\Users\ASUS\Downloads\DangQuocThanhTai_final\data\raw\fsdd\recordings\5_jackson_18.wav,5,jackson,18,2876,train
5_jackson_19,5_jackson_19.wav,C:\Users\ASUS\Downloads\DangQuocThanhTai_final\data\raw\fsdd\recordings\5_jackson_19.wav,5,jackson,19,2955,train
5_jackson_20,5_jackson_20.wav,C:\Users\ASUS\Downloads\DangQuocThanhTai_final\data\raw\fsdd\recordings\5_jackson_20.wav,5,jackson,20,2753,train
5_jackson_21,5_jackson_21.wav,C:\Users\ASUS\Downloads\DangQuocThanhTai_final\data\raw\fsdd\recordings\5_jackson_21.wav,5,jackson,21,3045,train
5_jackson_22,5_jackson_22.wav,C:\Users\ASUS\Downloads\DangQuocThanhTai_final\data\raw\fsdd\recordings\5_jackson_22.wav,5,jackson,22,2974,train
5_jackson_23,5_jackson_23.wav,C:\Users\ASUS\Downloads\DangQuocThanhTai_final\data\raw\fsdd\recordings\5_jackson_23.wav,5,jackson,23,3247,train
5_jackson_24,5_jackson_24.wav,C:\Users\ASUS\Downloads\DangQuocThanhTai_final\data\raw\fsdd\recordings\5_jackson_24.wav,5,jackson,24,3168,train
5_jackson_25,5_jackson_25.wav,C:\Users\ASUS\Downloads\DangQuocThanhTai_final\data\raw\fsdd\recordings\5_jackson_25.wav,5,jackson,25,3158,train
5_jackson_26,5_jackson_26.wav,C:\Users\ASUS\Downloads\DangQuocThanhTai_final\data\raw\fsdd\recordings\5_jackson_26.wav,5,jackson,26,3261,train
5_jackson_27,5_jackson_27.wav,C:\Users\ASUS\Downloads\DangQuocThanhTai_final\data\raw\fsdd\recordings\5_jackson_27.wav,5,jackson,27,3235,train
5_jackson_28,5_jackson_28.wav,C:\Users\ASUS\Downloads\DangQuocThanhTai_final\data\raw\fsdd\recordings\5_jackson_28.wav,5,jackson,28,2951,train
5_jackson_29,5_jackson_29.wav,C:\Users\ASUS\Downloads\DangQuocThanhTai_final\data\raw\fsdd\recordings\5_jackson_29.wav,5,jackson,29,3835,train
5_jackson_30,5_jackson_30.wav,C:\Users\ASUS\Downloads\DangQuocThanhTai_final\data\raw\fsdd\recordings\5_jackson_30.wav,5,jackson,30,3431,train
5_jackson_31,5_jackson_31.wav,C:\Users\ASUS\Downloads\DangQuocThanhTai_final\data\raw\fsdd\recordings\5_jackson_31.wav,5,jackson,31,3287,train
5_jackson_32,5_jackson_32.wav,C:\Users\ASUS\Downloads\DangQuocThanhTai_final\data\raw\fsdd\recordings\5_jackson_32.wav,5,jackson,32,3294,train
5_jackson_33,5_jackson_33.wav,C:\Users\ASUS\Downloads\DangQuocThanhTai_final\data\raw\fsdd\recordings\5_jackson_33.wav,5,jackson,33,3135,train
5_jackson_34,5_jackson_34.wav,C:\Users\ASUS\Downloads\DangQuocThanhTai_final\data\raw\fsdd\recordings\5_jackson_34.wav,5,jackson,34,2891,train
5_jackson_35,5_jackson_35.wav,C:\Users\ASUS\Downloads\DangQuocThanhTai_final\data\raw\fsdd\recordings\5_jackson_35.wav,5,jackson,35,3459,train
5_jackson_36,5_jackson_36.wav,C:\Users\ASUS\Downloads\DangQuocThanhTai_final\data\raw\fsdd\recordings\5_jackson_36.wav,5,jackson,36,2966,train
5_jackson_37,5_jackson_37.wav,C:\Users\ASUS\Downloads\DangQuocThanhTai_final\data\raw\fsdd\recordings\5_jackson_37.wav,5,jackson,37,3126,train
5_jackson_38,5_jackson_38.wav,C:\Users\ASUS\Downloads\DangQuocThanhTai_final\data\raw\fsdd\recordings\5_jackson_38.wav,5,jackson,38,3426,train
5_jackson_39,5_jackson_39.wav,C:\Users\ASUS\Downloads\DangQuocThanhTai_final\data\raw\fsdd\recordings\5_jackson_39.wav,5,jackson,39,3039,train
5_jackson_40,5_jackson_40.wav,C:\Users\ASUS\Downloads\DangQuocThanhTai_final\data\raw\fsdd\recordings\5_jackson_40.wav,5,jackson,40,3274,train
5_jackson_41,5_jackson_41.wav,C:\Users\ASUS\Downloads\DangQuocThanhTai_final\data\raw\fsdd\recordings\5_jackson_41.wav,5,jackson,41,3171,train
5_jackson_42,5_jackson_42.wav,C:\Users\ASUS\Downloads\DangQuocThanhTai_final\data\raw\fsdd\recordings\5_jackson_42.wav,5,jackson,42,3739,train
5_jackson_43,5_jackson_43.wav,C:\Users\ASUS\Downloads\DangQuocThanhTai_final\data\raw\fsdd\recordings\5_jackson_43.wav,5,jackson,43,3483,train
5_jackson_44,5_jackson_44.wav,C:\Users\ASUS\Downloads\DangQuocThanhTai_final\data\raw\fsdd\recordings\5_jackson_44.wav,5,jackson,44,3902,train
5_jackson_45,5_jackson_45.wav,C:\Users\ASUS\Downloads\DangQuocThanhTai_final\data\raw\fsdd\recordings\5_jackson_45.wav,5,jackson,45,3693,train
5_jackson_46,5_jackson_46.wav,C:\Users\ASUS\Downloads\DangQuocThanhTai_final\data\raw\fsdd\recordings\5_jackson_46.wav,5,jackson,46,4016,train
5_jackson_47,5_jackson_47.wav,C:\Users\ASUS\Downloads\DangQuocThanhTai_final\data\raw\fsdd\recordings\5_jackson_47.wav,5,jackson,47,4100,train
5_jackson_48,5_jackson_48.wav,C:\Users\ASUS\Downloads\DangQuocThanhTai_final\data\raw\fsdd\recordings\5_jackson_48.wav,5,jackson,48,4052,train
5_jackson_49,5_jackson_49.wav,C:\Users\ASUS\Downloads\DangQuocThanhTai_final\data\raw\fsdd\recordings\5_jackson_49.wav,5,jackson,49,3839,train
5_lucas_0,5_lucas_0.wav,C:\Users\ASUS\Downloads\DangQuocThanhTai_final\data\raw\fsdd\recordings\5_lucas_0.wav,5,lucas,0,4802,test
5_lucas_1,5_lucas_1.wav,C:\Users\ASUS\Downloads\DangQuocThanhTai_final\data\raw\fsdd\recordings\5_lucas_1.wav,5,lucas,1,9178,test
5_lucas_2,5_lucas_2.wav,C:\Users\ASUS\Downloads\DangQuocThanhTai_final\data\raw\fsdd\recordings\5_lucas_2.wav,5,lucas,2,4637,test
5_lucas_3,5_lucas_3.wav,C:\Users\ASUS\Downloads\DangQuocThanhTai_final\data\raw\fsdd\recordings\5_lucas_3.wav,5,lucas,3,4229,test
5_lucas_4,5_lucas_4.wav,C:\Users\ASUS\Downloads\DangQuocThanhTai_final\data\raw\fsdd\recordings\5_lucas_4.wav,5,lucas,4,4067,test
5_lucas_5,5_lucas_5.wav,C:\Users\ASUS\Downloads\DangQuocThanhTai_final\data\raw\fsdd\recordings\5_lucas_5.wav,5,lucas,5,4656,val
5_lucas_6,5_lucas_6.wav,C:\Users\ASUS\Downloads\DangQuocThanhTai_final\data\raw\fsdd\recordings\5_lucas_6.wav,5,lucas,6,4766,val
5_lucas_7,5_lucas_7.wav,C:\Users\ASUS\Downloads\DangQuocThanhTai_final\data\raw\fsdd\recordings\5_lucas_7.wav,5,lucas,7,4852,val
5_lucas_8,5_lucas_8.wav,C:\Users\ASUS\Downloads\DangQuocThanhTai_final\data\raw\fsdd\recordings\5_lucas_8.wav,5,lucas,8,5295,val
5_lucas_9,5_lucas_9.wav,C:\Users\ASUS\Downloads\DangQuocThanhTai_final\data\raw\fsdd\recordings\5_lucas_9.wav,5,lucas,9,4583,val
5_lucas_10,5_lucas_10.wav,C:\Users\ASUS\Downloads\DangQuocThanhTai_final\data\raw\fsdd\recordings\5_lucas_10.wav,5,lucas,10,4499,train
5_lucas_11,5_lucas_11.wav,C:\Users\ASUS\Downloads\DangQuocThanhTai_final\data\raw\fsdd\recordings\5_lucas_11.wav,5,lucas,11,5208,train
5_lucas_12,5_lucas_12.wav,C:\Users\ASUS\Downloads\DangQuocThanhTai_final\data\raw\fsdd\recordings\5_lucas_12.wav,5,lucas,12,4374,train
5_lucas_13,5_lucas_13.wav,C:\Users\ASUS\Downloads\DangQuocThanhTai_final\data\raw\fsdd\recordings\5_lucas_13.wav,5,lucas,13,4778,train
5_lucas_14,5_lucas_14.wav,C:\Users\ASUS\Downloads\DangQuocThanhTai_final\data\raw\fsdd\recordings\5_lucas_14.wav,5,lucas,14,5053,train
5_lucas_15,5_lucas_15.wav,C:\Users\ASUS\Downloads\DangQuocThanhTai_final\data\raw\fsdd\recordings\5_lucas_15.wav,5,lucas,15,4423,train
5_lucas_16,5_lucas_16.wav,C:\Users\ASUS\Downloads\DangQuocThanhTai_final\data\raw\fsdd\recordings\5_lucas_16.wav,5,lucas,16,4825,train
5_lucas_17,5_lucas_17.wav,C:\Users\ASUS\Downloads\DangQuocThanhTai_final\data\raw\fsdd\recordings\5_lucas_17.wav,5,lucas,17,4094,train
5_lucas_18,5_lucas_18.wav,C:\Users\ASUS\Downloads\DangQuocThanhTai_final\data\raw\fsdd\recordings\5_lucas_18.wav,5,lucas,18,4344,train
5_lucas_19,5_lucas_19.wav,C:\Users\ASUS\Downloads\DangQuocThanhTai_final\data\raw\fsdd\recordings\5_lucas_19.wav,5,lucas,19,5659,train
5_lucas_20,5_lucas_20.wav,C:\Users\ASUS\Downloads\DangQuocThanhTai_final\data\raw\fsdd\recordings\5_lucas_20.wav,5,lucas,20,6117,train
5_lucas_21,5_lucas_21.wav,C:\Users\ASUS\Downloads\DangQuocThanhTai_final\data\raw\fsdd\recordings\5_lucas_21.wav,5,lucas,21,6981,train
5_lucas_22,5_lucas_22.wav,C:\Users\ASUS\Downloads\DangQuocThanhTai_final\data\raw\fsdd\recordings\5_lucas_22.wav,5,lucas,22,4623,train
5_lucas_23,5_lucas_23.wav,C:\Users\ASUS\Downloads\DangQuocThanhTai_final\data\raw\fsdd\recordings\5_lucas_23.wav,5,lucas,23,4727,train
5_lucas_24,5_lucas_24.wav,C:\Users\ASUS\Downloads\DangQuocThanhTai_final\data\raw\fsdd\recordings\5_lucas_24.wav,5,lucas,24,5519,train
5_lucas_25,5_lucas_25.wav,C:\Users\ASUS\Downloads\DangQuocThanhTai_final\data\raw\fsdd\recordings\5_lucas_25.wav,5,lucas,25,4895,train
5_lucas_26,5_lucas_26.wav,C:\Users\ASUS\Downloads\DangQuocThanhTai_final\data\raw\fsdd\recordings\5_lucas_26.wav,5,lucas,26,4794,train
5_lucas_27,5_lucas_27.wav,C:\Users\ASUS\Downloads\DangQuocThanhTai_final\data\raw\fsdd\recordings\5_lucas_27.wav,5,lucas,27,4817,train
5_lucas_28,5_lucas_28.wav,C:\Users\ASUS\Downloads\DangQuocThanhTai_final\data\raw\fsdd\recordings\5_lucas_28.wav,5,lucas,28,4355,train
5_lucas_29,5_lucas_29.wav,C:\Users\ASUS\Downloads\DangQuocThanhTai_final\data\raw\fsdd\recordings\5_lucas_29.wav,5,lucas,29,4349,train
5_lucas_30,5_lucas_30.wav,C:\Users\ASUS\Downloads\DangQuocThanhTai_final\data\raw\fsdd\recordings\5_lucas_30.wav,5,lucas,30,5960,train
5_lucas_31,5_lucas_31.wav,C:\Users\ASUS\Downloads\DangQuocThanhTai_final\data\raw\fsdd\recordings\5_lucas_31.wav,5,lucas,31,4741,train
5_lucas_32,5_lucas_32.wav,C:\Users\ASUS\Downloads\DangQuocThanhTai_final\data\raw\fsdd\recordings\5_lucas_32.wav,5,lucas,32,4910,train
5_lucas_33,5_lucas_33.wav,C:\Users\ASUS\Downloads\DangQuocThanhTai_final\data\raw\fsdd\recordings\5_lucas_33.wav,5,lucas,33,4868,train
5_lucas_34,5_lucas_34.wav,C:\Users\ASUS\Downloads\DangQuocThanhTai_final\data\raw\fsdd\recordings\5_lucas_34.wav,5,lucas,34,4442,train
5_lucas_35,5_lucas_35.wav,C:\Users\ASUS\Downloads\DangQuocThanhTai_final\data\raw\fsdd\recordings\5_lucas_35.wav,5,lucas,35,4978,train
5_lucas_36,5_lucas_36.wav,C:\Users\ASUS\Downloads\DangQuocThanhTai_final\data\raw\fsdd\recordings\5_lucas_36.wav,5,lucas,36,4876,train
5_lucas_37,5_lucas_37.wav,C:\Users\ASUS\Downloads\DangQuocThanhTai_final\data\raw\fsdd\recordings\5_lucas_37.wav,5,lucas,37,5707,train
5_lucas_38,5_lucas_38.wav,C:\Users\ASUS\Downloads\DangQuocThanhTai_final\data\raw\fsdd\recordings\5_lucas_38.wav,5,lucas,38,4417,train
5_lucas_39,5_lucas_39.wav,C:\Users\ASUS\Downloads\DangQuocThanhTai_final\data\raw\fsdd\recordings\5_lucas_39.wav,5,lucas,39,5619,train
5_lucas_40,5_lucas_40.wav,C:\Users\ASUS\Downloads\DangQuocThanhTai_final\data\raw\fsdd\recordings\5_lucas_40.wav,5,lucas,40,4153,train
5_lucas_41,5_lucas_41.wav,C:\Users\ASUS\Downloads\DangQuocThanhTai_final\data\raw\fsdd\recordings\5_lucas_41.wav,5,lucas,41,4187,train
5_lucas_42,5_lucas_42.wav,C:\Users\ASUS\Downloads\DangQuocThanhTai_final\data\raw\fsdd\recordings\5_lucas_42.wav,5,lucas,42,5595,train
5_lucas_43,5_lucas_43.wav,C:\Users\ASUS\Downloads\DangQuocThanhTai_final\data\raw\fsdd\recordings\5_lucas_43.wav,5,lucas,43,4480,train
5_lucas_44,5_lucas_44.wav,C:\Users\ASUS\Downloads\DangQuocThanhTai_final\data\raw\fsdd\recordings\5_lucas_44.wav,5,lucas,44,5376,train
5_lucas_45,5_lucas_45.wav,C:\Users\ASUS\Downloads\DangQuocThanhTai_final\data\raw\fsdd\recordings\5_lucas_45.wav,5,lucas,45,7223,train
5_lucas_46,5_lucas_46.wav,C:\Users\ASUS\Downloads\DangQuocThanhTai_final\data\raw\fsdd\recordings\5_lucas_46.wav,5,lucas,46,5426,train
5_lucas_47,5_lucas_47.wav,C:\Users\ASUS\Downloads\DangQuocThanhTai_final\data\raw\fsdd\recordings\5_lucas_47.wav,5,lucas,47,5425,train
5_lucas_48,5_lucas_48.wav,C:\Users\ASUS\Downloads\DangQuocThanhTai_final\data\raw\fsdd\recordings\5_lucas_48.wav,5,lucas,48,4934,train
5_lucas_49,5_lucas_49.wav,C:\Users\ASUS\Downloads\DangQuocThanhTai_final\data\raw\fsdd\recordings\5_lucas_49.wav,5,lucas,49,4473,train
5_nicolas_0,5_nicolas_0.wav,C:\Users\ASUS\Downloads\DangQuocThanhTai_final\data\raw\fsdd\recordings\5_nicolas_0.wav,5,nicolas,0,2732,test
5_nicolas_1,5_nicolas_1.wav,C:\Users\ASUS\Downloads\DangQuocThanhTai_final\data\raw\fsdd\recordings\5_nicolas_1.wav,5,nicolas,1,3064,test
5_nicolas_2,5_nicolas_2.wav,C:\Users\ASUS\Downloads\DangQuocThanhTai_final\data\raw\fsdd\recordings\5_nicolas_2.wav,5,nicolas,2,2499,test
5_nicolas_3,5_nicolas_3.wav,C:\Users\ASUS\Downloads\DangQuocThanhTai_final\data\raw\fsdd\recordings\5_nicolas_3.wav,5,nicolas,3,2898,test
5_nicolas_4,5_nicolas_4.wav,C:\Users\ASUS\Downloads\DangQuocThanhTai_final\data\raw\fsdd\recordings\5_nicolas_4.wav,5,nicolas,4,2798,test
5_nicolas_5,5_nicolas_5.wav,C:\Users\ASUS\Downloads\DangQuocThanhTai_final\data\raw\fsdd\recordings\5_nicolas_5.wav,5,nicolas,5,3131,val
5_nicolas_6,5_nicolas_6.wav,C:\Users\ASUS\Downloads\DangQuocThanhTai_final\data\raw\fsdd\recordings\5_nicolas_6.wav,5,nicolas,6,2865,val
5_nicolas_7,5_nicolas_7.wav,C:\Users\ASUS\Downloads\DangQuocThanhTai_final\data\raw\fsdd\recordings\5_nicolas_7.wav,5,nicolas,7,2832,val
5_nicolas_8,5_nicolas_8.wav,C:\Users\ASUS\Downloads\DangQuocThanhTai_final\data\raw\fsdd\recordings\5_nicolas_8.wav,5,nicolas,8,2931,val
5_nicolas_9,5_nicolas_9.wav,C:\Users\ASUS\Downloads\DangQuocThanhTai_final\data\raw\fsdd\recordings\5_nicolas_9.wav,5,nicolas,9,2699,val
5_nicolas_10,5_nicolas_10.wav,C:\Users\ASUS\Downloads\DangQuocThanhTai_final\data\raw\fsdd\recordings\5_nicolas_10.wav,5,nicolas,10,2854,train
5_nicolas_11,5_nicolas_11.wav,C:\Users\ASUS\Downloads\DangQuocThanhTai_final\data\raw\fsdd\recordings\5_nicolas_11.wav,5,nicolas,11,3817,train
5_nicolas_12,5_nicolas_12.wav,C:\Users\ASUS\Downloads\DangQuocThanhTai_final\data\raw\fsdd\recordings\5_nicolas_12.wav,5,nicolas,12,3336,train
5_nicolas_13,5_nicolas_13.wav,C:\Users\ASUS\Downloads\DangQuocThanhTai_final\data\raw\fsdd\recordings\5_nicolas_13.wav,5,nicolas,13,2983,train
5_nicolas_14,5_nicolas_14.wav,C:\Users\ASUS\Downloads\DangQuocThanhTai_final\data\raw\fsdd\recordings\5_nicolas_14.wav,5,nicolas,14,3399,train
5_nicolas_15,5_nicolas_15.wav,C:\Users\ASUS\Downloads\DangQuocThanhTai_final\data\raw\fsdd\recordings\5_nicolas_15.wav,5,nicolas,15,3464,train
5_nicolas_16,5_nicolas_16.wav,C:\Users\ASUS\Downloads\DangQuocThanhTai_final\data\raw\fsdd\recordings\5_nicolas_16.wav,5,nicolas,16,3849,train
5_nicolas_17,5_nicolas_17.wav,C:\Users\ASUS\Downloads\DangQuocThanhTai_final\data\raw\fsdd\recordings\5_nicolas_17.wav,5,nicolas,17,3079,train
5_nicolas_18,5_nicolas_18.wav,C:\Users\ASUS\Downloads\DangQuocThanhTai_final\data\raw\fsdd\recordings\5_nicolas_18.wav,5,nicolas,18,3079,train
5_nicolas_19,5_nicolas_19.wav,C:\Users\ASUS\Downloads\DangQuocThanhTai_final\data\raw\fsdd\recordings\5_nicolas_19.wav,5,nicolas,19,2437,train
5_nicolas_20,5_nicolas_20.wav,C:\Users\ASUS\Downloads\DangQuocThanhTai_final\data\raw\fsdd\recordings\5_nicolas_20.wav,5,nicolas,20,3062,train
5_nicolas_21,5_nicolas_21.wav,C:\Users\ASUS\Downloads\DangQuocThanhTai_final\data\raw\fsdd\recordings\5_nicolas_21.wav,5,nicolas,21,2718,train
5_nicolas_22,5_nicolas_22.wav,C:\Users\ASUS\Downloads\DangQuocThanhTai_final\data\raw\fsdd\recordings\5_nicolas_22.wav,5,nicolas,22,3165,train
5_nicolas_23,5_nicolas_23.wav,C:\Users\ASUS\Downloads\DangQuocThanhTai_final\data\raw\fsdd\recordings\5_nicolas_23.wav,5,nicolas,23,2890,train
5_nicolas_24,5_nicolas_24.wav,C:\Users\ASUS\Downloads\DangQuocThanhTai_final\data\raw\fsdd\recordings\5_nicolas_24.wav,5,nicolas,24,2994,train
5_nicolas_25,5_nicolas_25.wav,C:\Users\ASUS\Downloads\DangQuocThanhTai_final\data\raw\fsdd\recordings\5_nicolas_25.wav,5,nicolas,25,2821,train
5_nicolas_26,5_nicolas_26.wav,C:\Users\ASUS\Downloads\DangQuocThanhTai_final\data\raw\fsdd\recordings\5_nicolas_26.wav,5,nicolas,26,3062,train
5_nicolas_27,5_nicolas_27.wav,C:\Users\ASUS\Downloads\DangQuocThanhTai_final\data\raw\fsdd\recordings\5_nicolas_27.wav,5,nicolas,27,3028,train
5_nicolas_28,5_nicolas_28.wav,C:\Users\ASUS\Downloads\DangQuocThanhTai_final\data\raw\fsdd\recordings\5_nicolas_28.wav,5,nicolas,28,3303,train
5_nicolas_29,5_nicolas_29.wav,C:\Users\ASUS\Downloads\DangQuocThanhTai_final\data\raw\fsdd\recordings\5_nicolas_29.wav,5,nicolas,29,2580,train
5_nicolas_30,5_nicolas_30.wav,C:\Users\ASUS\Downloads\DangQuocThanhTai_final\data\raw\fsdd\recordings\5_nicolas_30.wav,5,nicolas,30,2830,train
5_nicolas_31,5_nicolas_31.wav,C:\Users\ASUS\Downloads\DangQuocThanhTai_final\data\raw\fsdd\recordings\5_nicolas_31.wav,5,nicolas,31,4148,train
5_nicolas_32,5_nicolas_32.wav,C:\Users\ASUS\Downloads\DangQuocThanhTai_final\data\raw\fsdd\recordings\5_nicolas_32.wav,5,nicolas,32,2830,train
5_nicolas_33,5_nicolas_33.wav,C:\Users\ASUS\Downloads\DangQuocThanhTai_final\data\raw\fsdd\recordings\5_nicolas_33.wav,5,nicolas,33,3281,train
5_nicolas_34,5_nicolas_34.wav,C:\Users\ASUS\Downloads\DangQuocThanhTai_final\data\raw\fsdd\recordings\5_nicolas_34.wav,5,nicolas,34,2605,train
5_nicolas_35,5_nicolas_35.wav,C:\Users\ASUS\Downloads\DangQuocThanhTai_final\data\raw\fsdd\recordings\5_nicolas_35.wav,5,nicolas,35,3537,train
5_nicolas_36,5_nicolas_36.wav,C:\Users\ASUS\Downloads\DangQuocThanhTai_final\data\raw\fsdd\recordings\5_nicolas_36.wav,5,nicolas,36,3505,train
5_nicolas_37,5_nicolas_37.wav,C:\Users\ASUS\Downloads\DangQuocThanhTai_final\data\raw\fsdd\recordings\5_nicolas_37.wav,5,nicolas,37,3345,train
5_nicolas_38,5_nicolas_38.wav,C:\Users\ASUS\Downloads\DangQuocThanhTai_final\data\raw\fsdd\recordings\5_nicolas_38.wav,5,nicolas,38,3023,train
5_nicolas_39,5_nicolas_39.wav,C:\Users\ASUS\Downloads\DangQuocThanhTai_final\data\raw\fsdd\recordings\5_nicolas_39.wav,5,nicolas,39,2669,train
5_nicolas_40,5_nicolas_40.wav,C:\Users\ASUS\Downloads\DangQuocThanhTai_final\data\raw\fsdd\recordings\5_nicolas_40.wav,5,nicolas,40,2770,train
5_nicolas_41,5_nicolas_41.wav,C:\Users\ASUS\Downloads\DangQuocThanhTai_final\data\raw\fsdd\recordings\5_nicolas_41.wav,5,nicolas,41,3193,train
5_nicolas_42,5_nicolas_42.wav,C:\Users\ASUS\Downloads\DangQuocThanhTai_final\data\raw\fsdd\recordings\5_nicolas_42.wav,5,nicolas,42,3160,train
5_nicolas_43,5_nicolas_43.wav,C:\Users\ASUS\Downloads\DangQuocThanhTai_final\data\raw\fsdd\recordings\5_nicolas_43.wav,5,nicolas,43,2900,train
5_nicolas_44,5_nicolas_44.wav,C:\Users\ASUS\Downloads\DangQuocThanhTai_final\data\raw\fsdd\recordings\5_nicolas_44.wav,5,nicolas,44,2933,train
5_nicolas_45,5_nicolas_45.wav,C:\Users\ASUS\Downloads\DangQuocThanhTai_final\data\raw\fsdd\recordings\5_nicolas_45.wav,5,nicolas,45,3160,train
5_nicolas_46,5_nicolas_46.wav,C:\Users\ASUS\Downloads\DangQuocThanhTai_final\data\raw\fsdd\recordings\5_nicolas_46.wav,5,nicolas,46,2705,train
5_nicolas_47,5_nicolas_47.wav,C:\Users\ASUS\Downloads\DangQuocThanhTai_final\data\raw\fsdd\recordings\5_nicolas_47.wav,5,nicolas,47,3356,train
5_nicolas_48,5_nicolas_48.wav,C:\Users\ASUS\Downloads\DangQuocThanhTai_final\data\raw\fsdd\recordings\5_nicolas_48.wav,5,nicolas,48,3323,train
5_nicolas_49,5_nicolas_49.wav,C:\Users\ASUS\Downloads\DangQuocThanhTai_final\data\raw\fsdd\recordings\5_nicolas_49.wav,5,nicolas,49,2770,train
5_theo_0,5_theo_0.wav,C:\Users\ASUS\Downloads\DangQuocThanhTai_final\data\raw\fsdd\recordings\5_theo_0.wav,5,theo,0,2427,test
5_theo_1,5_theo_1.wav,C:\Users\ASUS\Downloads\DangQuocThanhTai_final\data\raw\fsdd\recordings\5_theo_1.wav,5,theo,1,2355,test
5_theo_2,5_theo_2.wav,C:\Users\ASUS\Downloads\DangQuocThanhTai_final\data\raw\fsdd\recordings\5_theo_2.wav,5,theo,2,2139,test
5_theo_3,5_theo_3.wav,C:\Users\ASUS\Downloads\DangQuocThanhTai_final\data\raw\fsdd\recordings\5_theo_3.wav,5,theo,3,2219,test
5_theo_4,5_theo_4.wav,C:\Users\ASUS\Downloads\DangQuocThanhTai_final\data\raw\fsdd\recordings\5_theo_4.wav,5,theo,4,2267,test
5_theo_5,5_theo_5.wav,C:\Users\ASUS\Downloads\DangQuocThanhTai_final\data\raw\fsdd\recordings\5_theo_5.wav,5,theo,5,2587,val
5_theo_6,5_theo_6.wav,C:\Users\ASUS\Downloads\DangQuocThanhTai_final\data\raw\fsdd\recordings\5_theo_6.wav,5,theo,6,2207,val
5_theo_7,5_theo_7.wav,C:\Users\ASUS\Downloads\DangQuocThanhTai_final\data\raw\fsdd\recordings\5_theo_7.wav,5,theo,7,3031,val
5_theo_8,5_theo_8.wav,C:\Users\ASUS\Downloads\DangQuocThanhTai_final\data\raw\fsdd\recordings\5_theo_8.wav,5,theo,8,2720,val
5_theo_9,5_theo_9.wav,C:\Users\ASUS\Downloads\DangQuocThanhTai_final\data\raw\fsdd\recordings\5_theo_9.wav,5,theo,9,2553,val
5_theo_10,5_theo_10.wav,C:\Users\ASUS\Downloads\DangQuocThanhTai_final\data\raw\fsdd\recordings\5_theo_10.wav,5,theo,10,2201,train
5_theo_11,5_theo_11.wav,C:\Users\ASUS\Downloads\DangQuocThanhTai_final\data\raw\fsdd\recordings\5_theo_11.wav,5,theo,11,2065,train
5_theo_12,5_theo_12.wav,C:\Users\ASUS\Downloads\DangQuocThanhTai_final\data\raw\fsdd\recordings\5_theo_12.wav,5,theo,12,2433,train
5_theo_13,5_theo_13.wav,C:\Users\ASUS\Downloads\DangQuocThanhTai_final\data\raw\fsdd\recordings\5_theo_13.wav,5,theo,13,2653,train
5_theo_14,5_theo_14.wav,C:\Users\ASUS\Downloads\DangQuocThanhTai_final\data\raw\fsdd\recordings\5_theo_14.wav,5,theo,14,2170,train
5_theo_15,5_theo_15.wav,C:\Users\ASUS\Downloads\DangQuocThanhTai_final\data\raw\fsdd\recordings\5_theo_15.wav,5,theo,15,2624,train
5_theo_16,5_theo_16.wav,C:\Users\ASUS\Downloads\DangQuocThanhTai_final\data\raw\fsdd\recordings\5_theo_16.wav,5,theo,16,3150,train
5_theo_17,5_theo_17.wav,C:\Users\ASUS\Downloads\DangQuocThanhTai_final\data\raw\fsdd\recordings\5_theo_17.wav,5,theo,17,3817,train
5_theo_18,5_theo_18.wav,C:\Users\ASUS\Downloads\DangQuocThanhTai_final\data\raw\fsdd\recordings\5_theo_18.wav,5,theo,18,2916,train
5_theo_19,5_theo_19.wav,C:\Users\ASUS\Downloads\DangQuocThanhTai_final\data\raw\fsdd\recordings\5_theo_19.wav,5,theo,19,4495,train
5_theo_20,5_theo_20.wav,C:\Users\ASUS\Downloads\DangQuocThanhTai_final\data\raw\fsdd\recordings\5_theo_20.wav,5,theo,20,2425,train
5_theo_21,5_theo_21.wav,C:\Users\ASUS\Downloads\DangQuocThanhTai_final\data\raw\fsdd\recordings\5_theo_21.wav,5,theo,21,3631,train
5_theo_22,5_theo_22.wav,C:\Users\ASUS\Downloads\DangQuocThanhTai_final\data\raw\fsdd\recordings\5_theo_22.wav,5,theo,22,4101,train
5_theo_23,5_theo_23.wav,C:\Users\ASUS\Downloads\DangQuocThanhTai_final\data\raw\fsdd\recordings\5_theo_23.wav,5,theo,23,4277,train
5_theo_24,5_theo_24.wav,C:\Users\ASUS\Downloads\DangQuocThanhTai_final\data\raw\fsdd\recordings\5_theo_24.wav,5,theo,24,1673,train
5_theo_25,5_theo_25.wav,C:\Users\ASUS\Downloads\DangQuocThanhTai_final\data\raw\fsdd\recordings\5_theo_25.wav,5,theo,25,3130,train
5_theo_26,5_theo_26.wav,C:\Users\ASUS\Downloads\DangQuocThanhTai_final\data\raw\fsdd\recordings\5_theo_26.wav,5,theo,26,4123,train
5_theo_27,5_theo_27.wav,C:\Users\ASUS\Downloads\DangQuocThanhTai_final\data\raw\fsdd\recordings\5_theo_27.wav,5,theo,27,4341,train
5_theo_28,5_theo_28.wav,C:\Users\ASUS\Downloads\DangQuocThanhTai_final\data\raw\fsdd\recordings\5_theo_28.wav,5,theo,28,3044,train
5_theo_29,5_theo_29.wav,C:\Users\ASUS\Downloads\DangQuocThanhTai_final\data\raw\fsdd\recordings\5_theo_29.wav,5,theo,29,4666,train
5_theo_30,5_theo_30.wav,C:\Users\ASUS\Downloads\DangQuocThanhTai_final\data\raw\fsdd\recordings\5_theo_30.wav,5,theo,30,5239,train
5_theo_31,5_theo_31.wav,C:\Users\ASUS\Downloads\DangQuocThanhTai_final\data\raw\fsdd\recordings\5_theo_31.wav,5,theo,31,1970,train
5_theo_32,5_theo_32.wav,C:\Users\ASUS\Downloads\DangQuocThanhTai_final\data\raw\fsdd\recordings\5_theo_32.wav,5,theo,32,3495,train
5_theo_33,5_theo_33.wav,C:\Users\ASUS\Downloads\DangQuocThanhTai_final\data\raw\fsdd\recordings\5_theo_33.wav,5,theo,33,3682,train
5_theo_34,5_theo_34.wav,C:\Users\ASUS\Downloads\DangQuocThanhTai_final\data\raw\fsdd\recordings\5_theo_34.wav,5,theo,34,3853,train
5_theo_35,5_theo_35.wav,C:\Users\ASUS\Downloads\DangQuocThanhTai_final\data\raw\fsdd\recordings\5_theo_35.wav,5,theo,35,3861,train
5_theo_36,5_theo_36.wav,C:\Users\ASUS\Downloads\DangQuocThanhTai_final\data\raw\fsdd\recordings\5_theo_36.wav,5,theo,36,8201,train
5_theo_37,5_theo_37.wav,C:\Users\ASUS\Downloads\DangQuocThanhTai_final\data\raw\fsdd\recordings\5_theo_37.wav,5,theo,37,2917,train
5_theo_38,5_theo_38.wav,C:\Users\ASUS\Downloads\DangQuocThanhTai_final\data\raw\fsdd\recordings\5_theo_38.wav,5,theo,38,2045,train
5_theo_39,5_theo_39.wav,C:\Users\ASUS\Downloads\DangQuocThanhTai_final\data\raw\fsdd\recordings\5_theo_39.wav,5,theo,39,2817,train
5_theo_40,5_theo_40.wav,C:\Users\ASUS\Downloads\DangQuocThanhTai_final\data\raw\fsdd\recordings\5_theo_40.wav,5,theo,40,2728,train
5_theo_41,5_theo_41.wav,C:\Users\ASUS\Downloads\DangQuocThanhTai_final\data\raw\fsdd\recordings\5_theo_41.wav,5,theo,41,2277,train
5_theo_42,5_theo_42.wav,C:\Users\ASUS\Downloads\DangQuocThanhTai_final\data\raw\fsdd\recordings\5_theo_42.wav,5,theo,42,3087,train
5_theo_43,5_theo_43.wav,C:\Users\ASUS\Downloads\DangQuocThanhTai_final\data\raw\fsdd\recordings\5_theo_43.wav,5,theo,43,3100,train
5_theo_44,5_theo_44.wav,C:\Users\ASUS\Downloads\DangQuocThanhTai_final\data\raw\fsdd\recordings\5_theo_44.wav,5,theo,44,3306,train
5_theo_45,5_theo_45.wav,C:\Users\ASUS\Downloads\DangQuocThanhTai_final\data\raw\fsdd\recordings\5_theo_45.wav,5,theo,45,3389,train
5_theo_46,5_theo_46.wav,C:\Users\ASUS\Downloads\DangQuocThanhTai_final\data\raw\fsdd\recordings\5_theo_46.wav,5,theo,46,3273,train
5_theo_47,5_theo_47.wav,C:\Users\ASUS\Downloads\DangQuocThanhTai_final\data\raw\fsdd\recordings\5_theo_47.wav,5,theo,47,3165,train
5_theo_48,5_theo_48.wav,C:\Users\ASUS\Downloads\DangQuocThanhTai_final\data\raw\fsdd\recordings\5_theo_48.wav,5,theo,48,3248,train
5_theo_49,5_theo_49.wav,C:\Users\ASUS\Downloads\DangQuocThanhTai_final\data\raw\fsdd\recordings\5_theo_49.wav,5,theo,49,3611,train
5_yweweler_0,5_yweweler_0.wav,C:\Users\ASUS\Downloads\DangQuocThanhTai_final\data\raw\fsdd\recordings\5_yweweler_0.wav,5,yweweler,0,2425,test
5_yweweler_1,5_yweweler_1.wav,C:\Users\ASUS\Downloads\DangQuocThanhTai_final\data\raw\fsdd\recordings\5_yweweler_1.wav,5,yweweler,1,3347,test
5_yweweler_2,5_yweweler_2.wav,C:\Users\ASUS\Downloads\DangQuocThanhTai_final\data\raw\fsdd\recordings\5_yweweler_2.wav,5,yweweler,2,3114,test
5_yweweler_3,5_yweweler_3.wav,C:\Users\ASUS\Downloads\DangQuocThanhTai_final\data\raw\fsdd\recordings\5_yweweler_3.wav,5,yweweler,3,3327,test
5_yweweler_4,5_yweweler_4.wav,C:\Users\ASUS\Downloads\DangQuocThanhTai_final\data\raw\fsdd\recordings\5_yweweler_4.wav,5,yweweler,4,4008,test
5_yweweler_5,5_yweweler_5.wav,C:\Users\ASUS\Downloads\DangQuocThanhTai_final\data\raw\fsdd\recordings\5_yweweler_5.wav,5,yweweler,5,3018,val
5_yweweler_6,5_yweweler_6.wav,C:\Users\ASUS\Downloads\DangQuocThanhTai_final\data\raw\fsdd\recordings\5_yweweler_6.wav,5,yweweler,6,2657,val
5_yweweler_7,5_yweweler_7.wav,C:\Users\ASUS\Downloads\DangQuocThanhTai_final\data\raw\fsdd\recordings\5_yweweler_7.wav,5,yweweler,7,3670,val
5_yweweler_8,5_yweweler_8.wav,C:\Users\ASUS\Downloads\DangQuocThanhTai_final\data\raw\fsdd\recordings\5_yweweler_8.wav,5,yweweler,8,3519,val
5_yweweler_9,5_yweweler_9.wav,C:\Users\ASUS\Downloads\DangQuocThanhTai_final\data\raw\fsdd\recordings\5_yweweler_9.wav,5,yweweler,9,4213,val
5_yweweler_10,5_yweweler_10.wav,C:\Users\ASUS\Downloads\DangQuocThanhTai_final\data\raw\fsdd\recordings\5_yweweler_10.wav,5,yweweler,10,4048,train
5_yweweler_11,5_yweweler_11.wav,C:\Users\ASUS\Downloads\DangQuocThanhTai_final\data\raw\fsdd\recordings\5_yweweler_11.wav,5,yweweler,11,4072,train
5_yweweler_12,5_yweweler_12.wav,C:\Users\ASUS\Downloads\DangQuocThanhTai_final\data\raw\fsdd\recordings\5_yweweler_12.wav,5,yweweler,12,3537,train
5_yweweler_13,5_yweweler_13.wav,C:\Users\ASUS\Downloads\DangQuocThanhTai_final\data\raw\fsdd\recordings\5_yweweler_13.wav,5,yweweler,13,3080,train
5_yweweler_14,5_yweweler_14.wav,C:\Users\ASUS\Downloads\DangQuocThanhTai_final\data\raw\fsdd\recordings\5_yweweler_14.wav,5,yweweler,14,3951,train
5_yweweler_15,5_yweweler_15.wav,C:\Users\ASUS\Downloads\DangQuocThanhTai_final\data\raw\fsdd\recordings\5_yweweler_15.wav,5,yweweler,15,4003,train
5_yweweler_16,5_yweweler_16.wav,C:\Users\ASUS\Downloads\DangQuocThanhTai_final\data\raw\fsdd\recordings\5_yweweler_16.wav,5,yweweler,16,3990,train
5_yweweler_17,5_yweweler_17.wav,C:\Users\ASUS\Downloads\DangQuocThanhTai_final\data\raw\fsdd\recordings\5_yweweler_17.wav,5,yweweler,17,2257,train
5_yweweler_18,5_yweweler_18.wav,C:\Users\ASUS\Downloads\DangQuocThanhTai_final\data\raw\fsdd\recordings\5_yweweler_18.wav,5,yweweler,18,2348,train
5_yweweler_19,5_yweweler_19.wav,C:\Users\ASUS\Downloads\DangQuocThanhTai_final\data\raw\fsdd\recordings\5_yweweler_19.wav,5,yweweler,19,3179,train
5_yweweler_20,5_yweweler_20.wav,C:\Users\ASUS\Downloads\DangQuocThanhTai_final\data\raw\fsdd\recordings\5_yweweler_20.wav,5,yweweler,20,3634,train
5_yweweler_21,5_yweweler_21.wav,C:\Users\ASUS\Downloads\DangQuocThanhTai_final\data\raw\fsdd\recordings\5_yweweler_21.wav,5,yweweler,21,4186,train
5_yweweler_22,5_yweweler_22.wav,C:\Users\ASUS\Downloads\DangQuocThanhTai_final\data\raw\fsdd\recordings\5_yweweler_22.wav,5,yweweler,22,4174,train
5_yweweler_23,5_yweweler_23.wav,C:\Users\ASUS\Downloads\DangQuocThanhTai_final\data\raw\fsdd\recordings\5_yweweler_23.wav,5,yweweler,23,3658,train
5_yweweler_24,5_yweweler_24.wav,C:\Users\ASUS\Downloads\DangQuocThanhTai_final\data\raw\fsdd\recordings\5_yweweler_24.wav,5,yweweler,24,3274,train
5_yweweler_25,5_yweweler_25.wav,C:\Users\ASUS\Downloads\DangQuocThanhTai_final\data\raw\fsdd\recordings\5_yweweler_25.wav,5,yweweler,25,4252,train
5_yweweler_26,5_yweweler_26.wav,C:\Users\ASUS\Downloads\DangQuocThanhTai_final\data\raw\fsdd\recordings\5_yweweler_26.wav,5,yweweler,26,3249,train
5_yweweler_27,5_yweweler_27.wav,C:\Users\ASUS\Downloads\DangQuocThanhTai_final\data\raw\fsdd\recordings\5_yweweler_27.wav,5,yweweler,27,3615,train
5_yweweler_28,5_yweweler_28.wav,C:\Users\ASUS\Downloads\DangQuocThanhTai_final\data\raw\fsdd\recordings\5_yweweler_28.wav,5,yweweler,28,4005,train
5_yweweler_29,5_yweweler_29.wav,C:\Users\ASUS\Downloads\DangQuocThanhTai_final\data\raw\fsdd\recordings\5_yweweler_29.wav,5,yweweler,29,3877,train
5_yweweler_30,5_yweweler_30.wav,C:\Users\ASUS\Downloads\DangQuocThanhTai_final\data\raw\fsdd\recordings\5_yweweler_30.wav,5,yweweler,30,3331,train
5_yweweler_31,5_yweweler_31.wav,C:\Users\ASUS\Downloads\DangQuocThanhTai_final\data\raw\fsdd\recordings\5_yweweler_31.wav,5,yweweler,31,3997,train
5_yweweler_32,5_yweweler_32.wav,C:\Users\ASUS\Downloads\DangQuocThanhTai_final\data\raw\fsdd\recordings\5_yweweler_32.wav,5,yweweler,32,4635,train
5_yweweler_33,5_yweweler_33.wav,C:\Users\ASUS\Downloads\DangQuocThanhTai_final\data\raw\fsdd\recordings\5_yweweler_33.wav,5,yweweler,33,3399,train
5_yweweler_34,5_yweweler_34.wav,C:\Users\ASUS\Downloads\DangQuocThanhTai_final\data\raw\fsdd\recordings\5_yweweler_34.wav,5,yweweler,34,5139,train
5_yweweler_35,5_yweweler_35.wav,C:\Users\ASUS\Downloads\DangQuocThanhTai_final\data\raw\fsdd\recordings\5_yweweler_35.wav,5,yweweler,35,3663,train
5_yweweler_36,5_yweweler_36.wav,C:\Users\ASUS\Downloads\DangQuocThanhTai_final\data\raw\fsdd\recordings\5_yweweler_36.wav,5,yweweler,36,3768,train
5_yweweler_37,5_yweweler_37.wav,C:\Users\ASUS\Downloads\DangQuocThanhTai_final\data\raw\fsdd\recordings\5_yweweler_37.wav,5,yweweler,37,3961,train
5_yweweler_38,5_yweweler_38.wav,C:\Users\ASUS\Downloads\DangQuocThanhTai_final\data\raw\fsdd\recordings\5_yweweler_38.wav,5,yweweler,38,4468,train
5_yweweler_39,5_yweweler_39.wav,C:\Users\ASUS\Downloads\DangQuocThanhTai_final\data\raw\fsdd\recordings\5_yweweler_39.wav,5,yweweler,39,3447,train
5_yweweler_40,5_yweweler_40.wav,C:\Users\ASUS\Downloads\DangQuocThanhTai_final\data\raw\fsdd\recordings\5_yweweler_40.wav,5,yweweler,40,5470,train
5_yweweler_41,5_yweweler_41.wav,C:\Users\ASUS\Downloads\DangQuocThanhTai_final\data\raw\fsdd\recordings\5_yweweler_41.wav,5,yweweler,41,3980,train
5_yweweler_42,5_yweweler_42.wav,C:\Users\ASUS\Downloads\DangQuocThanhTai_final\data\raw\fsdd\recordings\5_yweweler_42.wav,5,yweweler,42,3776,train
5_yweweler_43,5_yweweler_43.wav,C:\Users\ASUS\Downloads\DangQuocThanhTai_final\data\raw\fsdd\recordings\5_yweweler_43.wav,5,yweweler,43,3763,train
5_yweweler_44,5_yweweler_44.wav,C:\Users\ASUS\Downloads\DangQuocThanhTai_final\data\raw\fsdd\recordings\5_yweweler_44.wav,5,yweweler,44,3642,train
5_yweweler_45,5_yweweler_45.wav,C:\Users\ASUS\Downloads\DangQuocThanhTai_final\data\raw\fsdd\recordings\5_yweweler_45.wav,5,yweweler,45,2974,train
5_yweweler_46,5_yweweler_46.wav,C:\Users\ASUS\Downloads\DangQuocThanhTai_final\data\raw\fsdd\recordings\5_yweweler_46.wav,5,yweweler,46,4111,train
5_yweweler_47,5_yweweler_47.wav,C:\Users\ASUS\Downloads\DangQuocThanhTai_final\data\raw\fsdd\recordings\5_yweweler_47.wav,5,yweweler,47,3813,train
5_yweweler_48,5_yweweler_48.wav,C:\Users\ASUS\Downloads\DangQuocThanhTai_final\data\raw\fsdd\recordings\5_yweweler_48.wav,5,yweweler,48,3986,train
5_yweweler_49,5_yweweler_49.wav,C:\Users\ASUS\Downloads\DangQuocThanhTai_final\data\raw\fsdd\recordings\5_yweweler_49.wav,5,yweweler,49,3783,train
6_george_0,6_george_0.wav,C:\Users\ASUS\Downloads\DangQuocThanhTai_final\data\raw\fsdd\recordings\6_george_0.wav,6,george,0,4155,test
6_george_1,6_george_1.wav,C:\Users\ASUS\Downloads\DangQuocThanhTai_final\data\raw\fsdd\recordings\6_george_1.wav,6,george,1,3746,test
6_george_2,6_george_2.wav,C:\Users\ASUS\Downloads\DangQuocThanhTai_final\data\raw\fsdd\recordings\6_george_2.wav,6,george,2,4505,test
6_george_3,6_george_3.wav,C:\Users\ASUS\Downloads\DangQuocThanhTai_final\data\raw\fsdd\recordings\6_george_3.wav,6,george,3,4680,test
6_george_4,6_george_4.wav,C:\Users\ASUS\Downloads\DangQuocThanhTai_final\data\raw\fsdd\recordings\6_george_4.wav,6,george,4,4419,test
6_george_5,6_george_5.wav,C:\Users\ASUS\Downloads\DangQuocThanhTai_final\data\raw\fsdd\recordings\6_george_5.wav,6,george,5,4395,val
6_george_6,6_george_6.wav,C:\Users\ASUS\Downloads\DangQuocThanhTai_final\data\raw\fsdd\recordings\6_george_6.wav,6,george,6,4499,val
6_george_7,6_george_7.wav,C:\Users\ASUS\Downloads\DangQuocThanhTai_final\data\raw\fsdd\recordings\6_george_7.wav,6,george,7,4450,val
6_george_8,6_george_8.wav,C:\Users\ASUS\Downloads\DangQuocThanhTai_final\data\raw\fsdd\recordings\6_george_8.wav,6,george,8,4502,val
6_george_9,6_george_9.wav,C:\Users\ASUS\Downloads\DangQuocThanhTai_final\data\raw\fsdd\recordings\6_george_9.wav,6,george,9,4720,val
6_george_10,6_george_10.wav,C:\Users\ASUS\Downloads\DangQuocThanhTai_final\data\raw\fsdd\recordings\6_george_10.wav,6,george,10,3355,train
6_george_11,6_george_11.wav,C:\Users\ASUS\Downloads\DangQuocThanhTai_final\data\raw\fsdd\recordings\6_george_11.wav,6,george,11,3016,train
6_george_12,6_george_12.wav,C:\Users\ASUS\Downloads\DangQuocThanhTai_final\data\raw\fsdd\recordings\6_george_12.wav,6,george,12,5020,train
6_george_13,6_george_13.wav,C:\Users\ASUS\Downloads\DangQuocThanhTai_final\data\raw\fsdd\recordings\6_george_13.wav,6,george,13,3343,train
6_george_14,6_george_14.wav,C:\Users\ASUS\Downloads\DangQuocThanhTai_final\data\raw\fsdd\recordings\6_george_14.wav,6,george,14,3472,train
6_george_15,6_george_15.wav,C:\Users\ASUS\Downloads\DangQuocThanhTai_final\data\raw\fsdd\recordings\6_george_15.wav,6,george,15,3243,train
6_george_16,6_george_16.wav,C:\Users\ASUS\Downloads\DangQuocThanhTai_final\data\raw\fsdd\recordings\6_george_16.wav,6,george,16,3708,train
6_george_17,6_george_17.wav,C:\Users\ASUS\Downloads\DangQuocThanhTai_final\data\raw\fsdd\recordings\6_george_17.wav,6,george,17,3340,train
6_george_18,6_george_18.wav,C:\Users\ASUS\Downloads\DangQuocThanhTai_final\data\raw\fsdd\recordings\6_george_18.wav,6,george,18,3125,train
6_george_19,6_george_19.wav,C:\Users\ASUS\Downloads\DangQuocThanhTai_final\data\raw\fsdd\recordings\6_george_19.wav,6,george,19,1761,train
6_george_20,6_george_20.wav,C:\Users\ASUS\Downloads\DangQuocThanhTai_final\data\raw\fsdd\recordings\6_george_20.wav,6,george,20,3529,train
6_george_21,6_george_21.wav,C:\Users\ASUS\Downloads\DangQuocThanhTai_final\data\raw\fsdd\recordings\6_george_21.wav,6,george,21,2551,train
6_george_22,6_george_22.wav,C:\Users\ASUS\Downloads\DangQuocThanhTai_final\data\raw\fsdd\recordings\6_george_22.wav,6,george,22,3153,train
6_george_23,6_george_23.wav,C:\Users\ASUS\Downloads\DangQuocThanhTai_final\data\raw\fsdd\recordings\6_george_23.wav,6,george,23,3793,train
6_george_24,6_george_24.wav,C:\Users\ASUS\Downloads\DangQuocThanhTai_final\data\raw\fsdd\recordings\6_george_24.wav,6,george,24,3188,train
6_george_25,6_george_25.wav,C:\Users\ASUS\Downloads\DangQuocThanhTai_final\data\raw\fsdd\recordings\6_george_25.wav,6,george,25,3801,train
6_george_26,6_george_26.wav,C:\Users\ASUS\Downloads\DangQuocThanhTai_final\data\raw\fsdd\recordings\6_george_26.wav,6,george,26,3164,train
6_george_27,6_george_27.wav,C:\Users\ASUS\Downloads\DangQuocThanhTai_final\data\raw\fsdd\recordings\6_george_27.wav,6,george,27,3606,train
6_george_28,6_george_28.wav,C:\Users\ASUS\Downloads\DangQuocThanhTai_final\data\raw\fsdd\recordings\6_george_28.wav,6,george,28,3466,train
6_george_29,6_george_29.wav,C:\Users\ASUS\Downloads\DangQuocThanhTai_final\data\raw\fsdd\recordings\6_george_29.wav,6,george,29,3157,train
6_george_30,6_george_30.wav,C:\Users\ASUS\Downloads\DangQuocThanhTai_final\data\raw\fsdd\recordings\6_george_30.wav,6,george,30,2422,train
6_george_31,6_george_31.wav,C:\Users\ASUS\Downloads\DangQuocThanhTai_final\data\raw\fsdd\recordings\6_george_31.wav,6,george,31,2582,train
6_george_32,6_george_32.wav,C:\Users\ASUS\Downloads\DangQuocThanhTai_final\data\raw\fsdd\recordings\6_george_32.wav,6,george,32,2932,train
6_george_33,6_george_33.wav,C:\Users\ASUS\Downloads\DangQuocThanhTai_final\data\raw\fsdd\recordings\6_george_33.wav,6,george,33,2803,train
6_george_34,6_george_34.wav,C:\Users\ASUS\Downloads\DangQuocThanhTai_final\data\raw\fsdd\recordings\6_george_34.wav,6,george,34,2342,train
6_george_35,6_george_35.wav,C:\Users\ASUS\Downloads\DangQuocThanhTai_final\data\raw\fsdd\recordings\6_george_35.wav,6,george,35,4175,train
6_george_36,6_george_36.wav,C:\Users\ASUS\Downloads\DangQuocThanhTai_final\data\raw\fsdd\recordings\6_george_36.wav,6,george,36,2230,train
6_george_37,6_george_37.wav,C:\Users\ASUS\Downloads\DangQuocThanhTai_final\data\raw\fsdd\recordings\6_george_37.wav,6,george,37,2791,train
6_george_38,6_george_38.wav,C:\Users\ASUS\Downloads\DangQuocThanhTai_final\data\raw\fsdd\recordings\6_george_38.wav,6,george,38,2983,train
6_george_39,6_george_39.wav,C:\Users\ASUS\Downloads\DangQuocThanhTai_final\data\raw\fsdd\recordings\6_george_39.wav,6,george,39,3531,train
6_george_40,6_george_40.wav,C:\Users\ASUS\Downloads\DangQuocThanhTai_final\data\raw\fsdd\recordings\6_george_40.wav,6,george,40,3307,train
6_george_41,6_george_41.wav,C:\Users\ASUS\Downloads\DangQuocThanhTai_final\data\raw\fsdd\recordings\6_george_41.wav,6,george,41,3022,train
6_george_42,6_george_42.wav,C:\Users\ASUS\Downloads\DangQuocThanhTai_final\data\raw\fsdd\recordings\6_george_42.wav,6,george,42,3223,train
6_george_43,6_george_43.wav,C:\Users\ASUS\Downloads\DangQuocThanhTai_final\data\raw\fsdd\recordings\6_george_43.wav,6,george,43,2883,train
6_george_44,6_george_44.wav,C:\Users\ASUS\Downloads\DangQuocThanhTai_final\data\raw\fsdd\recordings\6_george_44.wav,6,george,44,2875,train
6_george_45,6_george_45.wav,C:\Users\ASUS\Downloads\DangQuocThanhTai_final\data\raw\fsdd\recordings\6_george_45.wav,6,george,45,3854,train
6_george_46,6_george_46.wav,C:\Users\ASUS\Downloads\DangQuocThanhTai_final\data\raw\fsdd\recordings\6_george_46.wav,6,george,46,3398,train
6_george_47,6_george_47.wav,C:\Users\ASUS\Downloads\DangQuocThanhTai_final\data\raw\fsdd\recordings\6_george_47.wav,6,george,47,2752,train
6_george_48,6_george_48.wav,C:\Users\ASUS\Downloads\DangQuocThanhTai_final\data\raw\fsdd\recordings\6_george_48.wav,6,george,48,2711,train
6_george_49,6_george_49.wav,C:\Users\ASUS\Downloads\DangQuocThanhTai_final\data\raw\fsdd\recordings\6_george_49.wav,6,george,49,3424,train
6_jackson_0,6_jackson_0.wav,C:\Users\ASUS\Downloads\DangQuocThanhTai_final\data\raw\fsdd\recordings\6_jackson_0.wav,6,jackson,0,6623,test
6_jackson_1,6_jackson_1.wav,C:\Users\ASUS\Downloads\DangQuocThanhTai_final\data\raw\fsdd\recordings\6_jackson_1.wav,6,jackson,1,5145,test
6_jackson_2,6_jackson_2.wav,C:\Users\ASUS\Downloads\DangQuocThanhTai_final\data\raw\fsdd\recordings\6_jackson_2.wav,6,jackson,2,5064,test
6_jackson_3,6_jackson_3.wav,C:\Users\ASUS\Downloads\DangQuocThanhTai_final\data\raw\fsdd\recordings\6_jackson_3.wav,6,jackson,3,6925,test
6_jackson_4,6_jackson_4.wav,C:\Users\ASUS\Downloads\DangQuocThanhTai_final\data\raw\fsdd\recordings\6_jackson_4.wav,6,jackson,4,5035,test
6_jackson_5,6_jackson_5.wav,C:\Users\ASUS\Downloads\DangQuocThanhTai_final\data\raw\fsdd\recordings\6_jackson_5.wav,6,jackson,5,5428,val
6_jackson_6,6_jackson_6.wav,C:\Users\ASUS\Downloads\DangQuocThanhTai_final\data\raw\fsdd\recordings\6_jackson_6.wav,6,jackson,6,6074,val
6_jackson_7,6_jackson_7.wav,C:\Users\ASUS\Downloads\DangQuocThanhTai_final\data\raw\fsdd\recordings\6_jackson_7.wav,6,jackson,7,5087,val
6_jackson_8,6_jackson_8.wav,C:\Users\ASUS\Downloads\DangQuocThanhTai_final\data\raw\fsdd\recordings\6_jackson_8.wav,6,jackson,8,6625,val
6_jackson_9,6_jackson_9.wav,C:\Users\ASUS\Downloads\DangQuocThanhTai_final\data\raw\fsdd\recordings\6_jackson_9.wav,6,jackson,9,6609,val
6_jackson_10,6_jackson_10.wav,C:\Users\ASUS\Downloads\DangQuocThanhTai_final\data\raw\fsdd\recordings\6_jackson_10.wav,6,jackson,10,6845,train
6_jackson_11,6_jackson_11.wav,C:\Users\ASUS\Downloads\DangQuocThanhTai_final\data\raw\fsdd\recordings\6_jackson_11.wav,6,jackson,11,6923,train
6_jackson_12,6_jackson_12.wav,C:\Users\ASUS\Downloads\DangQuocThanhTai_final\data\raw\fsdd\recordings\6_jackson_12.wav,6,jackson,12,6884,train
6_jackson_13,6_jackson_13.wav,C:\Users\ASUS\Downloads\DangQuocThanhTai_final\data\raw\fsdd\recordings\6_jackson_13.wav,6,jackson,13,5696,train
6_jackson_14,6_jackson_14.wav,C:\Users\ASUS\Downloads\DangQuocThanhTai_final\data\raw\fsdd\recordings\6_jackson_14.wav,6,jackson,14,6122,train
6_jackson_15,6_jackson_15.wav,C:\Users\ASUS\Downloads\DangQuocThanhTai_final\data\raw\fsdd\recordings\6_jackson_15.wav,6,jackson,15,7038,train
6_jackson_16,6_jackson_16.wav,C:\Users\ASUS\Downloads\DangQuocThanhTai_final\data\raw\fsdd\recordings\6_jackson_16.wav,6,jackson,16,5807,train
6_jackson_17,6_jackson_17.wav,C:\Users\ASUS\Downloads\DangQuocThanhTai_final\data\raw\fsdd\recordings\6_jackson_17.wav,6,jackson,17,5888,train
6_jackson_18,6_jackson_18.wav,C:\Users\ASUS\Downloads\DangQuocThanhTai_final\data\raw\fsdd\recordings\6_jackson_18.wav,6,jackson,18,6883,train
6_jackson_19,6_jackson_19.wav,C:\Users\ASUS\Downloads\DangQuocThanhTai_final\data\raw\fsdd\recordings\6_jackson_19.wav,6,jackson,19,5540,train
6_jackson_20,6_jackson_20.wav,C:\Users\ASUS\Downloads\DangQuocThanhTai_final\data\raw\fsdd\recordings\6_jackson_20.wav,6,jackson,20,5517,train
6_jackson_21,6_jackson_21.wav,C:\Users\ASUS\Downloads\DangQuocThanhTai_final\data\raw\fsdd\recordings\6_jackson_21.wav,6,jackson,21,6368,train
6_jackson_22,6_jackson_22.wav,C:\Users\ASUS\Downloads\DangQuocThanhTai_final\data\raw\fsdd\recordings\6_jackson_22.wav,6,jackson,22,5718,train
6_jackson_23,6_jackson_23.wav,C:\Users\ASUS\Downloads\DangQuocThanhTai_final\data\raw\fsdd\recordings\6_jackson_23.wav,6,jackson,23,6546,train
6_jackson_24,6_jackson_24.wav,C:\Users\ASUS\Downloads\DangQuocThanhTai_final\data\raw\fsdd\recordings\6_jackson_24.wav,6,jackson,24,5798,train
6_jackson_25,6_jackson_25.wav,C:\Users\ASUS\Downloads\DangQuocThanhTai_final\data\raw\fsdd\recordings\6_jackson_25.wav,6,jackson,25,6325,train
6_jackson_26,6_jackson_26.wav,C:\Users\ASUS\Downloads\DangQuocThanhTai_final\data\raw\fsdd\recordings\6_jackson_26.wav,6,jackson,26,5738,train
6_jackson_27,6_jackson_27.wav,C:\Users\ASUS\Downloads\DangQuocThanhTai_final\data\raw\fsdd\recordings\6_jackson_27.wav,6,jackson,27,6454,train
6_jackson_28,6_jackson_28.wav,C:\Users\ASUS\Downloads\DangQuocThanhTai_final\data\raw\fsdd\recordings\6_jackson_28.wav,6,jackson,28,5173,train
6_jackson_29,6_jackson_29.wav,C:\Users\ASUS\Downloads\DangQuocThanhTai_final\data\raw\fsdd\recordings\6_jackson_29.wav,6,jackson,29,4968,train
6_jackson_30,6_jackson_30.wav,C:\Users\ASUS\Downloads\DangQuocThanhTai_final\data\raw\fsdd\recordings\6_jackson_30.wav,6,jackson,30,6370,train
6_jackson_31,6_jackson_31.wav,C:\Users\ASUS\Downloads\DangQuocThanhTai_final\data\raw\fsdd\recordings\6_jackson_31.wav,6,jackson,31,5071,train
6_jackson_32,6_jackson_32.wav,C:\Users\ASUS\Downloads\DangQuocThanhTai_final\data\raw\fsdd\recordings\6_jackson_32.wav,6,jackson,32,6807,train
6_jackson_33,6_jackson_33.wav,C:\Users\ASUS\Downloads\DangQuocThanhTai_final\data\raw\fsdd\recordings\6_jackson_33.wav,6,jackson,33,5092,train
6_jackson_34,6_jackson_34.wav,C:\Users\ASUS\Downloads\DangQuocThanhTai_final\data\raw\fsdd\recordings\6_jackson_34.wav,6,jackson,34,4607,train
6_jackson_35,6_jackson_35.wav,C:\Users\ASUS\Downloads\DangQuocThanhTai_final\data\raw\fsdd\recordings\6_jackson_35.wav,6,jackson,35,5108,train
6_jackson_36,6_jackson_36.wav,C:\Users\ASUS\Downloads\DangQuocThanhTai_final\data\raw\fsdd\recordings\6_jackson_36.wav,6,jackson,36,4650,train
6_jackson_37,6_jackson_37.wav,C:\Users\ASUS\Downloads\DangQuocThanhTai_final\data\raw\fsdd\recordings\6_jackson_37.wav,6,jackson,37,5639,train
6_jackson_38,6_jackson_38.wav,C:\Users\ASUS\Downloads\DangQuocThanhTai_final\data\raw\fsdd\recordings\6_jackson_38.wav,6,jackson,38,6039,train
6_jackson_39,6_jackson_39.wav,C:\Users\ASUS\Downloads\DangQuocThanhTai_final\data\raw\fsdd\recordings\6_jackson_39.wav,6,jackson,39,5308,train
6_jackson_40,6_jackson_40.wav,C:\Users\ASUS\Downloads\DangQuocThanhTai_final\data\raw\fsdd\recordings\6_jackson_40.wav,6,jackson,40,4687,train
6_jackson_41,6_jackson_41.wav,C:\Users\ASUS\Downloads\DangQuocThanhTai_final\data\raw\fsdd\recordings\6_jackson_41.wav,6,jackson,41,4503,train
6_jackson_42,6_jackson_42.wav,C:\Users\ASUS\Downloads\DangQuocThanhTai_final\data\raw\fsdd\recordings\6_jackson_42.wav,6,jackson,42,4054,train
6_jackson_43,6_jackson_43.wav,C:\Users\ASUS\Downloads\DangQuocThanhTai_final\data\raw\fsdd\recordings\6_jackson_43.wav,6,jackson,43,5383,train
6_jackson_44,6_jackson_44.wav,C:\Users\ASUS\Downloads\DangQuocThanhTai_final\data\raw\fsdd\recordings\6_jackson_44.wav,6,jackson,44,3936,train
6_jackson_45,6_jackson_45.wav,C:\Users\ASUS\Downloads\DangQuocThanhTai_final\data\raw\fsdd\recordings\6_jackson_45.wav,6,jackson,45,4751,train
6_jackson_46,6_jackson_46.wav,C:\Users\ASUS\Downloads\DangQuocThanhTai_final\data\raw\fsdd\recordings\6_jackson_46.wav,6,jackson,46,6344,train
6_jackson_47,6_jackson_47.wav,C:\Users\ASUS\Downloads\DangQuocThanhTai_final\data\raw\fsdd\recordings\6_jackson_47.wav,6,jackson,47,5563,train
6_jackson_48,6_jackson_48.wav,C:\Users\ASUS\Downloads\DangQuocThanhTai_final\data\raw\fsdd\recordings\6_jackson_48.wav,6,jackson,48,4330,train
6_jackson_49,6_jackson_49.wav,C:\Users\ASUS\Downloads\DangQuocThanhTai_final\data\raw\fsdd\recordings\6_jackson_49.wav,6,jackson,49,5507,train
6_lucas_0,6_lucas_0.wav,C:\Users\ASUS\Downloads\DangQuocThanhTai_final\data\raw\fsdd\recordings\6_lucas_0.wav,6,lucas,0,3876,test
6_lucas_1,6_lucas_1.wav,C:\Users\ASUS\Downloads\DangQuocThanhTai_final\data\raw\fsdd\recordings\6_lucas_1.wav,6,lucas,1,4978,test
6_lucas_2,6_lucas_2.wav,C:\Users\ASUS\Downloads\DangQuocThanhTai_final\data\raw\fsdd\recordings\6_lucas_2.wav,6,lucas,2,3848,test
6_lucas_3,6_lucas_3.wav,C:\Users\ASUS\Downloads\DangQuocThanhTai_final\data\raw\fsdd\recordings\6_lucas_3.wav,6,lucas,3,6981,test
6_lucas_4,6_lucas_4.wav,C:\Users\ASUS\Downloads\DangQuocThanhTai_final\data\raw\fsdd\recordings\6_lucas_4.wav,6,lucas,4,3897,test
6_lucas_5,6_lucas_5.wav,C:\Users\ASUS\Downloads\DangQuocThanhTai_final\data\raw\fsdd\recordings\6_lucas_5.wav,6,lucas,5,4761,val
6_lucas_6,6_lucas_6.wav,C:\Users\ASUS\Downloads\DangQuocThanhTai_final\data\raw\fsdd\recordings\6_lucas_6.wav,6,lucas,6,4188,val
6_lucas_7,6_lucas_7.wav,C:\Users\ASUS\Downloads\DangQuocThanhTai_final\data\raw\fsdd\recordings\6_lucas_7.wav,6,lucas,7,4182,val
6_lucas_8,6_lucas_8.wav,C:\Users\ASUS\Downloads\DangQuocThanhTai_final\data\raw\fsdd\recordings\6_lucas_8.wav,6,lucas,8,4513,val
6_lucas_9,6_lucas_9.wav,C:\Users\ASUS\Downloads\DangQuocThanhTai_final\data\raw\fsdd\recordings\6_lucas_9.wav,6,lucas,9,3867,val
6_lucas_10,6_lucas_10.wav,C:\Users\ASUS\Downloads\DangQuocThanhTai_final\data\raw\fsdd\recordings\6_lucas_10.wav,6,lucas,10,4848,train
6_lucas_11,6_lucas_11.wav,C:\Users\ASUS\Downloads\DangQuocThanhTai_final\data\raw\fsdd\recordings\6_lucas_11.wav,6,lucas,11,4476,train
6_lucas_12,6_lucas_12.wav,C:\Users\ASUS\Downloads\DangQuocThanhTai_final\data\raw\fsdd\recordings\6_lucas_12.wav,6,lucas,12,3513,train
6_lucas_13,6_lucas_13.wav,C:\Users\ASUS\Downloads\DangQuocThanhTai_final\data\raw\fsdd\recordings\6_lucas_13.wav,6,lucas,13,4139,train
6_lucas_14,6_lucas_14.wav,C:\Users\ASUS\Downloads\DangQuocThanhTai_final\data\raw\fsdd\recordings\6_lucas_14.wav,6,lucas,14,4161,train
6_lucas_15,6_lucas_15.wav,C:\Users\ASUS\Downloads\DangQuocThanhTai_final\data\raw\fsdd\recordings\6_lucas_15.wav,6,lucas,15,4574,train
6_lucas_16,6_lucas_16.wav,C:\Users\ASUS\Downloads\DangQuocThanhTai_final\data\raw\fsdd\recordings\6_lucas_16.wav,6,lucas,16,4935,train
6_lucas_17,6_lucas_17.wav,C:\Users\ASUS\Downloads\DangQuocThanhTai_final\data\raw\fsdd\recordings\6_lucas_17.wav,6,lucas,17,4646,train
6_lucas_18,6_lucas_18.wav,C:\Users\ASUS\Downloads\DangQuocThanhTai_final\data\raw\fsdd\recordings\6_lucas_18.wav,6,lucas,18,4812,train
6_lucas_19,6_lucas_19.wav,C:\Users\ASUS\Downloads\DangQuocThanhTai_final\data\raw\fsdd\recordings\6_lucas_19.wav,6,lucas,19,4696,train
6_lucas_20,6_lucas_20.wav,C:\Users\ASUS\Downloads\DangQuocThanhTai_final\data\raw\fsdd\recordings\6_lucas_20.wav,6,lucas,20,3764,train
6_lucas_21,6_lucas_21.wav,C:\Users\ASUS\Downloads\DangQuocThanhTai_final\data\raw\fsdd\recordings\6_lucas_21.wav,6,lucas,21,5050,train
6_lucas_22,6_lucas_22.wav,C:\Users\ASUS\Downloads\DangQuocThanhTai_final\data\raw\fsdd\recordings\6_lucas_22.wav,6,lucas,22,7794,train
6_lucas_23,6_lucas_23.wav,C:\Users\ASUS\Downloads\DangQuocThanhTai_final\data\raw\fsdd\recordings\6_lucas_23.wav,6,lucas,23,4370,train
6_lucas_24,6_lucas_24.wav,C:\Users\ASUS\Downloads\DangQuocThanhTai_final\data\raw\fsdd\recordings\6_lucas_24.wav,6,lucas,24,4722,train
6_lucas_25,6_lucas_25.wav,C:\Users\ASUS\Downloads\DangQuocThanhTai_final\data\raw\fsdd\recordings\6_lucas_25.wav,6,lucas,25,4103,train
6_lucas_26,6_lucas_26.wav,C:\Users\ASUS\Downloads\DangQuocThanhTai_final\data\raw\fsdd\recordings\6_lucas_26.wav,6,lucas,26,4838,train
6_lucas_27,6_lucas_27.wav,C:\Users\ASUS\Downloads\DangQuocThanhTai_final\data\raw\fsdd\recordings\6_lucas_27.wav,6,lucas,27,3742,train
6_lucas_28,6_lucas_28.wav,C:\Users\ASUS\Downloads\DangQuocThanhTai_final\data\raw\fsdd\recordings\6_lucas_28.wav,6,lucas,28,4070,train
6_lucas_29,6_lucas_29.wav,C:\Users\ASUS\Downloads\DangQuocThanhTai_final\data\raw\fsdd\recordings\6_lucas_29.wav,6,lucas,29,4596,train
6_lucas_30,6_lucas_30.wav,C:\Users\ASUS\Downloads\DangQuocThanhTai_final\data\raw\fsdd\recordings\6_lucas_30.wav,6,lucas,30,4306,train
6_lucas_31,6_lucas_31.wav,C:\Users\ASUS\Downloads\DangQuocThanhTai_final\data\raw\fsdd\recordings\6_lucas_31.wav,6,lucas,31,5201,train
6_lucas_32,6_lucas_32.wav,C:\Users\ASUS\Downloads\DangQuocThanhTai_final\data\raw\fsdd\recordings\6_lucas_32.wav,6,lucas,32,4166,train
6_lucas_33,6_lucas_33.wav,C:\Users\ASUS\Downloads\DangQuocThanhTai_final\data\raw\fsdd\recordings\6_lucas_33.wav,6,lucas,33,7820,train
6_lucas_34,6_lucas_34.wav,C:\Users\ASUS\Downloads\DangQuocThanhTai_final\data\raw\fsdd\recordings\6_lucas_34.wav,6,lucas,34,3986,train
6_lucas_35,6_lucas_35.wav,C:\Users\ASUS\Downloads\DangQuocThanhTai_final\data\raw\fsdd\recordings\6_lucas_35.wav,6,lucas,35,4074,train
6_lucas_36,6_lucas_36.wav,C:\Users\ASUS\Downloads\DangQuocThanhTai_final\data\raw\fsdd\recordings\6_lucas_36.wav,6,lucas,36,4271,train
6_lucas_37,6_lucas_37.wav,C:\Users\ASUS\Downloads\DangQuocThanhTai_final\data\raw\fsdd\recordings\6_lucas_37.wav,6,lucas,37,3783,train
6_lucas_38,6_lucas_38.wav,C:\Users\ASUS\Downloads\DangQuocThanhTai_final\data\raw\fsdd\recordings\6_lucas_38.wav,6,lucas,38,3950,train
6_lucas_39,6_lucas_39.wav,C:\Users\ASUS\Downloads\DangQuocThanhTai_final\data\raw\fsdd\recordings\6_lucas_39.wav,6,lucas,39,4628,train
6_lucas_40,6_lucas_40.wav,C:\Users\ASUS\Downloads\DangQuocThanhTai_final\data\raw\fsdd\recordings\6_lucas_40.wav,6,lucas,40,5094,train
6_lucas_41,6_lucas_41.wav,C:\Users\ASUS\Downloads\DangQuocThanhTai_final\data\raw\fsdd\recordings\6_lucas_41.wav,6,lucas,41,4002,train
6_lucas_42,6_lucas_42.wav,C:\Users\ASUS\Downloads\DangQuocThanhTai_final\data\raw\fsdd\recordings\6_lucas_42.wav,6,lucas,42,3939,train
6_lucas_43,6_lucas_43.wav,C:\Users\ASUS\Downloads\DangQuocThanhTai_final\data\raw\fsdd\recordings\6_lucas_43.wav,6,lucas,43,3948,train
6_lucas_44,6_lucas_44.wav,C:\Users\ASUS\Downloads\DangQuocThanhTai_final\data\raw\fsdd\recordings\6_lucas_44.wav,6,lucas,44,4109,train
6_lucas_45,6_lucas_45.wav,C:\Users\ASUS\Downloads\DangQuocThanhTai_final\data\raw\fsdd\recordings\6_lucas_45.wav,6,lucas,45,4926,train
6_lucas_46,6_lucas_46.wav,C:\Users\ASUS\Downloads\DangQuocThanhTai_final\data\raw\fsdd\recordings\6_lucas_46.wav,6,lucas,46,4300,train
6_lucas_47,6_lucas_47.wav,C:\Users\ASUS\Downloads\DangQuocThanhTai_final\data\raw\fsdd\recordings\6_lucas_47.wav,6,lucas,47,4648,train
6_lucas_48,6_lucas_48.wav,C:\Users\ASUS\Downloads\DangQuocThanhTai_final\data\raw\fsdd\recordings\6_lucas_48.wav,6,lucas,48,3528,train
6_lucas_49,6_lucas_49.wav,C:\Users\ASUS\Downloads\DangQuocThanhTai_final\data\raw\fsdd\recordings\6_lucas_49.wav,6,lucas,49,4194,train
6_nicolas_0,6_nicolas_0.wav,C:\Users\ASUS\Downloads\DangQuocThanhTai_final\data\raw\fsdd\recordings\6_nicolas_0.wav,6,nicolas,0,1722,test
6_nicolas_1,6_nicolas_1.wav,C:\Users\ASUS\Downloads\DangQuocThanhTai_final\data\raw\fsdd\recordings\6_nicolas_1.wav,6,nicolas,1,1850,test
6_nicolas_2,6_nicolas_2.wav,C:\Users\ASUS\Downloads\DangQuocThanhTai_final\data\raw\fsdd\recordings\6_nicolas_2.wav,6,nicolas,2,2105,test
6_nicolas_3,6_nicolas_3.wav,C:\Users\ASUS\Downloads\DangQuocThanhTai_final\data\raw\fsdd\recordings\6_nicolas_3.wav,6,nicolas,3,3125,test
6_nicolas_4,6_nicolas_4.wav,C:\Users\ASUS\Downloads\DangQuocThanhTai_final\data\raw\fsdd\recordings\6_nicolas_4.wav,6,nicolas,4,3763,test
6_nicolas_5,6_nicolas_5.wav,C:\Users\ASUS\Downloads\DangQuocThanhTai_final\data\raw\fsdd\recordings\6_nicolas_5.wav,6,nicolas,5,3763,val
6_nicolas_6,6_nicolas_6.wav,C:\Users\ASUS\Downloads\DangQuocThanhTai_final\data\raw\fsdd\recordings\6_nicolas_6.wav,6,nicolas,6,1913,val
6_nicolas_7,6_nicolas_7.wav,C:\Users\ASUS\Downloads\DangQuocThanhTai_final\data\raw\fsdd\recordings\6_nicolas_7.wav,6,nicolas,7,1149,val
6_nicolas_8,6_nicolas_8.wav,C:\Users\ASUS\Downloads\DangQuocThanhTai_final\data\raw\fsdd\recordings\6_nicolas_8.wav,6,nicolas,8,1610,val
6_nicolas_9,6_nicolas_9.wav,C:\Users\ASUS\Downloads\DangQuocThanhTai_final\data\raw\fsdd\recordings\6_nicolas_9.wav,6,nicolas,9,1259,val
6_nicolas_10,6_nicolas_10.wav,C:\Users\ASUS\Downloads\DangQuocThanhTai_final\data\raw\fsdd\recordings\6_nicolas_10.wav,6,nicolas,10,2716,train
6_nicolas_11,6_nicolas_11.wav,C:\Users\ASUS\Downloads\DangQuocThanhTai_final\data\raw\fsdd\recordings\6_nicolas_11.wav,6,nicolas,11,2683,train
6_nicolas_12,6_nicolas_12.wav,C:\Users\ASUS\Downloads\DangQuocThanhTai_final\data\raw\fsdd\recordings\6_nicolas_12.wav,6,nicolas,12,2424,train
6_nicolas_13,6_nicolas_13.wav,C:\Users\ASUS\Downloads\DangQuocThanhTai_final\data\raw\fsdd\recordings\6_nicolas_13.wav,6,nicolas,13,2619,train
6_nicolas_14,6_nicolas_14.wav,C:\Users\ASUS\Downloads\DangQuocThanhTai_final\data\raw\fsdd\recordings\6_nicolas_14.wav,6,nicolas,14,2554,train
6_nicolas_15,6_nicolas_15.wav,C:\Users\ASUS\Downloads\DangQuocThanhTai_final\data\raw\fsdd\recordings\6_nicolas_15.wav,6,nicolas,15,2618,train
6_nicolas_16,6_nicolas_16.wav,C:\Users\ASUS\Downloads\DangQuocThanhTai_final\data\raw\fsdd\recordings\6_nicolas_16.wav,6,nicolas,16,1843,train
6_nicolas_17,6_nicolas_17.wav,C:\Users\ASUS\Downloads\DangQuocThanhTai_final\data\raw\fsdd\recordings\6_nicolas_17.wav,6,nicolas,17,1843,train
6_nicolas_18,6_nicolas_18.wav,C:\Users\ASUS\Downloads\DangQuocThanhTai_final\data\raw\fsdd\recordings\6_nicolas_18.wav,6,nicolas,18,1778,train
6_nicolas_19,6_nicolas_19.wav,C:\Users\ASUS\Downloads\DangQuocThanhTai_final\data\raw\fsdd\recordings\6_nicolas_19.wav,6,nicolas,19,2134,train
6_nicolas_20,6_nicolas_20.wav,C:\Users\ASUS\Downloads\DangQuocThanhTai_final\data\raw\fsdd\recordings\6_nicolas_20.wav,6,nicolas,20,2388,train
6_nicolas_21,6_nicolas_21.wav,C:\Users\ASUS\Downloads\DangQuocThanhTai_final\data\raw\fsdd\recordings\6_nicolas_21.wav,6,nicolas,21,1433,train
6_nicolas_22,6_nicolas_22.wav,C:\Users\ASUS\Downloads\DangQuocThanhTai_final\data\raw\fsdd\recordings\6_nicolas_22.wav,6,nicolas,22,2081,train
6_nicolas_23,6_nicolas_23.wav,C:\Users\ASUS\Downloads\DangQuocThanhTai_final\data\raw\fsdd\recordings\6_nicolas_23.wav,6,nicolas,23,1296,train
6_nicolas_24,6_nicolas_24.wav,C:\Users\ASUS\Downloads\DangQuocThanhTai_final\data\raw\fsdd\recordings\6_nicolas_24.wav,6,nicolas,24,2422,train
6_nicolas_25,6_nicolas_25.wav,C:\Users\ASUS\Downloads\DangQuocThanhTai_final\data\raw\fsdd\recordings\6_nicolas_25.wav,6,nicolas,25,2559,train
6_nicolas_26,6_nicolas_26.wav,C:\Users\ASUS\Downloads\DangQuocThanhTai_final\data\raw\fsdd\recordings\6_nicolas_26.wav,6,nicolas,26,2012,train
6_nicolas_27,6_nicolas_27.wav,C:\Users\ASUS\Downloads\DangQuocThanhTai_final\data\raw\fsdd\recordings\6_nicolas_27.wav,6,nicolas,27,1911,train
6_nicolas_28,6_nicolas_28.wav,C:\Users\ASUS\Downloads\DangQuocThanhTai_final\data\raw\fsdd\recordings\6_nicolas_28.wav,6,nicolas,28,2422,train
6_nicolas_29,6_nicolas_29.wav,C:\Users\ASUS\Downloads\DangQuocThanhTai_final\data\raw\fsdd\recordings\6_nicolas_29.wav,6,nicolas,29,1569,train
6_nicolas_30,6_nicolas_30.wav,C:\Users\ASUS\Downloads\DangQuocThanhTai_final\data\raw\fsdd\recordings\6_nicolas_30.wav,6,nicolas,30,2590,train
6_nicolas_31,6_nicolas_31.wav,C:\Users\ASUS\Downloads\DangQuocThanhTai_final\data\raw\fsdd\recordings\6_nicolas_31.wav,6,nicolas,31,1973,train
6_nicolas_32,6_nicolas_32.wav,C:\Users\ASUS\Downloads\DangQuocThanhTai_final\data\raw\fsdd\recordings\6_nicolas_32.wav,6,nicolas,32,2837,train
6_nicolas_33,6_nicolas_33.wav,C:\Users\ASUS\Downloads\DangQuocThanhTai_final\data\raw\fsdd\recordings\6_nicolas_33.wav,6,nicolas,33,2528,train
6_nicolas_34,6_nicolas_34.wav,C:\Users\ASUS\Downloads\DangQuocThanhTai_final\data\raw\fsdd\recordings\6_nicolas_34.wav,6,nicolas,34,1434,train
6_nicolas_35,6_nicolas_35.wav,C:\Users\ASUS\Downloads\DangQuocThanhTai_final\data\raw\fsdd\recordings\6_nicolas_35.wav,6,nicolas,35,1295,train
6_nicolas_36,6_nicolas_36.wav,C:\Users\ASUS\Downloads\DangQuocThanhTai_final\data\raw\fsdd\recordings\6_nicolas_36.wav,6,nicolas,36,1403,train
6_nicolas_37,6_nicolas_37.wav,C:\Users\ASUS\Downloads\DangQuocThanhTai_final\data\raw\fsdd\recordings\6_nicolas_37.wav,6,nicolas,37,1634,train
6_nicolas_38,6_nicolas_38.wav,C:\Users\ASUS\Downloads\DangQuocThanhTai_final\data\raw\fsdd\recordings\6_nicolas_38.wav,6,nicolas,38,1357,train
6_nicolas_39,6_nicolas_39.wav,C:\Users\ASUS\Downloads\DangQuocThanhTai_final\data\raw\fsdd\recordings\6_nicolas_39.wav,6,nicolas,39,1434,train
6_nicolas_40,6_nicolas_40.wav,C:\Users\ASUS\Downloads\DangQuocThanhTai_final\data\raw\fsdd\recordings\6_nicolas_40.wav,6,nicolas,40,1968,train
6_nicolas_41,6_nicolas_41.wav,C:\Users\ASUS\Downloads\DangQuocThanhTai_final\data\raw\fsdd\recordings\6_nicolas_41.wav,6,nicolas,41,2342,train
6_nicolas_42,6_nicolas_42.wav,C:\Users\ASUS\Downloads\DangQuocThanhTai_final\data\raw\fsdd\recordings\6_nicolas_42.wav,6,nicolas,42,1593,train
6_nicolas_43,6_nicolas_43.wav,C:\Users\ASUS\Downloads\DangQuocThanhTai_final\data\raw\fsdd\recordings\6_nicolas_43.wav,6,nicolas,43,2780,train
6_nicolas_44,6_nicolas_44.wav,C:\Users\ASUS\Downloads\DangQuocThanhTai_final\data\raw\fsdd\recordings\6_nicolas_44.wav,6,nicolas,44,2936,train
6_nicolas_45,6_nicolas_45.wav,C:\Users\ASUS\Downloads\DangQuocThanhTai_final\data\raw\fsdd\recordings\6_nicolas_45.wav,6,nicolas,45,2374,train
6_nicolas_46,6_nicolas_46.wav,C:\Users\ASUS\Downloads\DangQuocThanhTai_final\data\raw\fsdd\recordings\6_nicolas_46.wav,6,nicolas,46,2842,train
6_nicolas_47,6_nicolas_47.wav,C:\Users\ASUS\Downloads\DangQuocThanhTai_final\data\raw\fsdd\recordings\6_nicolas_47.wav,6,nicolas,47,2780,train
6_nicolas_48,6_nicolas_48.wav,C:\Users\ASUS\Downloads\DangQuocThanhTai_final\data\raw\fsdd\recordings\6_nicolas_48.wav,6,nicolas,48,2499,train
6_nicolas_49,6_nicolas_49.wav,C:\Users\ASUS\Downloads\DangQuocThanhTai_final\data\raw\fsdd\recordings\6_nicolas_49.wav,6,nicolas,49,2187,train
6_theo_0,6_theo_0.wav,C:\Users\ASUS\Downloads\DangQuocThanhTai_final\data\raw\fsdd\recordings\6_theo_0.wav,6,theo,0,3928,test
6_theo_1,6_theo_1.wav,C:\Users\ASUS\Downloads\DangQuocThanhTai_final\data\raw\fsdd\recordings\6_theo_1.wav,6,theo,1,3849,test
6_theo_2,6_theo_2.wav,C:\Users\ASUS\Downloads\DangQuocThanhTai_final\data\raw\fsdd\recordings\6_theo_2.wav,6,theo,2,3979,test
6_theo_3,6_theo_3.wav,C:\Users\ASUS\Downloads\DangQuocThanhTai_final\data\raw\fsdd\recordings\6_theo_3.wav,6,theo,3,3842,test
6_theo_4,6_theo_4.wav,C:\Users\ASUS\Downloads\DangQuocThanhTai_final\data\raw\fsdd\recordings\6_theo_4.wav,6,theo,4,3802,test
6_theo_5,6_theo_5.wav,C:\Users\ASUS\Downloads\DangQuocThanhTai_final\data\raw\fsdd\recordings\6_theo_5.wav,6,theo,5,3930,val
6_theo_6,6_theo_6.wav,C:\Users\ASUS\Downloads\DangQuocThanhTai_final\data\raw\fsdd\recordings\6_theo_6.wav,6,theo,6,3173,val
6_theo_7,6_theo_7.wav,C:\Users\ASUS\Downloads\DangQuocThanhTai_final\data\raw\fsdd\recordings\6_theo_7.wav,6,theo,7,3582,val
6_theo_8,6_theo_8.wav,C:\Users\ASUS\Downloads\DangQuocThanhTai_final\data\raw\fsdd\recordings\6_theo_8.wav,6,theo,8,3853,val
6_theo_9,6_theo_9.wav,C:\Users\ASUS\Downloads\DangQuocThanhTai_final\data\raw\fsdd\recordings\6_theo_9.wav,6,theo,9,4017,val
6_theo_10,6_theo_10.wav,C:\Users\ASUS\Downloads\DangQuocThanhTai_final\data\raw\fsdd\recordings\6_theo_10.wav,6,theo,10,3553,train
6_theo_11,6_theo_11.wav,C:\Users\ASUS\Downloads\DangQuocThanhTai_final\data\raw\fsdd\recordings\6_theo_11.wav,6,theo,11,3754,train
6_theo_12,6_theo_12.wav,C:\Users\ASUS\Downloads\DangQuocThanhTai_final\data\raw\fsdd\recordings\6_theo_12.wav,6,theo,12,3628,train
6_theo_13,6_theo_13.wav,C:\Users\ASUS\Downloads\DangQuocThanhTai_final\data\raw\fsdd\recordings\6_theo_13.wav,6,theo,13,2721,train
6_theo_14,6_theo_14.wav,C:\Users\ASUS\Downloads\DangQuocThanhTai_final\data\raw\fsdd\recordings\6_theo_14.wav,6,theo,14,3277,train
6_theo_15,6_theo_15.wav,C:\Users\ASUS\Downloads\DangQuocThanhTai_final\data\raw\fsdd\recordings\6_theo_15.wav,6,theo,15,3027,train
6_theo_16,6_theo_16.wav,C:\Users\ASUS\Downloads\DangQuocThanhTai_final\data\raw\fsdd\recordings\6_theo_16.wav,6,theo,16,2889,train
6_theo_17,6_theo_17.wav,C:\Users\ASUS\Downloads\DangQuocThanhTai_final\data\raw\fsdd\recordings\6_theo_17.wav,6,theo,17,4779,train
6_theo_18,6_theo_18.wav,C:\Users\ASUS\Downloads\DangQuocThanhTai_final\data\raw\fsdd\recordings\6_theo_18.wav,6,theo,18,4439,train
6_theo_19,6_theo_19.wav,C:\Users\ASUS\Downloads\DangQuocThanhTai_final\data\raw\fsdd\recordings\6_theo_19.wav,6,theo,19,3287,train
6_theo_20,6_theo_20.wav,C:\Users\ASUS\Downloads\DangQuocThanhTai_final\data\raw\fsdd\recordings\6_theo_20.wav,6,theo,20,3279,train
6_theo_21,6_theo_21.wav,C:\Users\ASUS\Downloads\DangQuocThanhTai_final\data\raw\fsdd\recordings\6_theo_21.wav,6,theo,21,3599,train
6_theo_22,6_theo_22.wav,C:\Users\ASUS\Downloads\DangQuocThanhTai_final\data\raw\fsdd\recordings\6_theo_22.wav,6,theo,22,3599,train
6_theo_23,6_theo_23.wav,C:\Users\ASUS\Downloads\DangQuocThanhTai_final\data\raw\fsdd\recordings\6_theo_23.wav,6,theo,23,3431,train
6_theo_24,6_theo_24.wav,C:\Users\ASUS\Downloads\DangQuocThanhTai_final\data\raw\fsdd\recordings\6_theo_24.wav,6,theo,24,3992,train
6_theo_25,6_theo_25.wav,C:\Users\ASUS\Downloads\DangQuocThanhTai_final\data\raw\fsdd\recordings\6_theo_25.wav,6,theo,25,4681,train
6_theo_26,6_theo_26.wav,C:\Users\ASUS\Downloads\DangQuocThanhTai_final\data\raw\fsdd\recordings\6_theo_26.wav,6,theo,26,3348,train
6_theo_27,6_theo_27.wav,C:\Users\ASUS\Downloads\DangQuocThanhTai_final\data\raw\fsdd\recordings\6_theo_27.wav,6,theo,27,4917,train
6_theo_28,6_theo_28.wav,C:\Users\ASUS\Downloads\DangQuocThanhTai_final\data\raw\fsdd\recordings\6_theo_28.wav,6,theo,28,4820,train
6_theo_29,6_theo_29.wav,C:\Users\ASUS\Downloads\DangQuocThanhTai_final\data\raw\fsdd\recordings\6_theo_29.wav,6,theo,29,3723,train
6_theo_30,6_theo_30.wav,C:\Users\ASUS\Downloads\DangQuocThanhTai_final\data\raw\fsdd\recordings\6_theo_30.wav,6,theo,30,2731,train
6_theo_31,6_theo_31.wav,C:\Users\ASUS\Downloads\DangQuocThanhTai_final\data\raw\fsdd\recordings\6_theo_31.wav,6,theo,31,4089,train
6_theo_32,6_theo_32.wav,C:\Users\ASUS\Downloads\DangQuocThanhTai_final\data\raw\fsdd\recordings\6_theo_32.wav,6,theo,32,3410,train
6_theo_33,6_theo_33.wav,C:\Users\ASUS\Downloads\DangQuocThanhTai_final\data\raw\fsdd\recordings\6_theo_33.wav,6,theo,33,2922,train
6_theo_34,6_theo_34.wav,C:\Users\ASUS\Downloads\DangQuocThanhTai_final\data\raw\fsdd\recordings\6_theo_34.wav,6,theo,34,3383,train
6_theo_35,6_theo_35.wav,C:\Users\ASUS\Downloads\DangQuocThanhTai_final\data\raw\fsdd\recordings\6_theo_35.wav,6,theo,35,3591,train
6_theo_36,6_theo_36.wav,C:\Users\ASUS\Downloads\DangQuocThanhTai_final\data\raw\fsdd\recordings\6_theo_36.wav,6,theo,36,4347,train
6_theo_37,6_theo_37.wav,C:\Users\ASUS\Downloads\DangQuocThanhTai_final\data\raw\fsdd\recordings\6_theo_37.wav,6,theo,37,2622,train
6_theo_38,6_theo_38.wav,C:\Users\ASUS\Downloads\DangQuocThanhTai_final\data\raw\fsdd\recordings\6_theo_38.wav,6,theo,38,3673,train
6_theo_39,6_theo_39.wav,C:\Users\ASUS\Downloads\DangQuocThanhTai_final\data\raw\fsdd\recordings\6_theo_39.wav,6,theo,39,3421,train
6_theo_40,6_theo_40.wav,C:\Users\ASUS\Downloads\DangQuocThanhTai_final\data\raw\fsdd\recordings\6_theo_40.wav,6,theo,40,3326,train
6_theo_41,6_theo_41.wav,C:\Users\ASUS\Downloads\DangQuocThanhTai_final\data\raw\fsdd\recordings\6_theo_41.wav,6,theo,41,3866,train
6_theo_42,6_theo_42.wav,C:\Users\ASUS\Downloads\DangQuocThanhTai_final\data\raw\fsdd\recordings\6_theo_42.wav,6,theo,42,3668,train
6_theo_43,6_theo_43.wav,C:\Users\ASUS\Downloads\DangQuocThanhTai_final\data\raw\fsdd\recordings\6_theo_43.wav,6,theo,43,3029,train
6_theo_44,6_theo_44.wav,C:\Users\ASUS\Downloads\DangQuocThanhTai_final\data\raw\fsdd\recordings\6_theo_44.wav,6,theo,44,3680,train
6_theo_45,6_theo_45.wav,C:\Users\ASUS\Downloads\DangQuocThanhTai_final\data\raw\fsdd\recordings\6_theo_45.wav,6,theo,45,3474,train
6_theo_46,6_theo_46.wav,C:\Users\ASUS\Downloads\DangQuocThanhTai_final\data\raw\fsdd\recordings\6_theo_46.wav,6,theo,46,3554,train
6_theo_47,6_theo_47.wav,C:\Users\ASUS\Downloads\DangQuocThanhTai_final\data\raw\fsdd\recordings\6_theo_47.wav,6,theo,47,3787,train
6_theo_48,6_theo_48.wav,C:\Users\ASUS\Downloads\DangQuocThanhTai_final\data\raw\fsdd\recordings\6_theo_48.wav,6,theo,48,2342,train
6_theo_49,6_theo_49.wav,C:\Users\ASUS\Downloads\DangQuocThanhTai_final\data\raw\fsdd\recordings\6_theo_49.wav,6,theo,49,2782,train
6_yweweler_0,6_yweweler_0.wav,C:\Users\ASUS\Downloads\DangQuocThanhTai_final\data\raw\fsdd\recordings\6_yweweler_0.wav,6,yweweler,0,2653,test
6_yweweler_1,6_yweweler_1.wav,C:\Users\ASUS\Downloads\DangQuocThanhTai_final\data\raw\fsdd\recordings\6_yweweler_1.wav,6,yweweler,1,1251,test
6_yweweler_2,6_yweweler_2.wav,C:\Users\ASUS\Downloads\DangQuocThanhTai_final\data\raw\fsdd\recordings\6_yweweler_2.wav,6,yweweler,2,1830,test
6_yweweler_3,6_yweweler_3.wav,C:\Users\ASUS\Downloads\DangQuocThanhTai_final\data\raw\fsdd\recordings\6_yweweler_3.wav,6,yweweler,3,1148,test
6_yweweler_4,6_yweweler_4.wav,C:\Users\ASUS\Downloads\DangQuocThanhTai_final\data\raw\fsdd\recordings\6_yweweler_4.wav,6,yweweler,4,1450,test
6_yweweler_5,6_yweweler_5.wav,C:\Users\ASUS\Downloads\DangQuocThanhTai_final\data\raw\fsdd\recordings\6_yweweler_5.wav,6,yweweler,5,1932,val
6_yweweler_6,6_yweweler_6.wav,C:\Users\ASUS\Downloads\DangQuocThanhTai_final\data\raw\fsdd\recordings\6_yweweler_6.wav,6,yweweler,6,2172,val
6_yweweler_7,6_yweweler_7.wav,C:\Users\ASUS\Downloads\DangQuocThanhTai_final\data\raw\fsdd\recordings\6_yweweler_7.wav,6,yweweler,7,2165,val
6_yweweler_8,6_yweweler_8.wav,C:\Users\ASUS\Downloads\DangQuocThanhTai_final\data\raw\fsdd\recordings\6_yweweler_8.wav,6,yweweler,8,2294,val
6_yweweler_9,6_yweweler_9.wav,C:\Users\ASUS\Downloads\DangQuocThanhTai_final\data\raw\fsdd\recordings\6_yweweler_9.wav,6,yweweler,9,3224,val
6_yweweler_10,6_yweweler_10.wav,C:\Users\ASUS\Downloads\DangQuocThanhTai_final\data\raw\fsdd\recordings\6_yweweler_10.wav,6,yweweler,10,1302,train
6_yweweler_11,6_yweweler_11.wav,C:\Users\ASUS\Downloads\DangQuocThanhTai_final\data\raw\fsdd\recordings\6_yweweler_11.wav,6,yweweler,11,2368,train
6_yweweler_12,6_yweweler_12.wav,C:\Users\ASUS\Downloads\DangQuocThanhTai_final\data\raw\fsdd\recordings\6_yweweler_12.wav,6,yweweler,12,3637,train
6_yweweler_13,6_yweweler_13.wav,C:\Users\ASUS\Downloads\DangQuocThanhTai_final\data\raw\fsdd\recordings\6_yweweler_13.wav,6,yweweler,13,3022,train
6_yweweler_14,6_yweweler_14.wav,C:\Users\ASUS\Downloads\DangQuocThanhTai_final\data\raw\fsdd\recordings\6_yweweler_14.wav,6,yweweler,14,2175,train
6_yweweler_15,6_yweweler_15.wav,C:\Users\ASUS\Downloads\DangQuocThanhTai_final\data\raw\fsdd\recordings\6_yweweler_15.wav,6,yweweler,15,1988,train
6_yweweler_16,6_yweweler_16.wav,C:\Users\ASUS\Downloads\DangQuocThanhTai_final\data\raw\fsdd\recordings\6_yweweler_16.wav,6,yweweler,16,3416,train
6_yweweler_17,6_yweweler_17.wav,C:\Users\ASUS\Downloads\DangQuocThanhTai_final\data\raw\fsdd\recordings\6_yweweler_17.wav,6,yweweler,17,1294,train
6_yweweler_18,6_yweweler_18.wav,C:\Users\ASUS\Downloads\DangQuocThanhTai_final\data\raw\fsdd\recordings\6_yweweler_18.wav,6,yweweler,18,2237,train
6_yweweler_19,6_yweweler_19.wav,C:\Users\ASUS\Downloads\DangQuocThanhTai_final\data\raw\fsdd\recordings\6_yweweler_19.wav,6,yweweler,19,1446,train
6_yweweler_20,6_yweweler_20.wav,C:\Users\ASUS\Downloads\DangQuocThanhTai_final\data\raw\fsdd\recordings\6_yweweler_20.wav,6,yweweler,20,1440,train
6_yweweler_21,6_yweweler_21.wav,C:\Users\ASUS\Downloads\DangQuocThanhTai_final\data\raw\fsdd\recordings\6_yweweler_21.wav,6,yweweler,21,1710,train
6_yweweler_22,6_yweweler_22.wav,C:\Users\ASUS\Downloads\DangQuocThanhTai_final\data\raw\fsdd\recordings\6_yweweler_22.wav,6,yweweler,22,1714,train
6_yweweler_23,6_yweweler_23.wav,C:\Users\ASUS\Downloads\DangQuocThanhTai_final\data\raw\fsdd\recordings\6_yweweler_23.wav,6,yweweler,23,1381,train
6_yweweler_24,6_yweweler_24.wav,C:\Users\ASUS\Downloads\DangQuocThanhTai_final\data\raw\fsdd\recordings\6_yweweler_24.wav,6,yweweler,24,1868,train
6_yweweler_25,6_yweweler_25.wav,C:\Users\ASUS\Downloads\DangQuocThanhTai_final\data\raw\fsdd\recordings\6_yweweler_25.wav,6,yweweler,25,1410,train
6_yweweler_26,6_yweweler_26.wav,C:\Users\ASUS\Downloads\DangQuocThanhTai_final\data\raw\fsdd\recordings\6_yweweler_26.wav,6,yweweler,26,1542,train
6_yweweler_27,6_yweweler_27.wav,C:\Users\ASUS\Downloads\DangQuocThanhTai_final\data\raw\fsdd\recordings\6_yweweler_27.wav,6,yweweler,27,1682,train
6_yweweler_28,6_yweweler_28.wav,C:\Users\ASUS\Downloads\DangQuocThanhTai_final\data\raw\fsdd\recordings\6_yweweler_28.wav,6,yweweler,28,1873,train
6_yweweler_29,6_yweweler_29.wav,C:\Users\ASUS\Downloads\DangQuocThanhTai_final\data\raw\fsdd\recordings\6_yweweler_29.wav,6,yweweler,29,2736,train
6_yweweler_30,6_yweweler_30.wav,C:\Users\ASUS\Downloads\DangQuocThanhTai_final\data\raw\fsdd\recordings\6_yweweler_30.wav,6,yweweler,30,2453,train
6_yweweler_31,6_yweweler_31.wav,C:\Users\ASUS\Downloads\DangQuocThanhTai_final\data\raw\fsdd\recordings\6_yweweler_31.wav,6,yweweler,31,1838,train
6_yweweler_32,6_yweweler_32.wav,C:\Users\ASUS\Downloads\DangQuocThanhTai_final\data\raw\fsdd\recordings\6_yweweler_32.wav,6,yweweler,32,1502,train
6_yweweler_33,6_yweweler_33.wav,C:\Users\ASUS\Downloads\DangQuocThanhTai_final\data\raw\fsdd\recordings\6_yweweler_33.wav,6,yweweler,33,1763,train
6_yweweler_34,6_yweweler_34.wav,C:\Users\ASUS\Downloads\DangQuocThanhTai_final\data\raw\fsdd\recordings\6_yweweler_34.wav,6,yweweler,34,3462,train
6_yweweler_35,6_yweweler_35.wav,C:\Users\ASUS\Downloads\DangQuocThanhTai_final\data\raw\fsdd\recordings\6_yweweler_35.wav,6,yweweler,35,2016,train
6_yweweler_36,6_yweweler_36.wav,C:\Users\ASUS\Downloads\DangQuocThanhTai_final\data\raw\fsdd\recordings\6_yweweler_36.wav,6,yweweler,36,2244,train
6_yweweler_37,6_yweweler_37.wav,C:\Users\ASUS\Downloads\DangQuocThanhTai_final\data\raw\fsdd\recordings\6_yweweler_37.wav,6,yweweler,37,3256,train
6_yweweler_38,6_yweweler_38.wav,C:\Users\ASUS\Downloads\DangQuocThanhTai_final\data\raw\fsdd\recordings\6_yweweler_38.wav,6,yweweler,38,3484,train
6_yweweler_39,6_yweweler_39.wav,C:\Users\ASUS\Downloads\DangQuocThanhTai_final\data\raw\fsdd\recordings\6_yweweler_39.wav,6,yweweler,39,2726,train
6_yweweler_40,6_yweweler_40.wav,C:\Users\ASUS\Downloads\DangQuocThanhTai_final\data\raw\fsdd\recordings\6_yweweler_40.wav,6,yweweler,40,3163,train
6_yweweler_41,6_yweweler_41.wav,C:\Users\ASUS\Downloads\DangQuocThanhTai_final\data\raw\fsdd\recordings\6_yweweler_41.wav,6,yweweler,41,2825,train
6_yweweler_42,6_yweweler_42.wav,C:\Users\ASUS\Downloads\DangQuocThanhTai_final\data\raw\fsdd\recordings\6_yweweler_42.wav,6,yweweler,42,1538,train
6_yweweler_43,6_yweweler_43.wav,C:\Users\ASUS\Downloads\DangQuocThanhTai_final\data\raw\fsdd\recordings\6_yweweler_43.wav,6,yweweler,43,1833,train
6_yweweler_44,6_yweweler_44.wav,C:\Users\ASUS\Downloads\DangQuocThanhTai_final\data\raw\fsdd\recordings\6_yweweler_44.wav,6,yweweler,44,1443,train
6_yweweler_45,6_yweweler_45.wav,C:\Users\ASUS\Downloads\DangQuocThanhTai_final\data\raw\fsdd\recordings\6_yweweler_45.wav,6,yweweler,45,2043,train
6_yweweler_46,6_yweweler_46.wav,C:\Users\ASUS\Downloads\DangQuocThanhTai_final\data\raw\fsdd\recordings\6_yweweler_46.wav,6,yweweler,46,1567,train
6_yweweler_47,6_yweweler_47.wav,C:\Users\ASUS\Downloads\DangQuocThanhTai_final\data\raw\fsdd\recordings\6_yweweler_47.wav,6,yweweler,47,1781,train
6_yweweler_48,6_yweweler_48.wav,C:\Users\ASUS\Downloads\DangQuocThanhTai_final\data\raw\fsdd\recordings\6_yweweler_48.wav,6,yweweler,48,2701,train
6_yweweler_49,6_yweweler_49.wav,C:\Users\ASUS\Downloads\DangQuocThanhTai_final\data\raw\fsdd\recordings\6_yweweler_49.wav,6,yweweler,49,2214,train
7_george_0,7_george_0.wav,C:\Users\ASUS\Downloads\DangQuocThanhTai_final\data\raw\fsdd\recordings\7_george_0.wav,7,george,0,5131,test
7_george_1,7_george_1.wav,C:\Users\ASUS\Downloads\DangQuocThanhTai_final\data\raw\fsdd\recordings\7_george_1.wav,7,george,1,4719,test
7_george_2,7_george_2.wav,C:\Users\ASUS\Downloads\DangQuocThanhTai_final\data\raw\fsdd\recordings\7_george_2.wav,7,george,2,5278,test
7_george_3,7_george_3.wav,C:\Users\ASUS\Downloads\DangQuocThanhTai_final\data\raw\fsdd\recordings\7_george_3.wav,7,george,3,4577,test
7_george_4,7_george_4.wav,C:\Users\ASUS\Downloads\DangQuocThanhTai_final\data\raw\fsdd\recordings\7_george_4.wav,7,george,4,4931,test
7_george_5,7_george_5.wav,C:\Users\ASUS\Downloads\DangQuocThanhTai_final\data\raw\fsdd\recordings\7_george_5.wav,7,george,5,4960,val
7_george_6,7_george_6.wav,C:\Users\ASUS\Downloads\DangQuocThanhTai_final\data\raw\fsdd\recordings\7_george_6.wav,7,george,6,4737,val
7_george_7,7_george_7.wav,C:\Users\ASUS\Downloads\DangQuocThanhTai_final\data\raw\fsdd\recordings\7_george_7.wav,7,george,7,4323,val
7_george_8,7_george_8.wav,C:\Users\ASUS\Downloads\DangQuocThanhTai_final\data\raw\fsdd\recordings\7_george_8.wav,7,george,8,5159,val
7_george_9,7_george_9.wav,C:\Users\ASUS\Downloads\DangQuocThanhTai_final\data\raw\fsdd\recordings\7_george_9.wav,7,george,9,4547,val
7_george_10,7_george_10.wav,C:\Users\ASUS\Downloads\DangQuocThanhTai_final\data\raw\fsdd\recordings\7_george_10.wav,7,george,10,4301,train
7_george_11,7_george_11.wav,C:\Users\ASUS\Downloads\DangQuocThanhTai_final\data\raw\fsdd\recordings\7_george_11.wav,7,george,11,4244,train
7_george_12,7_george_12.wav,C:\Users\ASUS\Downloads\DangQuocThanhTai_final\data\raw\fsdd\recordings\7_george_12.wav,7,george,12,4008,train
7_george_13,7_george_13.wav,C:\Users\ASUS\Downloads\DangQuocThanhTai_final\data\raw\fsdd\recordings\7_george_13.wav,7,george,13,3784,train
7_george_14,7_george_14.wav,C:\Users\ASUS\Downloads\DangQuocThanhTai_final\data\raw\fsdd\recordings\7_george_14.wav,7,george,14,4381,train
7_george_15,7_george_15.wav,C:\Users\ASUS\Downloads\DangQuocThanhTai_final\data\raw\fsdd\recordings\7_george_15.wav,7,george,15,4002,train
7_george_16,7_george_16.wav,C:\Users\ASUS\Downloads\DangQuocThanhTai_final\data\raw\fsdd\recordings\7_george_16.wav,7,george,16,5062,train
7_george_17,7_george_17.wav,C:\Users\ASUS\Downloads\DangQuocThanhTai_final\data\raw\fsdd\recordings\7_george_17.wav,7,george,17,5063,train
7_george_18,7_george_18.wav,C:\Users\ASUS\Downloads\DangQuocThanhTai_final\data\raw\fsdd\recordings\7_george_18.wav,7,george,18,4695,train
7_george_19,7_george_19.wav,C:\Users\ASUS\Downloads\DangQuocThanhTai_final\data\raw\fsdd\recordings\7_george_19.wav,7,george,19,4761,train
7_george_20,7_george_20.wav,C:\Users\ASUS\Downloads\DangQuocThanhTai_final\data\raw\fsdd\recordings\7_george_20.wav,7,george,20,3638,train
7_george_21,7_george_21.wav,C:\Users\ASUS\Downloads\DangQuocThanhTai_final\data\raw\fsdd\recordings\7_george_21.wav,7,george,21,3578,train
7_george_22,7_george_22.wav,C:\Users\ASUS\Downloads\DangQuocThanhTai_final\data\raw\fsdd\recordings\7_george_22.wav,7,george,22,3471,train
7_george_23,7_george_23.wav,C:\Users\ASUS\Downloads\DangQuocThanhTai_final\data\raw\fsdd\recordings\7_george_23.wav,7,george,23,5306,train
7_george_24,7_george_24.wav,C:\Users\ASUS\Downloads\DangQuocThanhTai_final\data\raw\fsdd\recordings\7_george_24.wav,7,george,24,5108,train
7_george_25,7_george_25.wav,C:\Users\ASUS\Downloads\DangQuocThanhTai_final\data\raw\fsdd\recordings\7_george_25.wav,7,george,25,4544,train
7_george_26,7_george_26.wav,C:\Users\ASUS\Downloads\DangQuocThanhTai_final\data\raw\fsdd\recordings\7_george_26.wav,7,george,26,2147,train
7_george_27,7_george_27.wav,C:\Users\ASUS\Downloads\DangQuocThanhTai_final\data\raw\fsdd\recordings\7_george_27.wav,7,george,27,4372,train
7_george_28,7_george_28.wav,C:\Users\ASUS\Downloads\DangQuocThanhTai_final\data\raw\fsdd\recordings\7_george_28.wav,7,george,28,4105,train
7_george_29,7_george_29.wav,C:\Users\ASUS\Downloads\DangQuocThanhTai_final\data\raw\fsdd\recordings\7_george_29.wav,7,george,29,7999,train
7_george_30,7_george_30.wav,C:\Users\ASUS\Downloads\DangQuocThanhTai_final\data\raw\fsdd\recordings\7_george_30.wav,7,george,30,3135,train
7_george_31,7_george_31.wav,C:\Users\ASUS\Downloads\DangQuocThanhTai_final\data\raw\fsdd\recordings\7_george_31.wav,7,george,31,2774,train
7_george_32,7_george_32.wav,C:\Users\ASUS\Downloads\DangQuocThanhTai_final\data\raw\fsdd\recordings\7_george_32.wav,7,george,32,2568,train
7_george_33,7_george_33.wav,C:\Users\ASUS\Downloads\DangQuocThanhTai_final\data\raw\fsdd\recordings\7_george_33.wav,7,george,33,4338,train
7_george_34,7_george_34.wav,C:\Users\ASUS\Downloads\DangQuocThanhTai_final\data\raw\fsdd\recordings\7_george_34.wav,7,george,34,3729,train
7_george_35,7_george_35.wav,C:\Users\ASUS\Downloads\DangQuocThanhTai_final\data\raw\fsdd\recordings\7_george_35.wav,7,george,35,3992,train
7_george_36,7_george_36.wav,C:\Users\ASUS\Downloads\DangQuocThanhTai_final\data\raw\fsdd\recordings\7_george_36.wav,7,george,36,4054,train
7_george_37,7_george_37.wav,C:\Users\ASUS\Downloads\DangQuocThanhTai_final\data\raw\fsdd\recordings\7_george_37.wav,7,george,37,2673,train
7_george_38,7_george_38.wav,C:\Users\ASUS\Downloads\DangQuocThanhTai_final\data\raw\fsdd\recordings\7_george_38.wav,7,george,38,4086,train
7_george_39,7_george_39.wav,C:\Users\ASUS\Downloads\DangQuocThanhTai_final\data\raw\fsdd\recordings\7_george_39.wav,7,george,39,2720,train
7_george_40,7_george_40.wav,C:\Users\ASUS\Downloads\DangQuocThanhTai_final\data\raw\fsdd\recordings\7_george_40.wav,7,george,40,4275,train
7_george_41,7_george_41.wav,C:\Users\ASUS\Downloads\DangQuocThanhTai_final\data\raw\fsdd\recordings\7_george_41.wav,7,george,41,3853,train
7_george_42,7_george_42.wav,C:\Users\ASUS\Downloads\DangQuocThanhTai_final\data\raw\fsdd\recordings\7_george_42.wav,7,george,42,3584,train
7_george_43,7_george_43.wav,C:\Users\ASUS\Downloads\DangQuocThanhTai_final\data\raw\fsdd\recordings\7_george_43.wav,7,george,43,3512,train
7_george_44,7_george_44.wav,C:\Users\ASUS\Downloads\DangQuocThanhTai_final\data\raw\fsdd\recordings\7_george_44.wav,7,george,44,3656,train
7_george_45,7_george_45.wav,C:\Users\ASUS\Downloads\DangQuocThanhTai_final\data\raw\fsdd\recordings\7_george_45.wav,7,george,45,3301,train
7_george_46,7_george_46.wav,C:\Users\ASUS\Downloads\DangQuocThanhTai_final\data\raw\fsdd\recordings\7_george_46.wav,7,george,46,3977,train
7_george_47,7_george_47.wav,C:\Users\ASUS\Downloads\DangQuocThanhTai_final\data\raw\fsdd\recordings\7_george_47.wav,7,george,47,3348,train
7_george_48,7_george_48.wav,C:\Users\ASUS\Downloads\DangQuocThanhTai_final\data\raw\fsdd\recordings\7_george_48.wav,7,george,48,4384,train
7_george_49,7_george_49.wav,C:\Users\ASUS\Downloads\DangQuocThanhTai_final\data\raw\fsdd\recordings\7_george_49.wav,7,george,49,3379,train
7_jackson_0,7_jackson_0.wav,C:\Users\ASUS\Downloads\DangQuocThanhTai_final\data\raw\fsdd\recordings\7_jackson_0.wav,7,jackson,0,3457,test
7_jackson_1,7_jackson_1.wav,C:\Users\ASUS\Downloads\DangQuocThanhTai_final\data\raw\fsdd\recordings\7_jackson_1.wav,7,jackson,1,3789,test
7_jackson_2,7_jackson_2.wav,C:\Users\ASUS\Downloads\DangQuocThanhTai_final\data\raw\fsdd\recordings\7_jackson_2.wav,7,jackson,2,3077,test
7_jackson_3,7_jackson_3.wav,C:\Users\ASUS\Downloads\DangQuocThanhTai_final\data\raw\fsdd\recordings\7_jackson_3.wav,7,jackson,3,3472,test
7_jackson_4,7_jackson_4.wav,C:\Users\ASUS\Downloads\DangQuocThanhTai_final\data\raw\fsdd\recordings\7_jackson_4.wav,7,jackson,4,3338,test
7_jackson_5,7_jackson_5.wav,C:\Users\ASUS\Downloads\DangQuocThanhTai_final\data\raw\fsdd\recordings\7_jackson_5.wav,7,jackson,5,3566,val
7_jackson_6,7_jackson_6.wav,C:\Users\ASUS\Downloads\DangQuocThanhTai_final\data\raw\fsdd\recordings\7_jackson_6.wav,7,jackson,6,3567,val
7_jackson_7,7_jackson_7.wav,C:\Users\ASUS\Downloads\DangQuocThanhTai_final\data\raw\fsdd\recordings\7_jackson_7.wav,7,jackson,7,3363,val
7_jackson_8,7_jackson_8.wav,C:\Users\ASUS\Downloads\DangQuocThanhTai_final\data\raw\fsdd\recordings\7_jackson_8.wav,7,jackson,8,3405,val
7_jackson_9,7_jackson_9.wav,C:\Users\ASUS\Downloads\DangQuocThanhTai_final\data\raw\fsdd\recordings\7_jackson_9.wav,7,jackson,9,3531,val
7_jackson_10,7_jackson_10.wav,C:\Users\ASUS\Downloads\DangQuocThanhTai_final\data\raw\fsdd\recordings\7_jackson_10.wav,7,jackson,10,3538,train
7_jackson_11,7_jackson_11.wav,C:\Users\ASUS\Downloads\DangQuocThanhTai_final\data\raw\fsdd\recordings\7_jackson_11.wav,7,jackson,11,3273,train
7_jackson_12,7_jackson_12.wav,C:\Users\ASUS\Downloads\DangQuocThanhTai_final\data\raw\fsdd\recordings\7_jackson_12.wav,7,jackson,12,3547,train
7_jackson_13,7_jackson_13.wav,C:\Users\ASUS\Downloads\DangQuocThanhTai_final\data\raw\fsdd\recordings\7_jackson_13.wav,7,jackson,13,3608,train
7_jackson_14,7_jackson_14.wav,C:\Users\ASUS\Downloads\DangQuocThanhTai_final\data\raw\fsdd\recordings\7_jackson_14.wav,7,jackson,14,3821,train
7_jackson_15,7_jackson_15.wav,C:\Users\ASUS\Downloads\DangQuocThanhTai_final\data\raw\fsdd\recordings\7_jackson_15.wav,7,jackson,15,3202,train
7_jackson_16,7_jackson_16.wav,C:\Users\ASUS\Downloads\DangQuocThanhTai_final\data\raw\fsdd\recordings\7_jackson_16.wav,7,jackson,16,3430,train
7_jackson_17,7_jackson_17.wav,C:\Users\ASUS\Downloads\DangQuocThanhTai_final\data\raw\fsdd\recordings\7_jackson_17.wav,7,jackson,17,3727,train
7_jackson_18,7_jackson_18.wav,C:\Users\ASUS\Downloads\DangQuocThanhTai_final\data\raw\fsdd\recordings\7_jackson_18.wav,7,jackson,18,3278,train
7_jackson_19,7_jackson_19.wav,C:\Users\ASUS\Downloads\DangQuocThanhTai_final\data\raw\fsdd\recordings\7_jackson_19.wav,7,jackson,19,3722,train
7_jackson_20,7_jackson_20.wav,C:\Users\ASUS\Downloads\DangQuocThanhTai_final\data\raw\fsdd\recordings\7_jackson_20.wav,7,jackson,20,3692,train
7_jackson_21,7_jackson_21.wav,C:\Users\ASUS\Downloads\DangQuocThanhTai_final\data\raw\fsdd\recordings\7_jackson_21.wav,7,jackson,21,4196,train
7_jackson_22,7_jackson_22.wav,C:\Users\ASUS\Downloads\DangQuocThanhTai_final\data\raw\fsdd\recordings\7_jackson_22.wav,7,jackson,22,3559,train
7_jackson_23,7_jackson_23.wav,C:\Users\ASUS\Downloads\DangQuocThanhTai_final\data\raw\fsdd\recordings\7_jackson_23.wav,7,jackson,23,4496,train
7_jackson_24,7_jackson_24.wav,C:\Users\ASUS\Downloads\DangQuocThanhTai_final\data\raw\fsdd\recordings\7_jackson_24.wav,7,jackson,24,3519,train
7_jackson_25,7_jackson_25.wav,C:\Users\ASUS\Downloads\DangQuocThanhTai_final\data\raw\fsdd\recordings\7_jackson_25.wav,7,jackson,25,3753,train
7_jackson_26,7_jackson_26.wav,C:\Users\ASUS\Downloads\DangQuocThanhTai_final\data\raw\fsdd\recordings\7_jackson_26.wav,7,jackson,26,3880,train
7_jackson_27,7_jackson_27.wav,C:\Users\ASUS\Downloads\DangQuocThanhTai_final\data\raw\fsdd\recordings\7_jackson_27.wav,7,jackson,27,3931,train
7_jackson_28,7_jackson_28.wav,C:\Users\ASUS\Downloads\DangQuocThanhTai_final\data\raw\fsdd\recordings\7_jackson_28.wav,7,jackson,28,3410,train
7_jackson_29,7_jackson_29.wav,C:\Users\ASUS\Downloads\DangQuocThanhTai_final\data\raw\fsdd\recordings\7_jackson_29.wav,7,jackson,29,3576,train
7_jackson_30,7_jackson_30.wav,C:\Users\ASUS\Downloads\DangQuocThanhTai_final\data\raw\fsdd\recordings\7_jackson_30.wav,7,jackson,30,3706,train
7_jackson_31,7_jackson_31.wav,C:\Users\ASUS\Downloads\DangQuocThanhTai_final\data\raw\fsdd\recordings\7_jackson_31.wav,7,jackson,31,3367,train
7_jackson_32,7_jackson_32.wav,C:\Users\ASUS\Downloads\DangQuocThanhTai_final\data\raw\fsdd\recordings\7_jackson_32.wav,7,jackson,32,4301,train
7_jackson_33,7_jackson_33.wav,C:\Users\ASUS\Downloads\DangQuocThanhTai_final\data\raw\fsdd\recordings\7_jackson_33.wav,7,jackson,33,4296,train
7_jackson_34,7_jackson_34.wav,C:\Users\ASUS\Downloads\DangQuocThanhTai_final\data\raw\fsdd\recordings\7_jackson_34.wav,7,jackson,34,4063,train
7_jackson_35,7_jackson_35.wav,C:\Users\ASUS\Downloads\DangQuocThanhTai_final\data\raw\fsdd\recordings\7_jackson_35.wav,7,jackson,35,3306,train
7_jackson_36,7_jackson_36.wav,C:\Users\ASUS\Downloads\DangQuocThanhTai_final\data\raw\fsdd\recordings\7_jackson_36.wav,7,jackson,36,3195,train
7_jackson_37,7_jackson_37.wav,C:\Users\ASUS\Downloads\DangQuocThanhTai_final\data\raw\fsdd\recordings\7_jackson_37.wav,7,jackson,37,3241,train
7_jackson_38,7_jackson_38.wav,C:\Users\ASUS\Downloads\DangQuocThanhTai_final\data\raw\fsdd\recordings\7_jackson_38.wav,7,jackson,38,3830,train
7_jackson_39,7_jackson_39.wav,C:\Users\ASUS\Downloads\DangQuocThanhTai_final\data\raw\fsdd\recordings\7_jackson_39.wav,7,jackson,39,4108,train
7_jackson_40,7_jackson_40.wav,C:\Users\ASUS\Downloads\DangQuocThanhTai_final\data\raw\fsdd\recordings\7_jackson_40.wav,7,jackson,40,3890,train
7_jackson_41,7_jackson_41.wav,C:\Users\ASUS\Downloads\DangQuocThanhTai_final\data\raw\fsdd\recordings\7_jackson_41.wav,7,jackson,41,3966,train
7_jackson_42,7_jackson_42.wav,C:\Users\ASUS\Downloads\DangQuocThanhTai_final\data\raw\fsdd\recordings\7_jackson_42.wav,7,jackson,42,3878,train
7_jackson_43,7_jackson_43.wav,C:\Users\ASUS\Downloads\DangQuocThanhTai_final\data\raw\fsdd\recordings\7_jackson_43.wav,7,jackson,43,4303,train
7_jackson_44,7_jackson_44.wav,C:\Users\ASUS\Downloads\DangQuocThanhTai_final\data\raw\fsdd\recordings\7_jackson_44.wav,7,jackson,44,4108,train
7_jackson_45,7_jackson_45.wav,C:\Users\ASUS\Downloads\DangQuocThanhTai_final\data\raw\fsdd\recordings\7_jackson_45.wav,7,jackson,45,3700,train
7_jackson_46,7_jackson_46.wav,C:\Users\ASUS\Downloads\DangQuocThanhTai_final\data\raw\fsdd\recordings\7_jackson_46.wav,7,jackson,46,3891,train
7_jackson_47,7_jackson_47.wav,C:\Users\ASUS\Downloads\DangQuocThanhTai_final\data\raw\fsdd\recordings\7_jackson_47.wav,7,jackson,47,3945,train
7_jackson_48,7_jackson_48.wav,C:\Users\ASUS\Downloads\DangQuocThanhTai_final\data\raw\fsdd\recordings\7_jackson_48.wav,7,jackson,48,3671,train
7_jackson_49,7_jackson_49.wav,C:\Users\ASUS\Downloads\DangQuocThanhTai_final\data\raw\fsdd\recordings\7_jackson_49.wav,7,jackson,49,3918,train
7_lucas_0,7_lucas_0.wav,C:\Users\ASUS\Downloads\DangQuocThanhTai_final\data\raw\fsdd\recordings\7_lucas_0.wav,7,lucas,0,5299,test
7_lucas_1,7_lucas_1.wav,C:\Users\ASUS\Downloads\DangQuocThanhTai_final\data\raw\fsdd\recordings\7_lucas_1.wav,7,lucas,1,3608,test
7_lucas_2,7_lucas_2.wav,C:\Users\ASUS\Downloads\DangQuocThanhTai_final\data\raw\fsdd\recordings\7_lucas_2.wav,7,lucas,2,3821,test
7_lucas_3,7_lucas_3.wav,C:\Users\ASUS\Downloads\DangQuocThanhTai_final\data\raw\fsdd\recordings\7_lucas_3.wav,7,lucas,3,4470,test
7_lucas_4,7_lucas_4.wav,C:\Users\ASUS\Downloads\DangQuocThanhTai_final\data\raw\fsdd\recordings\7_lucas_4.wav,7,lucas,4,4627,test
7_lucas_5,7_lucas_5.wav,C:\Users\ASUS\Downloads\DangQuocThanhTai_final\data\raw\fsdd\recordings\7_lucas_5.wav,7,lucas,5,4314,val
7_lucas_6,7_lucas_6.wav,C:\Users\ASUS\Downloads\DangQuocThanhTai_final\data\raw\fsdd\recordings\7_lucas_6.wav,7,lucas,6,4357,val
7_lucas_7,7_lucas_7.wav,C:\Users\ASUS\Downloads\DangQuocThanhTai_final\data\raw\fsdd\recordings\7_lucas_7.wav,7,lucas,7,8309,val
7_lucas_8,7_lucas_8.wav,C:\Users\ASUS\Downloads\DangQuocThanhTai_final\data\raw\fsdd\recordings\7_lucas_8.wav,7,lucas,8,6405,val
7_lucas_9,7_lucas_9.wav,C:\Users\ASUS\Downloads\DangQuocThanhTai_final\data\raw\fsdd\recordings\7_lucas_9.wav,7,lucas,9,3693,val
7_lucas_10,7_lucas_10.wav,C:\Users\ASUS\Downloads\DangQuocThanhTai_final\data\raw\fsdd\recordings\7_lucas_10.wav,7,lucas,10,3576,train
7_lucas_11,7_lucas_11.wav,C:\Users\ASUS\Downloads\DangQuocThanhTai_final\data\raw\fsdd\recordings\7_lucas_11.wav,7,lucas,11,4405,train
7_lucas_12,7_lucas_12.wav,C:\Users\ASUS\Downloads\DangQuocThanhTai_final\data\raw\fsdd\recordings\7_lucas_12.wav,7,lucas,12,3699,train
7_lucas_13,7_lucas_13.wav,C:\Users\ASUS\Downloads\DangQuocThanhTai_final\data\raw\fsdd\recordings\7_lucas_13.wav,7,lucas,13,3648,train
7_lucas_14,7_lucas_14.wav,C:\Users\ASUS\Downloads\DangQuocThanhTai_final\data\raw\fsdd\recordings\7_lucas_14.wav,7,lucas,14,4992,train
7_lucas_15,7_lucas_15.wav,C:\Users\ASUS\Downloads\DangQuocThanhTai_final\data\raw\fsdd\recordings\7_lucas_15.wav,7,lucas,15,6978,train
7_lucas_16,7_lucas_16.wav,C:\Users\ASUS\Downloads\DangQuocThanhTai_final\data\raw\fsdd\recordings\7_lucas_16.wav,7,lucas,16,4059,train
7_lucas_17,7_lucas_17.wav,C:\Users\ASUS\Downloads\DangQuocThanhTai_final\data\raw\fsdd\recordings\7_lucas_17.wav,7,lucas,17,4108,train
7_lucas_18,7_lucas_18.wav,C:\Users\ASUS\Downloads\DangQuocThanhTai_final\data\raw\fsdd\recordings\7_lucas_18.wav,7,lucas,18,5363,train
7_lucas_19,7_lucas_19.wav,C:\Users\ASUS\Downloads\DangQuocThanhTai_final\data\raw\fsdd\recordings\7_lucas_19.wav,7,lucas,19,3870,train
7_lucas_20,7_lucas_20.wav,C:\Users\ASUS\Downloads\DangQuocThanhTai_final\data\raw\fsdd\recordings\7_lucas_20.wav,7,lucas,20,3947,train
7_lucas_21,7_lucas_21.wav,C:\Users\ASUS\Downloads\DangQuocThanhTai_final\data\raw\fsdd\recordings\7_lucas_21.wav,7,lucas,21,4758,train
7_lucas_22,7_lucas_22.wav,C:\Users\ASUS\Downloads\DangQuocThanhTai_final\data\raw\fsdd\recordings\7_lucas_22.wav,7,lucas,22,8024,train
7_lucas_23,7_lucas_23.wav,C:\Users\ASUS\Downloads\DangQuocThanhTai_final\data\raw\fsdd\recordings\7_lucas_23.wav,7,lucas,23,3659,train
7_lucas_24,7_lucas_24.wav,C:\Users\ASUS\Downloads\DangQuocThanhTai_final\data\raw\fsdd\recordings\7_lucas_24.wav,7,lucas,24,9692,train
7_lucas_25,7_lucas_25.wav,C:\Users\ASUS\Downloads\DangQuocThanhTai_final\data\raw\fsdd\recordings\7_lucas_25.wav,7,lucas,25,3822,train
7_lucas_26,7_lucas_26.wav,C:\Users\ASUS\Downloads\DangQuocThanhTai_final\data\raw\fsdd\recordings\7_lucas_26.wav,7,lucas,26,3560,train
7_lucas_27,7_lucas_27.wav,C:\Users\ASUS\Downloads\DangQuocThanhTai_final\data\raw\fsdd\recordings\7_lucas_27.wav,7,lucas,27,4089,train
7_lucas_28,7_lucas_28.wav,C:\Users\ASUS\Downloads\DangQuocThanhTai_final\data\raw\fsdd\recordings\7_lucas_28.wav,7,lucas,28,9331,train
7_lucas_29,7_lucas_29.wav,C:\Users\ASUS\Downloads\DangQuocThanhTai_final\data\raw\fsdd\recordings\7_lucas_29.wav,7,lucas,29,10399,train
7_lucas_30,7_lucas_30.wav,C:\Users\ASUS\Downloads\DangQuocThanhTai_final\data\raw\fsdd\recordings\7_lucas_30.wav,7,lucas,30,5443,train
7_lucas_31,7_lucas_31.wav,C:\Users\ASUS\Downloads\DangQuocThanhTai_final\data\raw\fsdd\recordings\7_lucas_31.wav,7,lucas,31,4316,train
7_lucas_32,7_lucas_32.wav,C:\Users\ASUS\Downloads\DangQuocThanhTai_final\data\raw\fsdd\recordings\7_lucas_32.wav,7,lucas,32,4242,train
7_lucas_33,7_lucas_33.wav,C:\Users\ASUS\Downloads\DangQuocThanhTai_final\data\raw\fsdd\recordings\7_lucas_33.wav,7,lucas,33,4319,train
7_lucas_34,7_lucas_34.wav,C:\Users\ASUS\Downloads\DangQuocThanhTai_final\data\raw\fsdd\recordings\7_lucas_34.wav,7,lucas,34,4412,train
7_lucas_35,7_lucas_35.wav,C:\Users\ASUS\Downloads\DangQuocThanhTai_final\data\raw\fsdd\recordings\7_lucas_35.wav,7,lucas,35,3562,train
7_lucas_36,7_lucas_36.wav,C:\Users\ASUS\Downloads\DangQuocThanhTai_final\data\raw\fsdd\recordings\7_lucas_36.wav,7,lucas,36,3615,train
7_lucas_37,7_lucas_37.wav,C:\Users\ASUS\Downloads\DangQuocThanhTai_final\data\raw\fsdd\recordings\7_lucas_37.wav,7,lucas,37,2775,train
7_lucas_38,7_lucas_38.wav,C:\Users\ASUS\Downloads\DangQuocThanhTai_final\data\raw\fsdd\recordings\7_lucas_38.wav,7,lucas,38,4262,train
7_lucas_39,7_lucas_39.wav,C:\Users\ASUS\Downloads\DangQuocThanhTai_final\data\raw\fsdd\recordings\7_lucas_39.wav,7,lucas,39,3005,train
7_lucas_40,7_lucas_40.wav,C:\Users\ASUS\Downloads\DangQuocThanhTai_final\data\raw\fsdd\recordings\7_lucas_40.wav,7,lucas,40,5163,train
7_lucas_41,7_lucas_41.wav,C:\Users\ASUS\Downloads\DangQuocThanhTai_final\data\raw\fsdd\recordings\7_lucas_41.wav,7,lucas,41,3789,train
7_lucas_42,7_lucas_42.wav,C:\Users\ASUS\Downloads\DangQuocThanhTai_final\data\raw\fsdd\recordings\7_lucas_42.wav,7,lucas,42,4337,train
7_lucas_43,7_lucas_43.wav,C:\Users\ASUS\Downloads\DangQuocThanhTai_final\data\raw\fsdd\recordings\7_lucas_43.wav,7,lucas,43,4117,train
7_lucas_44,7_lucas_44.wav,C:\Users\ASUS\Downloads\DangQuocThanhTai_final\data\raw\fsdd\recordings\7_lucas_44.wav,7,lucas,44,3805,train
7_lucas_45,7_lucas_45.wav,C:\Users\ASUS\Downloads\DangQuocThanhTai_final\data\raw\fsdd\recordings\7_lucas_45.wav,7,lucas,45,3928,train
7_lucas_46,7_lucas_46.wav,C:\Users\ASUS\Downloads\DangQuocThanhTai_final\data\raw\fsdd\recordings\7_lucas_46.wav,7,lucas,46,6913,train
7_lucas_47,7_lucas_47.wav,C:\Users\ASUS\Downloads\DangQuocThanhTai_final\data\raw\fsdd\recordings\7_lucas_47.wav,7,lucas,47,4060,train
7_lucas_48,7_lucas_48.wav,C:\Users\ASUS\Downloads\DangQuocThanhTai_final\data\raw\fsdd\recordings\7_lucas_48.wav,7,lucas,48,5228,train
7_lucas_49,7_lucas_49.wav,C:\Users\ASUS\Downloads\DangQuocThanhTai_final\data\raw\fsdd\recordings\7_lucas_49.wav,7,lucas,49,3368,train
7_nicolas_0,7_nicolas_0.wav,C:\Users\ASUS\Downloads\DangQuocThanhTai_final\data\raw\fsdd\recordings\7_nicolas_0.wav,7,nicolas,0,2979,test
7_nicolas_1,7_nicolas_1.wav,C:\Users\ASUS\Downloads\DangQuocThanhTai_final\data\raw\fsdd\recordings\7_nicolas_1.wav,7,nicolas,1,3709,test
7_nicolas_2,7_nicolas_2.wav,C:\Users\ASUS\Downloads\DangQuocThanhTai_final\data\raw\fsdd\recordings\7_nicolas_2.wav,7,nicolas,2,3569,test
7_nicolas_3,7_nicolas_3.wav,C:\Users\ASUS\Downloads\DangQuocThanhTai_final\data\raw\fsdd\recordings\7_nicolas_3.wav,7,nicolas,3,2922,test
7_nicolas_4,7_nicolas_4.wav,C:\Users\ASUS\Downloads\DangQuocThanhTai_final\data\raw\fsdd\recordings\7_nicolas_4.wav,7,nicolas,4,3569,test
7_nicolas_5,7_nicolas_5.wav,C:\Users\ASUS\Downloads\DangQuocThanhTai_final\data\raw\fsdd\recordings\7_nicolas_5.wav,7,nicolas,5,2444,val
7_nicolas_6,7_nicolas_6.wav,C:\Users\ASUS\Downloads\DangQuocThanhTai_final\data\raw\fsdd\recordings\7_nicolas_6.wav,7,nicolas,6,2951,val
7_nicolas_7,7_nicolas_7.wav,C:\Users\ASUS\Downloads\DangQuocThanhTai_final\data\raw\fsdd\recordings\7_nicolas_7.wav,7,nicolas,7,2979,val
7_nicolas_8,7_nicolas_8.wav,C:\Users\ASUS\Downloads\DangQuocThanhTai_final\data\raw\fsdd\recordings\7_nicolas_8.wav,7,nicolas,8,3484,val
7_nicolas_9,7_nicolas_9.wav,C:\Users\ASUS\Downloads\DangQuocThanhTai_final\data\raw\fsdd\recordings\7_nicolas_9.wav,7,nicolas,9,2979,val
7_nicolas_10,7_nicolas_10.wav,C:\Users\ASUS\Downloads\DangQuocThanhTai_final\data\raw\fsdd\recordings\7_nicolas_10.wav,7,nicolas,10,3186,train
7_nicolas_11,7_nicolas_11.wav,C:\Users\ASUS\Downloads\DangQuocThanhTai_final\data\raw\fsdd\recordings\7_nicolas_11.wav,7,nicolas,11,2936,train
7_nicolas_12,7_nicolas_12.wav,C:\Users\ASUS\Downloads\DangQuocThanhTai_final\data\raw\fsdd\recordings\7_nicolas_12.wav,7,nicolas,12,2936,train
7_nicolas_13,7_nicolas_13.wav,C:\Users\ASUS\Downloads\DangQuocThanhTai_final\data\raw\fsdd\recordings\7_nicolas_13.wav,7,nicolas,13,2999,train
7_nicolas_14,7_nicolas_14.wav,C:\Users\ASUS\Downloads\DangQuocThanhTai_final\data\raw\fsdd\recordings\7_nicolas_14.wav,7,nicolas,14,3310,train
7_nicolas_15,7_nicolas_15.wav,C:\Users\ASUS\Downloads\DangQuocThanhTai_final\data\raw\fsdd\recordings\7_nicolas_15.wav,7,nicolas,15,2343,train
7_nicolas_16,7_nicolas_16.wav,C:\Users\ASUS\Downloads\DangQuocThanhTai_final\data\raw\fsdd\recordings\7_nicolas_16.wav,7,nicolas,16,2218,train
7_nicolas_17,7_nicolas_17.wav,C:\Users\ASUS\Downloads\DangQuocThanhTai_final\data\raw\fsdd\recordings\7_nicolas_17.wav,7,nicolas,17,3029,train
7_nicolas_18,7_nicolas_18.wav,C:\Users\ASUS\Downloads\DangQuocThanhTai_final\data\raw\fsdd\recordings\7_nicolas_18.wav,7,nicolas,18,3186,train
7_nicolas_19,7_nicolas_19.wav,C:\Users\ASUS\Downloads\DangQuocThanhTai_final\data\raw\fsdd\recordings\7_nicolas_19.wav,7,nicolas,19,2655,train
7_nicolas_20,7_nicolas_20.wav,C:\Users\ASUS\Downloads\DangQuocThanhTai_final\data\raw\fsdd\recordings\7_nicolas_20.wav,7,nicolas,20,2716,train
7_nicolas_21,7_nicolas_21.wav,C:\Users\ASUS\Downloads\DangQuocThanhTai_final\data\raw\fsdd\recordings\7_nicolas_21.wav,7,nicolas,21,2952,train
7_nicolas_22,7_nicolas_22.wav,C:\Users\ASUS\Downloads\DangQuocThanhTai_final\data\raw\fsdd\recordings\7_nicolas_22.wav,7,nicolas,22,2746,train
7_nicolas_23,7_nicolas_23.wav,C:\Users\ASUS\Downloads\DangQuocThanhTai_final\data\raw\fsdd\recordings\7_nicolas_23.wav,7,nicolas,23,3218,train
7_nicolas_24,7_nicolas_24.wav,C:\Users\ASUS\Downloads\DangQuocThanhTai_final\data\raw\fsdd\recordings\7_nicolas_24.wav,7,nicolas,24,2214,train
7_nicolas_25,7_nicolas_25.wav,C:\Users\ASUS\Downloads\DangQuocThanhTai_final\data\raw\fsdd\recordings\7_nicolas_25.wav,7,nicolas,25,1978,train
7_nicolas_26,7_nicolas_26.wav,C:\Users\ASUS\Downloads\DangQuocThanhTai_final\data\raw\fsdd\recordings\7_nicolas_26.wav,7,nicolas,26,2598,train
7_nicolas_27,7_nicolas_27.wav,C:\Users\ASUS\Downloads\DangQuocThanhTai_final\data\raw\fsdd\recordings\7_nicolas_27.wav,7,nicolas,27,2922,train
7_nicolas_28,7_nicolas_28.wav,C:\Users\ASUS\Downloads\DangQuocThanhTai_final\data\raw\fsdd\recordings\7_nicolas_28.wav,7,nicolas,28,3041,train
7_nicolas_29,7_nicolas_29.wav,C:\Users\ASUS\Downloads\DangQuocThanhTai_final\data\raw\fsdd\recordings\7_nicolas_29.wav,7,nicolas,29,3070,train
7_nicolas_30,7_nicolas_30.wav,C:\Users\ASUS\Downloads\DangQuocThanhTai_final\data\raw\fsdd\recordings\7_nicolas_30.wav,7,nicolas,30,2774,train
7_nicolas_31,7_nicolas_31.wav,C:\Users\ASUS\Downloads\DangQuocThanhTai_final\data\raw\fsdd\recordings\7_nicolas_31.wav,7,nicolas,31,2440,train
7_nicolas_32,7_nicolas_32.wav,C:\Users\ASUS\Downloads\DangQuocThanhTai_final\data\raw\fsdd\recordings\7_nicolas_32.wav,7,nicolas,32,2829,train
7_nicolas_33,7_nicolas_33.wav,C:\Users\ASUS\Downloads\DangQuocThanhTai_final\data\raw\fsdd\recordings\7_nicolas_33.wav,7,nicolas,33,2608,train
7_nicolas_34,7_nicolas_34.wav,C:\Users\ASUS\Downloads\DangQuocThanhTai_final\data\raw\fsdd\recordings\7_nicolas_34.wav,7,nicolas,34,2440,train
7_nicolas_35,7_nicolas_35.wav,C:\Users\ASUS\Downloads\DangQuocThanhTai_final\data\raw\fsdd\recordings\7_nicolas_35.wav,7,nicolas,35,2469,train
7_nicolas_36,7_nicolas_36.wav,C:\Users\ASUS\Downloads\DangQuocThanhTai_final\data\raw\fsdd\recordings\7_nicolas_36.wav,7,nicolas,36,3134,train
7_nicolas_37,7_nicolas_37.wav,C:\Users\ASUS\Downloads\DangQuocThanhTai_final\data\raw\fsdd\recordings\7_nicolas_37.wav,7,nicolas,37,3245,train
7_nicolas_38,7_nicolas_38.wav,C:\Users\ASUS\Downloads\DangQuocThanhTai_final\data\raw\fsdd\recordings\7_nicolas_38.wav,7,nicolas,38,2885,train
7_nicolas_39,7_nicolas_39.wav,C:\Users\ASUS\Downloads\DangQuocThanhTai_final\data\raw\fsdd\recordings\7_nicolas_39.wav,7,nicolas,39,2107,train
7_nicolas_40,7_nicolas_40.wav,C:\Users\ASUS\Downloads\DangQuocThanhTai_final\data\raw\fsdd\recordings\7_nicolas_40.wav,7,nicolas,40,2828,train
7_nicolas_41,7_nicolas_41.wav,C:\Users\ASUS\Downloads\DangQuocThanhTai_final\data\raw\fsdd\recordings\7_nicolas_41.wav,7,nicolas,41,3425,train
7_nicolas_42,7_nicolas_42.wav,C:\Users\ASUS\Downloads\DangQuocThanhTai_final\data\raw\fsdd\recordings\7_nicolas_42.wav,7,nicolas,42,3209,train
7_nicolas_43,7_nicolas_43.wav,C:\Users\ASUS\Downloads\DangQuocThanhTai_final\data\raw\fsdd\recordings\7_nicolas_43.wav,7,nicolas,43,2066,train
7_nicolas_44,7_nicolas_44.wav,C:\Users\ASUS\Downloads\DangQuocThanhTai_final\data\raw\fsdd\recordings\7_nicolas_44.wav,7,nicolas,44,2882,train
7_nicolas_45,7_nicolas_45.wav,C:\Users\ASUS\Downloads\DangQuocThanhTai_final\data\raw\fsdd\recordings\7_nicolas_45.wav,7,nicolas,45,3562,train
7_nicolas_46,7_nicolas_46.wav,C:\Users\ASUS\Downloads\DangQuocThanhTai_final\data\raw\fsdd\recordings\7_nicolas_46.wav,7,nicolas,46,3072,train
7_nicolas_47,7_nicolas_47.wav,C:\Users\ASUS\Downloads\DangQuocThanhTai_final\data\raw\fsdd\recordings\7_nicolas_47.wav,7,nicolas,47,3453,train
7_nicolas_48,7_nicolas_48.wav,C:\Users\ASUS\Downloads\DangQuocThanhTai_final\data\raw\fsdd\recordings\7_nicolas_48.wav,7,nicolas,48,2910,train
7_nicolas_49,7_nicolas_49.wav,C:\Users\ASUS\Downloads\DangQuocThanhTai_final\data\raw\fsdd\recordings\7_nicolas_49.wav,7,nicolas,49,2474,train
7_theo_0,7_theo_0.wav,C:\Users\ASUS\Downloads\DangQuocThanhTai_final\data\raw\fsdd\recordings\7_theo_0.wav,7,theo,0,3428,test
7_theo_1,7_theo_1.wav,C:\Users\ASUS\Downloads\DangQuocThanhTai_final\data\raw\fsdd\recordings\7_theo_1.wav,7,theo,1,2892,test
7_theo_2,7_theo_2.wav,C:\Users\ASUS\Downloads\DangQuocThanhTai_final\data\raw\fsdd\recordings\7_theo_2.wav,7,theo,2,2020,test
7_theo_3,7_theo_3.wav,C:\Users\ASUS\Downloads\DangQuocThanhTai_final\data\raw\fsdd\recordings\7_theo_3.wav,7,theo,3,2292,test
7_theo_4,7_theo_4.wav,C:\Users\ASUS\Downloads\DangQuocThanhTai_final\data\raw\fsdd\recordings\7_theo_4.wav,7,theo,4,3424,test
7_theo_5,7_theo_5.wav,C:\Users\ASUS\Downloads\DangQuocThanhTai_final\data\raw\fsdd\recordings\7_theo_5.wav,7,theo,5,2922,val
7_theo_6,7_theo_6.wav,C:\Users\ASUS\Downloads\DangQuocThanhTai_final\data\raw\fsdd\recordings\7_theo_6.wav,7,theo,6,2245,val
7_theo_7,7_theo_7.wav,C:\Users\ASUS\Downloads\DangQuocThanhTai_final\data\raw\fsdd\recordings\7_theo_7.wav,7,theo,7,4568,val
7_theo_8,7_theo_8.wav,C:\Users\ASUS\Downloads\DangQuocThanhTai_final\data\raw\fsdd\recordings\7_theo_8.wav,7,theo,8,2585,val
7_theo_9,7_theo_9.wav,C:\Users\ASUS\Downloads\DangQuocThanhTai_final\data\raw\fsdd\recordings\7_theo_9.wav,7,theo,9,3192,val
7_theo_10,7_theo_10.wav,C:\Users\ASUS\Downloads\DangQuocThanhTai_final\data\raw\fsdd\recordings\7_theo_10.wav,7,theo,10,3705,train
7_theo_11,7_theo_11.wav,C:\Users\ASUS\Downloads\DangQuocThanhTai_final\data\raw\fsdd\recordings\7_theo_11.wav,7,theo,11,3508,train
7_theo_12,7_theo_12.wav,C:\Users\ASUS\Downloads\DangQuocThanhTai_final\data\raw\fsdd\recordings\7_theo_12.wav,7,theo,12,1965,train
7_theo_13,7_theo_13.wav,C:\Users\ASUS\Downloads\DangQuocThanhTai_final\data\raw\fsdd\recordings\7_theo_13.wav,7,theo,13,2826,train
7_theo_14,7_theo_14.wav,C:\Users\ASUS\Downloads\DangQuocThanhTai_final\data\raw\fsdd\recordings\7_theo_14.wav,7,theo,14,3876,train
7_theo_15,7_theo_15.wav,C:\Users\ASUS\Downloads\DangQuocThanhTai_final\data\raw\fsdd\recordings\7_theo_15.wav,7,theo,15,5322,train
7_theo_16,7_theo_16.wav,C:\Users\ASUS\Downloads\DangQuocThanhTai_final\data\raw\fsdd\recordings\7_theo_16.wav,7,theo,16,3135,train
7_theo_17,7_theo_17.wav,C:\Users\ASUS\Downloads\DangQuocThanhTai_final\data\raw\fsdd\recordings\7_theo_17.wav,7,theo,17,4881,train
7_theo_18,7_theo_18.wav,C:\Users\ASUS\Downloads\DangQuocThanhTai_final\data\raw\fsdd\recordings\7_theo_18.wav,7,theo,18,3019,train
7_theo_19,7_theo_19.wav,C:\Users\ASUS\Downloads\DangQuocThanhTai_final\data\raw\fsdd\recordings\7_theo_19.wav,7,theo,19,2342,train
7_theo_20,7_theo_20.wav,C:\Users\ASUS\Downloads\DangQuocThanhTai_final\data\raw\fsdd\recordings\7_theo_20.wav,7,theo,20,3624,train
7_theo_21,7_theo_21.wav,C:\Users\ASUS\Downloads\DangQuocThanhTai_final\data\raw\fsdd\recordings\7_theo_21.wav,7,theo,21,3128,train
7_theo_22,7_theo_22.wav,C:\Users\ASUS\Downloads\DangQuocThanhTai_final\data\raw\fsdd\recordings\7_theo_22.wav,7,theo,22,2956,train
7_theo_23,7_theo_23.wav,C:\Users\ASUS\Downloads\DangQuocThanhTai_final\data\raw\fsdd\recordings\7_theo_23.wav,7,theo,23,4033,train
7_theo_24,7_theo_24.wav,C:\Users\ASUS\Downloads\DangQuocThanhTai_final\data\raw\fsdd\recordings\7_theo_24.wav,7,theo,24,4442,train
7_theo_25,7_theo_25.wav,C:\Users\ASUS\Downloads\DangQuocThanhTai_final\data\raw\fsdd\recordings\7_theo_25.wav,7,theo,25,4132,train
7_theo_26,7_theo_26.wav,C:\Users\ASUS\Downloads\DangQuocThanhTai_final\data\raw\fsdd\recordings\7_theo_26.wav,7,theo,26,2327,train
7_theo_27,7_theo_27.wav,C:\Users\ASUS\Downloads\DangQuocThanhTai_final\data\raw\fsdd\recordings\7_theo_27.wav,7,theo,27,3349,train
7_theo_28,7_theo_28.wav,C:\Users\ASUS\Downloads\DangQuocThanhTai_final\data\raw\fsdd\recordings\7_theo_28.wav,7,theo,28,3681,train
7_theo_29,7_theo_29.wav,C:\Users\ASUS\Downloads\DangQuocThanhTai_final\data\raw\fsdd\recordings\7_theo_29.wav,7,theo,29,2080,train
7_theo_30,7_theo_30.wav,C:\Users\ASUS\Downloads\DangQuocThanhTai_final\data\raw\fsdd\recordings\7_theo_30.wav,7,theo,30,3008,train
7_theo_31,7_theo_31.wav,C:\Users\ASUS\Downloads\DangQuocThanhTai_final\data\raw\fsdd\recordings\7_theo_31.wav,7,theo,31,3301,train
7_theo_32,7_theo_32.wav,C:\Users\ASUS\Downloads\DangQuocThanhTai_final\data\raw\fsdd\recordings\7_theo_32.wav,7,theo,32,2230,train
7_theo_33,7_theo_33.wav,C:\Users\ASUS\Downloads\DangQuocThanhTai_final\data\raw\fsdd\recordings\7_theo_33.wav,7,theo,33,2785,train
7_theo_34,7_theo_34.wav,C:\Users\ASUS\Downloads\DangQuocThanhTai_final\data\raw\fsdd\recordings\7_theo_34.wav,7,theo,34,2328,train
7_theo_35,7_theo_35.wav,C:\Users\ASUS\Downloads\DangQuocThanhTai_final\data\raw\fsdd\recordings\7_theo_35.wav,7,theo,35,4883,train
7_theo_36,7_theo_36.wav,C:\Users\ASUS\Downloads\DangQuocThanhTai_final\data\raw\fsdd\recordings\7_theo_36.wav,7,theo,36,17567,train
7_theo_37,7_theo_37.wav,C:\Users\ASUS\Downloads\DangQuocThanhTai_final\data\raw\fsdd\recordings\7_theo_37.wav,7,theo,37,6265,train
7_theo_38,7_theo_38.wav,C:\Users\ASUS\Downloads\DangQuocThanhTai_final\data\raw\fsdd\recordings\7_theo_38.wav,7,theo,38,3001,train
7_theo_39,7_theo_39.wav,C:\Users\ASUS\Downloads\DangQuocThanhTai_final\data\raw\fsdd\recordings\7_theo_39.wav,7,theo,39,1998,train
7_theo_40,7_theo_40.wav,C:\Users\ASUS\Downloads\DangQuocThanhTai_final\data\raw\fsdd\recordings\7_theo_40.wav,7,theo,40,3813,train
7_theo_41,7_theo_41.wav,C:\Users\ASUS\Downloads\DangQuocThanhTai_final\data\raw\fsdd\recordings\7_theo_41.wav,7,theo,41,3393,train
7_theo_42,7_theo_42.wav,C:\Users\ASUS\Downloads\DangQuocThanhTai_final\data\raw\fsdd\recordings\7_theo_42.wav,7,theo,42,3536,train
7_theo_43,7_theo_43.wav,C:\Users\ASUS\Downloads\DangQuocThanhTai_final\data\raw\fsdd\recordings\7_theo_43.wav,7,theo,43,4198,train
7_theo_44,7_theo_44.wav,C:\Users\ASUS\Downloads\DangQuocThanhTai_final\data\raw\fsdd\recordings\7_theo_44.wav,7,theo,44,3673,train
7_theo_45,7_theo_45.wav,C:\Users\ASUS\Downloads\DangQuocThanhTai_final\data\raw\fsdd\recordings\7_theo_45.wav,7,theo,45,2554,train
7_theo_46,7_theo_46.wav,C:\Users\ASUS\Downloads\DangQuocThanhTai_final\data\raw\fsdd\recordings\7_theo_46.wav,7,theo,46,3050,train
7_theo_47,7_theo_47.wav,C:\Users\ASUS\Downloads\DangQuocThanhTai_final\data\raw\fsdd\recordings\7_theo_47.wav,7,theo,47,3122,train
7_theo_48,7_theo_48.wav,C:\Users\ASUS\Downloads\DangQuocThanhTai_final\data\raw\fsdd\recordings\7_theo_48.wav,7,theo,48,2630,train
7_theo_49,7_theo_49.wav,C:\Users\ASUS\Downloads\DangQuocThanhTai_final\data\raw\fsdd\recordings\7_theo_49.wav,7,theo,49,2849,train
7_yweweler_0,7_yweweler_0.wav,C:\Users\ASUS\Downloads\DangQuocThanhTai_final\data\raw\fsdd\recordings\7_yweweler_0.wav,7,yweweler,0,3491,test
7_yweweler_1,7_yweweler_1.wav,C:\Users\ASUS\Downloads\DangQuocThanhTai_final\data\raw\fsdd\recordings\7_yweweler_1.wav,7,yweweler,1,3131,test
7_yweweler_2,7_yweweler_2.wav,C:\Users\ASUS\Downloads\DangQuocThanhTai_final\data\raw\fsdd\recordings\7_yweweler_2.wav,7,yweweler,2,3373,test
7_yweweler_3,7_yweweler_3.wav,C:\Users\ASUS\Downloads\DangQuocThanhTai_final\data\raw\fsdd\recordings\7_yweweler_3.wav,7,yweweler,3,3397,test
7_yweweler_4,7_yweweler_4.wav,C:\Users\ASUS\Downloads\DangQuocThanhTai_final\data\raw\fsdd\recordings\7_yweweler_4.wav,7,yweweler,4,2884,test
7_yweweler_5,7_yweweler_5.wav,C:\Users\ASUS\Downloads\DangQuocThanhTai_final\data\raw\fsdd\recordings\7_yweweler_5.wav,7,yweweler,5,3778,val
7_yweweler_6,7_yweweler_6.wav,C:\Users\ASUS\Downloads\DangQuocThanhTai_final\data\raw\fsdd\recordings\7_yweweler_6.wav,7,yweweler,6,2044,val
7_yweweler_7,7_yweweler_7.wav,C:\Users\ASUS\Downloads\DangQuocThanhTai_final\data\raw\fsdd\recordings\7_yweweler_7.wav,7,yweweler,7,2795,val
7_yweweler_8,7_yweweler_8.wav,C:\Users\ASUS\Downloads\DangQuocThanhTai_final\data\raw\fsdd\recordings\7_yweweler_8.wav,7,yweweler,8,2715,val
7_yweweler_9,7_yweweler_9.wav,C:\Users\ASUS\Downloads\DangQuocThanhTai_final\data\raw\fsdd\recordings\7_yweweler_9.wav,7,yweweler,9,2947,val
7_yweweler_10,7_yweweler_10.wav,C:\Users\ASUS\Downloads\DangQuocThanhTai_final\data\raw\fsdd\recordings\7_yweweler_10.wav,7,yweweler,10,2900,train
7_yweweler_11,7_yweweler_11.wav,C:\Users\ASUS\Downloads\DangQuocThanhTai_final\data\raw\fsdd\recordings\7_yweweler_11.wav,7,yweweler,11,2503,train
7_yweweler_12,7_yweweler_12.wav,C:\Users\ASUS\Downloads\DangQuocThanhTai_final\data\raw\fsdd\recordings\7_yweweler_12.wav,7,yweweler,12,2707,train
7_yweweler_13,7_yweweler_13.wav,C:\Users\ASUS\Downloads\DangQuocThanhTai_final\data\raw\fsdd\recordings\7_yweweler_13.wav,7,yweweler,13,2859,train
7_yweweler_14,7_yweweler_14.wav,C:\Users\ASUS\Downloads\DangQuocThanhTai_final\data\raw\fsdd\recordings\7_yweweler_14.wav,7,yweweler,14,2590,train
7_yweweler_15,7_yweweler_15.wav,C:\Users\ASUS\Downloads\DangQuocThanhTai_final\data\raw\fsdd\recordings\7_yweweler_15.wav,7,yweweler,15,2518,train
7_yweweler_16,7_yweweler_16.wav,C:\Users\ASUS\Downloads\DangQuocThanhTai_final\data\raw\fsdd\recordings\7_yweweler_16.wav,7,yweweler,16,2469,train
7_yweweler_17,7_yweweler_17.wav,C:\Users\ASUS\Downloads\DangQuocThanhTai_final\data\raw\fsdd\recordings\7_yweweler_17.wav,7,yweweler,17,2365,train
7_yweweler_18,7_yweweler_18.wav,C:\Users\ASUS\Downloads\DangQuocThanhTai_final\data\raw\fsdd\recordings\7_yweweler_18.wav,7,yweweler,18,2835,train
7_yweweler_19,7_yweweler_19.wav,C:\Users\ASUS\Downloads\DangQuocThanhTai_final\data\raw\fsdd\recordings\7_yweweler_19.wav,7,yweweler,19,2464,train
7_yweweler_20,7_yweweler_20.wav,C:\Users\ASUS\Downloads\DangQuocThanhTai_final\data\raw\fsdd\recordings\7_yweweler_20.wav,7,yweweler,20,3050,train
7_yweweler_21,7_yweweler_21.wav,C:\Users\ASUS\Downloads\DangQuocThanhTai_final\data\raw\fsdd\recordings\7_yweweler_21.wav,7,yweweler,21,3366,train
7_yweweler_22,7_yweweler_22.wav,C:\Users\ASUS\Downloads\DangQuocThanhTai_final\data\raw\fsdd\recordings\7_yweweler_22.wav,7,yweweler,22,2886,train
7_yweweler_23,7_yweweler_23.wav,C:\Users\ASUS\Downloads\DangQuocThanhTai_final\data\raw\fsdd\recordings\7_yweweler_23.wav,7,yweweler,23,2023,train
7_yweweler_24,7_yweweler_24.wav,C:\Users\ASUS\Downloads\DangQuocThanhTai_final\data\raw\fsdd\recordings\7_yweweler_24.wav,7,yweweler,24,2762,train
7_yweweler_25,7_yweweler_25.wav,C:\Users\ASUS\Downloads\DangQuocThanhTai_final\data\raw\fsdd\recordings\7_yweweler_25.wav,7,yweweler,25,2518,train
7_yweweler_26,7_yweweler_26.wav,C:\Users\ASUS\Downloads\DangQuocThanhTai_final\data\raw\fsdd\recordings\7_yweweler_26.wav,7,yweweler,26,3887,train
7_yweweler_27,7_yweweler_27.wav,C:\Users\ASUS\Downloads\DangQuocThanhTai_final\data\raw\fsdd\recordings\7_yweweler_27.wav,7,yweweler,27,3303,train
7_yweweler_28,7_yweweler_28.wav,C:\Users\ASUS\Downloads\DangQuocThanhTai_final\data\raw\fsdd\recordings\7_yweweler_28.wav,7,yweweler,28,3357,train
7_yweweler_29,7_yweweler_29.wav,C:\Users\ASUS\Downloads\DangQuocThanhTai_final\data\raw\fsdd\recordings\7_yweweler_29.wav,7,yweweler,29,2650,train
7_yweweler_30,7_yweweler_30.wav,C:\Users\ASUS\Downloads\DangQuocThanhTai_final\data\raw\fsdd\recordings\7_yweweler_30.wav,7,yweweler,30,2622,train
7_yweweler_31,7_yweweler_31.wav,C:\Users\ASUS\Downloads\DangQuocThanhTai_final\data\raw\fsdd\recordings\7_yweweler_31.wav,7,yweweler,31,2116,train
7_yweweler_32,7_yweweler_32.wav,C:\Users\ASUS\Downloads\DangQuocThanhTai_final\data\raw\fsdd\recordings\7_yweweler_32.wav,7,yweweler,32,3001,train
7_yweweler_33,7_yweweler_33.wav,C:\Users\ASUS\Downloads\DangQuocThanhTai_final\data\raw\fsdd\recordings\7_yweweler_33.wav,7,yweweler,33,3808,train
7_yweweler_34,7_yweweler_34.wav,C:\Users\ASUS\Downloads\DangQuocThanhTai_final\data\raw\fsdd\recordings\7_yweweler_34.wav,7,yweweler,34,3625,train
7_yweweler_35,7_yweweler_35.wav,C:\Users\ASUS\Downloads\DangQuocThanhTai_final\data\raw\fsdd\recordings\7_yweweler_35.wav,7,yweweler,35,4096,train
7_yweweler_36,7_yweweler_36.wav,C:\Users\ASUS\Downloads\DangQuocThanhTai_final\data\raw\fsdd\recordings\7_yweweler_36.wav,7,yweweler,36,3252,train
7_yweweler_37,7_yweweler_37.wav,C:\Users\ASUS\Downloads\DangQuocThanhTai_final\data\raw\fsdd\recordings\7_yweweler_37.wav,7,yweweler,37,2470,train
7_yweweler_38,7_yweweler_38.wav,C:\Users\ASUS\Downloads\DangQuocThanhTai_final\data\raw\fsdd\recordings\7_yweweler_38.wav,7,yweweler,38,3892,train
7_yweweler_39,7_yweweler_39.wav,C:\Users\ASUS\Downloads\DangQuocThanhTai_final\data\raw\fsdd\recordings\7_yweweler_39.wav,7,yweweler,39,3891,train
7_yweweler_40,7_yweweler_40.wav,C:\Users\ASUS\Downloads\DangQuocThanhTai_final\data\raw\fsdd\recordings\7_yweweler_40.wav,7,yweweler,40,4852,train
7_yweweler_41,7_yweweler_41.wav,C:\Users\ASUS\Downloads\DangQuocThanhTai_final\data\raw\fsdd\recordings\7_yweweler_41.wav,7,yweweler,41,4312,train
7_yweweler_42,7_yweweler_42.wav,C:\Users\ASUS\Downloads\DangQuocThanhTai_final\data\raw\fsdd\recordings\7_yweweler_42.wav,7,yweweler,42,3114,train
7_yweweler_43,7_yweweler_43.wav,C:\Users\ASUS\Downloads\DangQuocThanhTai_final\data\raw\fsdd\recordings\7_yweweler_43.wav,7,yweweler,43,3218,train
7_yweweler_44,7_yweweler_44.wav,C:\Users\ASUS\Downloads\DangQuocThanhTai_final\data\raw\fsdd\recordings\7_yweweler_44.wav,7,yweweler,44,3668,train
7_yweweler_45,7_yweweler_45.wav,C:\Users\ASUS\Downloads\DangQuocThanhTai_final\data\raw\fsdd\recordings\7_yweweler_45.wav,7,yweweler,45,3611,train
7_yweweler_46,7_yweweler_46.wav,C:\Users\ASUS\Downloads\DangQuocThanhTai_final\data\raw\fsdd\recordings\7_yweweler_46.wav,7,yweweler,46,3247,train
7_yweweler_47,7_yweweler_47.wav,C:\Users\ASUS\Downloads\DangQuocThanhTai_final\data\raw\fsdd\recordings\7_yweweler_47.wav,7,yweweler,47,2836,train
7_yweweler_48,7_yweweler_48.wav,C:\Users\ASUS\Downloads\DangQuocThanhTai_final\data\raw\fsdd\recordings\7_yweweler_48.wav,7,yweweler,48,2381,train
7_yweweler_49,7_yweweler_49.wav,C:\Users\ASUS\Downloads\DangQuocThanhTai_final\data\raw\fsdd\recordings\7_yweweler_49.wav,7,yweweler,49,2658,train
8_george_0,8_george_0.wav,C:\Users\ASUS\Downloads\DangQuocThanhTai_final\data\raw\fsdd\recordings\8_george_0.wav,8,george,0,4222,test
8_george_1,8_george_1.wav,C:\Users\ASUS\Downloads\DangQuocThanhTai_final\data\raw\fsdd\recordings\8_george_1.wav,8,george,1,4111,test
8_george_2,8_george_2.wav,C:\Users\ASUS\Downloads\DangQuocThanhTai_final\data\raw\fsdd\recordings\8_george_2.wav,8,george,2,4336,test
8_george_3,8_george_3.wav,C:\Users\ASUS\Downloads\DangQuocThanhTai_final\data\raw\fsdd\recordings\8_george_3.wav,8,george,3,4076,test
8_george_4,8_george_4.wav,C:\Users\ASUS\Downloads\DangQuocThanhTai_final\data\raw\fsdd\recordings\8_george_4.wav,8,george,4,4051,test
8_george_5,8_george_5.wav,C:\Users\ASUS\Downloads\DangQuocThanhTai_final\data\raw\fsdd\recordings\8_george_5.wav,8,george,5,3791,val
8_george_6,8_george_6.wav,C:\Users\ASUS\Downloads\DangQuocThanhTai_final\data\raw\fsdd\recordings\8_george_6.wav,8,george,6,3971,val
8_george_7,8_george_7.wav,C:\Users\ASUS\Downloads\DangQuocThanhTai_final\data\raw\fsdd\recordings\8_george_7.wav,8,george,7,3938,val
8_george_8,8_george_8.wav,C:\Users\ASUS\Downloads\DangQuocThanhTai_final\data\raw\fsdd\recordings\8_george_8.wav,8,george,8,4095,val
8_george_9,8_george_9.wav,C:\Users\ASUS\Downloads\DangQuocThanhTai_final\data\raw\fsdd\recordings\8_george_9.wav,8,george,9,3829,val
8_george_10,8_george_10.wav,C:\Users\ASUS\Downloads\DangQuocThanhTai_final\data\raw\fsdd\recordings\8_george_10.wav,8,george,10,3670,train
8_george_11,8_george_11.wav,C:\Users\ASUS\Downloads\DangQuocThanhTai_final\data\raw\fsdd\recordings\8_george_11.wav,8,george,11,3566,train
8_george_12,8_george_12.wav,C:\Users\ASUS\Downloads\DangQuocThanhTai_final\data\raw\fsdd\recordings\8_george_12.wav,8,george,12,3513,train
8_george_13,8_george_13.wav,C:\Users\ASUS\Downloads\DangQuocThanhTai_final\data\raw\fsdd\recordings\8_george_13.wav,8,george,13,4191,train
8_george_14,8_george_14.wav,C:\Users\ASUS\Downloads\DangQuocThanhTai_final\data\raw\fsdd\recordings\8_george_14.wav,8,george,14,4052,train
8_george_15,8_george_15.wav,C:\Users\ASUS\Downloads\DangQuocThanhTai_final\data\raw\fsdd\recordings\8_george_15.wav,8,george,15,3112,train
8_george_16,8_george_16.wav,C:\Users\ASUS\Downloads\DangQuocThanhTai_final\data\raw\fsdd\recordings\8_george_16.wav,8,george,16,3631,train
8_george_17,8_george_17.wav,C:\Users\ASUS\Downloads\DangQuocThanhTai_final\data\raw\fsdd\recordings\8_george_17.wav,8,george,17,4085,train
8_george_18,8_george_18.wav,C:\Users\ASUS\Downloads\DangQuocThanhTai_final\data\raw\fsdd\recordings\8_george_18.wav,8,george,18,3747,train
8_george_19,8_george_19.wav,C:\Users\ASUS\Downloads\DangQuocThanhTai_final\data\raw\fsdd\recordings\8_george_19.wav,8,george,19,3921,train
8_george_20,8_george_20.wav,C:\Users\ASUS\Downloads\DangQuocThanhTai_final\data\raw\fsdd\recordings\8_george_20.wav,8,george,20,3397,train
8_george_21,8_george_21.wav,C:\Users\ASUS\Downloads\DangQuocThanhTai_final\data\raw\fsdd\recordings\8_george_21.wav,8,george,21,2995,train
8_george_22,8_george_22.wav,C:\Users\ASUS\Downloads\DangQuocThanhTai_final\data\raw\fsdd\recordings\8_george_22.wav,8,george,22,4013,train
8_george_23,8_george_23.wav,C:\Users\ASUS\Downloads\DangQuocThanhTai_final\data\raw\fsdd\recordings\8_george_23.wav,8,george,23,4187,train
8_george_24,8_george_24.wav,C:\Users\ASUS\Downloads\DangQuocThanhTai_final\data\raw\fsdd\recordings\8_george_24.wav,8,george,24,3294,train
8_george_25,8_george_25.wav,C:\Users\ASUS\Downloads\DangQuocThanhTai_final\data\raw\fsdd\recordings\8_george_25.wav,8,george,25,3673,train
8_george_26,8_george_26.wav,C:\Users\ASUS\Downloads\DangQuocThanhTai_final\data\raw\fsdd\recordings\8_george_26.wav,8,george,26,3570,train
8_george_27,8_george_27.wav,C:\Users\ASUS\Downloads\DangQuocThanhTai_final\data\raw\fsdd\recordings\8_george_27.wav,8,george,27,4014,train
8_george_28,8_george_28.wav,C:\Users\ASUS\Downloads\DangQuocThanhTai_final\data\raw\fsdd\recordings\8_george_28.wav,8,george,28,4669,train
8_george_29,8_george_29.wav,C:\Users\ASUS\Downloads\DangQuocThanhTai_final\data\raw\fsdd\recordings\8_george_29.wav,8,george,29,2610,train
8_george_30,8_george_30.wav,C:\Users\ASUS\Downloads\DangQuocThanhTai_final\data\raw\fsdd\recordings\8_george_30.wav,8,george,30,2973,train
8_george_31,8_george_31.wav,C:\Users\ASUS\Downloads\DangQuocThanhTai_final\data\raw\fsdd\recordings\8_george_31.wav,8,george,31,2550,train
8_george_32,8_george_32.wav,C:\Users\ASUS\Downloads\DangQuocThanhTai_final\data\raw\fsdd\recordings\8_george_32.wav,8,george,32,3314,train
8_george_33,8_george_33.wav,C:\Users\ASUS\Downloads\DangQuocThanhTai_final\data\raw\fsdd\recordings\8_george_33.wav,8,george,33,3793,train
8_george_34,8_george_34.wav,C:\Users\ASUS\Downloads\DangQuocThanhTai_final\data\raw\fsdd\recordings\8_george_34.wav,8,george,34,3149,train
8_george_35,8_george_35.wav,C:\Users\ASUS\Downloads\DangQuocThanhTai_final\data\raw\fsdd\recordings\8_george_35.wav,8,george,35,2884,train
8_george_36,8_george_36.wav,C:\Users\ASUS\Downloads\DangQuocThanhTai_final\data\raw\fsdd\recordings\8_george_36.wav,8,george,36,3306,train
8_george_37,8_george_37.wav,C:\Users\ASUS\Downloads\DangQuocThanhTai_final\data\raw\fsdd\recordings\8_george_37.wav,8,george,37,3342,train
8_george_38,8_george_38.wav,C:\Users\ASUS\Downloads\DangQuocThanhTai_final\data\raw\fsdd\recordings\8_george_38.wav,8,george,38,2570,train
8_george_39,8_george_39.wav,C:\Users\ASUS\Downloads\DangQuocThanhTai_final\data\raw\fsdd\recordings\8_george_39.wav,8,george,39,2161,train
8_george_40,8_george_40.wav,C:\Users\ASUS\Downloads\DangQuocThanhTai_final\data\raw\fsdd\recordings\8_george_40.wav,8,george,40,3618,train
8_george_41,8_george_41.wav,C:\Users\ASUS\Downloads\DangQuocThanhTai_final\data\raw\fsdd\recordings\8_george_41.wav,8,george,41,2335,train
8_george_42,8_george_42.wav,C:\Users\ASUS\Downloads\DangQuocThanhTai_final\data\raw\fsdd\recordings\8_george_42.wav,8,george,42,3158,train
8_george_43,8_george_43.wav,C:\Users\ASUS\Downloads\DangQuocThanhTai_final\data\raw\fsdd\recordings\8_george_43.wav,8,george,43,3393,train
8_george_44,8_george_44.wav,C:\Users\ASUS\Downloads\DangQuocThanhTai_final\data\raw\fsdd\recordings\8_george_44.wav,8,george,44,3282,train
8_george_45,8_george_45.wav,C:\Users\ASUS\Downloads\DangQuocThanhTai_final\data\raw\fsdd\recordings\8_george_45.wav,8,george,45,3462,train
8_george_46,8_george_46.wav,C:\Users\ASUS\Downloads\DangQuocThanhTai_final\data\raw\fsdd\recordings\8_george_46.wav,8,george,46,3805,train
8_george_47,8_george_47.wav,C:\Users\ASUS\Downloads\DangQuocThanhTai_final\data\raw\fsdd\recordings\8_george_47.wav,8,george,47,3639,train
8_george_48,8_george_48.wav,C:\Users\ASUS\Downloads\DangQuocThanhTai_final\data\raw\fsdd\recordings\8_george_48.wav,8,george,48,3546,train
8_george_49,8_george_49.wav,C:\Users\ASUS\Downloads\DangQuocThanhTai_final\data\raw\fsdd\recordings\8_george_49.wav,8,george,49,3243,train
8_jackson_0,8_jackson_0.wav,C:\Users\ASUS\Downloads\DangQuocThanhTai_final\data\raw\fsdd\recordings\8_jackson_0.wav,8,jackson,0,2776,test
8_jackson_1,8_jackson_1.wav,C:\Users\ASUS\Downloads\DangQuocThanhTai_final\data\raw\fsdd\recordings\8_jackson_1.wav,8,jackson,1,3229,test
8_jackson_2,8_jackson_2.wav,C:\Users\ASUS\Downloads\DangQuocThanhTai_final\data\raw\fsdd\recordings\8_jackson_2.wav,8,jackson,2,3061,test
8_jackson_3,8_jackson_3.wav,C:\Users\ASUS\Downloads\DangQuocThanhTai_final\data\raw\fsdd\recordings\8_jackson_3.wav,8,jackson,3,3117,test
8_jackson_4,8_jackson_4.wav,C:\Users\ASUS\Downloads\DangQuocThanhTai_final\data\raw\fsdd\recordings\8_jackson_4.wav,8,jackson,4,3248,test
8_jackson_5,8_jackson_5.wav,C:\Users\ASUS\Downloads\DangQuocThanhTai_final\data\raw\fsdd\recordings\8_jackson_5.wav,8,jackson,5,3442,val
8_jackson_6,8_jackson_6.wav,C:\Users\ASUS\Downloads\DangQuocThanhTai_final\data\raw\fsdd\recordings\8_jackson_6.wav,8,jackson,6,3379,val
8_jackson_7,8_jackson_7.wav,C:\Users\ASUS\Downloads\DangQuocThanhTai_final\data\raw\fsdd\recordings\8_jackson_7.wav,8,jackson,7,3464,val
8_jackson_8,8_jackson_8.wav,C:\Users\ASUS\Downloads\DangQuocThanhTai_final\data\raw\fsdd\recordings\8_jackson_8.wav,8,jackson,8,2950,val
8_jackson_9,8_jackson_9.wav,C:\Users\ASUS\Downloads\DangQuocThanhTai_final\data\raw\fsdd\recordings\8_jackson_9.wav,8,jackson,9,3043,val
8_jackson_10,8_jackson_10.wav,C:\Users\ASUS\Downloads\DangQuocThanhTai_final\data\raw\fsdd\recordings\8_jackson_10.wav,8,jackson,10,2914,train
8_jackson_11,8_jackson_11.wav,C:\Users\ASUS\Downloads\DangQuocThanhTai_final\data\raw\fsdd\recordings\8_jackson_11.wav,8,jackson,11,3299,train
8_jackson_12,8_jackson_12.wav,C:\Users\ASUS\Downloads\DangQuocThanhTai_final\data\raw\fsdd\recordings\8_jackson_12.wav,8,jackson,12,2846,train
8_jackson_13,8_jackson_13.wav,C:\Users\ASUS\Downloads\DangQuocThanhTai_final\data\raw\fsdd\recordings\8_jackson_13.wav,8,jackson,13,3039,train
8_jackson_14,8_jackson_14.wav,C:\Users\ASUS\Downloads\DangQuocThanhTai_final\data\raw\fsdd\recordings\8_jackson_14.wav,8,jackson,14,2905,train
8_jackson_15,8_jackson_15.wav,C:\Users\ASUS\Downloads\DangQuocThanhTai_final\data\raw\fsdd\recordings\8_jackson_15.wav,8,jackson,15,3148,train
8_jackson_16,8_jackson_16.wav,C:\Users\ASUS\Downloads\DangQuocThanhTai_final\data\raw\fsdd\recordings\8_jackson_16.wav,8,jackson,16,2786,train
8_jackson_17,8_jackson_17.wav,C:\Users\ASUS\Downloads\DangQuocThanhTai_final\data\raw\fsdd\recordings\8_jackson_17.wav,8,jackson,17,3169,train
8_jackson_18,8_jackson_18.wav,C:\Users\ASUS\Downloads\DangQuocThanhTai_final\data\raw\fsdd\recordings\8_jackson_18.wav,8,jackson,18,3204,train
8_jackson_19,8_jackson_19.wav,C:\Users\ASUS\Downloads\DangQuocThanhTai_final\data\raw\fsdd\recordings\8_jackson_19.wav,8,jackson,19,3037,train
8_jackson_20,8_jackson_20.wav,C:\Users\ASUS\Downloads\DangQuocThanhTai_final\data\raw\fsdd\recordings\8_jackson_20.wav,8,jackson,20,3158,train
8_jackson_21,8_jackson_21.wav,C:\Users\ASUS\Downloads\DangQuocThanhTai_final\data\raw\fsdd\recordings\8_jackson_21.wav,8,jackson,21,3100,train
8_jackson_22,8_jackson_22.wav,C:\Users\ASUS\Downloads\DangQuocThanhTai_final\data\raw\fsdd\recordings\8_jackson_22.wav,8,jackson,22,3569,train
8_jackson_23,8_jackson_23.wav,C:\Users\ASUS\Downloads\DangQuocThanhTai_final\data\raw\fsdd\recordings\8_jackson_23.wav,8,jackson,23,3496,train
8_jackson_24,8_jackson_24.wav,C:\Users\ASUS\Downloads\DangQuocThanhTai_final\data\raw\fsdd\recordings\8_jackson_24.wav,8,jackson,24,2986,train
8_jackson_25,8_jackson_25.wav,C:\Users\ASUS\Downloads\DangQuocThanhTai_final\data\raw\fsdd\recordings\8_jackson_25.wav,8,jackson,25,3201,train
8_jackson_26,8_jackson_26.wav,C:\Users\ASUS\Downloads\DangQuocThanhTai_final\data\raw\fsdd\recordings\8_jackson_26.wav,8,jackson,26,3681,train
8_jackson_27,8_jackson_27.wav,C:\Users\ASUS\Downloads\DangQuocThanhTai_final\data\raw\fsdd\recordings\8_jackson_27.wav,8,jackson,27,3249,train
8_jackson_28,8_jackson_28.wav,C:\Users\ASUS\Downloads\DangQuocThanhTai_final\data\raw\fsdd\recordings\8_jackson_28.wav,8,jackson,28,3283,train
8_jackson_29,8_jackson_29.wav,C:\Users\ASUS\Downloads\DangQuocThanhTai_final\data\raw\fsdd\recordings\8_jackson_29.wav,8,jackson,29,3210,train
8_jackson_30,8_jackson_30.wav,C:\Users\ASUS\Downloads\DangQuocThanhTai_final\data\raw\fsdd\recordings\8_jackson_30.wav,8,jackson,30,3519,train
8_jackson_31,8_jackson_31.wav,C:\Users\ASUS\Downloads\DangQuocThanhTai_final\data\raw\fsdd\recordings\8_jackson_31.wav,8,jackson,31,3399,train
8_jackson_32,8_jackson_32.wav,C:\Users\ASUS\Downloads\DangQuocThanhTai_final\data\raw\fsdd\recordings\8_jackson_32.wav,8,jackson,32,3655,train
8_jackson_33,8_jackson_33.wav,C:\Users\ASUS\Downloads\DangQuocThanhTai_final\data\raw\fsdd\recordings\8_jackson_33.wav,8,jackson,33,3581,train
8_jackson_34,8_jackson_34.wav,C:\Users\ASUS\Downloads\DangQuocThanhTai_final\data\raw\fsdd\recordings\8_jackson_34.wav,8,jackson,34,3844,train
8_jackson_35,8_jackson_35.wav,C:\Users\ASUS\Downloads\DangQuocThanhTai_final\data\raw\fsdd\recordings\8_jackson_35.wav,8,jackson,35,3824,train
8_jackson_36,8_jackson_36.wav,C:\Users\ASUS\Downloads\DangQuocThanhTai_final\data\raw\fsdd\recordings\8_jackson_36.wav,8,jackson,36,3339,train
8_jackson_37,8_jackson_37.wav,C:\Users\ASUS\Downloads\DangQuocThanhTai_final\data\raw\fsdd\recordings\8_jackson_37.wav,8,jackson,37,3249,train
8_jackson_38,8_jackson_38.wav,C:\Users\ASUS\Downloads\DangQuocThanhTai_final\data\raw\fsdd\recordings\8_jackson_38.wav,8,jackson,38,3599,train
8_jackson_39,8_jackson_39.wav,C:\Users\ASUS\Downloads\DangQuocThanhTai_final\data\raw\fsdd\recordings\8_jackson_39.wav,8,jackson,39,3759,train
8_jackson_40,8_jackson_40.wav,C:\Users\ASUS\Downloads\DangQuocThanhTai_final\data\raw\fsdd\recordings\8_jackson_40.wav,8,jackson,40,3532,train
8_jackson_41,8_jackson_41.wav,C:\Users\ASUS\Downloads\DangQuocThanhTai_final\data\raw\fsdd\recordings\8_jackson_41.wav,8,jackson,41,4604,train
8_jackson_42,8_jackson_42.wav,C:\Users\ASUS\Downloads\DangQuocThanhTai_final\data\raw\fsdd\recordings\8_jackson_42.wav,8,jackson,42,3379,train
8_jackson_43,8_jackson_43.wav,C:\Users\ASUS\Downloads\DangQuocThanhTai_final\data\raw\fsdd\recordings\8_jackson_43.wav,8,jackson,43,3355,train
8_jackson_44,8_jackson_44.wav,C:\Users\ASUS\Downloads\DangQuocThanhTai_final\data\raw\fsdd\recordings\8_jackson_44.wav,8,jackson,44,3495,train
8_jackson_45,8_jackson_45.wav,C:\Users\ASUS\Downloads\DangQuocThanhTai_final\data\raw\fsdd\recordings\8_jackson_45.wav,8,jackson,45,3506,train
8_jackson_46,8_jackson_46.wav,C:\Users\ASUS\Downloads\DangQuocThanhTai_final\data\raw\fsdd\recordings\8_jackson_46.wav,8,jackson,46,3356,train
8_jackson_47,8_jackson_47.wav,C:\Users\ASUS\Downloads\DangQuocThanhTai_final\data\raw\fsdd\recordings\8_jackson_47.wav,8,jackson,47,3421,train
8_jackson_48,8_jackson_48.wav,C:\Users\ASUS\Downloads\DangQuocThanhTai_final\data\raw\fsdd\recordings\8_jackson_48.wav,8,jackson,48,3391,train
8_jackson_49,8_jackson_49.wav,C:\Users\ASUS\Downloads\DangQuocThanhTai_final\data\raw\fsdd\recordings\8_jackson_49.wav,8,jackson,49,3764,train
8_lucas_0,8_lucas_0.wav,C:\Users\ASUS\Downloads\DangQuocThanhTai_final\data\raw\fsdd\recordings\8_lucas_0.wav,8,lucas,0,9143,test
8_lucas_1,8_lucas_1.wav,C:\Users\ASUS\Downloads\DangQuocThanhTai_final\data\raw\fsdd\recordings\8_lucas_1.wav,8,lucas,1,2713,test
8_lucas_2,8_lucas_2.wav,C:\Users\ASUS\Downloads\DangQuocThanhTai_final\data\raw\fsdd\recordings\8_lucas_2.wav,8,lucas,2,6572,test
8_lucas_3,8_lucas_3.wav,C:\Users\ASUS\Downloads\DangQuocThanhTai_final\data\raw\fsdd\recordings\8_lucas_3.wav,8,lucas,3,5583,test
8_lucas_4,8_lucas_4.wav,C:\Users\ASUS\Downloads\DangQuocThanhTai_final\data\raw\fsdd\recordings\8_lucas_4.wav,8,lucas,4,5431,test
8_lucas_5,8_lucas_5.wav,C:\Users\ASUS\Downloads\DangQuocThanhTai_final\data\raw\fsdd\recordings\8_lucas_5.wav,8,lucas,5,7361,val
8_lucas_6,8_lucas_6.wav,C:\Users\ASUS\Downloads\DangQuocThanhTai_final\data\raw\fsdd\recordings\8_lucas_6.wav,8,lucas,6,3416,val
8_lucas_7,8_lucas_7.wav,C:\Users\ASUS\Downloads\DangQuocThanhTai_final\data\raw\fsdd\recordings\8_lucas_7.wav,8,lucas,7,6203,val
8_lucas_8,8_lucas_8.wav,C:\Users\ASUS\Downloads\DangQuocThanhTai_final\data\raw\fsdd\recordings\8_lucas_8.wav,8,lucas,8,3646,val
8_lucas_9,8_lucas_9.wav,C:\Users\ASUS\Downloads\DangQuocThanhTai_final\data\raw\fsdd\recordings\8_lucas_9.wav,8,lucas,9,4204,val
8_lucas_10,8_lucas_10.wav,C:\Users\ASUS\Downloads\DangQuocThanhTai_final\data\raw\fsdd\recordings\8_lucas_10.wav,8,lucas,10,3222,train
8_lucas_11,8_lucas_11.wav,C:\Users\ASUS\Downloads\DangQuocThanhTai_final\data\raw\fsdd\recordings\8_lucas_11.wav,8,lucas,11,4014,train
8_lucas_12,8_lucas_12.wav,C:\Users\ASUS\Downloads\DangQuocThanhTai_final\data\raw\fsdd\recordings\8_lucas_12.wav,8,lucas,12,3883,train
8_lucas_13,8_lucas_13.wav,C:\Users\ASUS\Downloads\DangQuocThanhTai_final\data\raw\fsdd\recordings\8_lucas_13.wav,8,lucas,13,3961,train
8_lucas_14,8_lucas_14.wav,C:\Users\ASUS\Downloads\DangQuocThanhTai_final\data\raw\fsdd\recordings\8_lucas_14.wav,8,lucas,14,7011,train
8_lucas_15,8_lucas_15.wav,C:\Users\ASUS\Downloads\DangQuocThanhTai_final\data\raw\fsdd\recordings\8_lucas_15.wav,8,lucas,15,2738,train
8_lucas_16,8_lucas_16.wav,C:\Users\ASUS\Downloads\DangQuocThanhTai_final\data\raw\fsdd\recordings\8_lucas_16.wav,8,lucas,16,1965,train
8_lucas_17,8_lucas_17.wav,C:\Users\ASUS\Downloads\DangQuocThanhTai_final\data\raw\fsdd\recordings\8_lucas_17.wav,8,lucas,17,3860,train
8_lucas_18,8_lucas_18.wav,C:\Users\ASUS\Downloads\DangQuocThanhTai_final\data\raw\fsdd\recordings\8_lucas_18.wav,8,lucas,18,4479,train
8_lucas_19,8_lucas_19.wav,C:\Users\ASUS\Downloads\DangQuocThanhTai_final\data\raw\fsdd\recordings\8_lucas_19.wav,8,lucas,19,4241,train
8_lucas_20,8_lucas_20.wav,C:\Users\ASUS\Downloads\DangQuocThanhTai_final\data\raw\fsdd\recordings\8_lucas_20.wav,8,lucas,20,2835,train
8_lucas_21,8_lucas_21.wav,C:\Users\ASUS\Downloads\DangQuocThanhTai_final\data\raw\fsdd\recordings\8_lucas_21.wav,8,lucas,21,5616,train
8_lucas_22,8_lucas_22.wav,C:\Users\ASUS\Downloads\DangQuocThanhTai_final\data\raw\fsdd\recordings\8_lucas_22.wav,8,lucas,22,3346,train
8_lucas_23,8_lucas_23.wav,C:\Users\ASUS\Downloads\DangQuocThanhTai_final\data\raw\fsdd\recordings\8_lucas_23.wav,8,lucas,23,4333,train
8_lucas_24,8_lucas_24.wav,C:\Users\ASUS\Downloads\DangQuocThanhTai_final\data\raw\fsdd\recordings\8_lucas_24.wav,8,lucas,24,3258,train
8_lucas_25,8_lucas_25.wav,C:\Users\ASUS\Downloads\DangQuocThanhTai_final\data\raw\fsdd\recordings\8_lucas_25.wav,8,lucas,25,4460,train
8_lucas_26,8_lucas_26.wav,C:\Users\ASUS\Downloads\DangQuocThanhTai_final\data\raw\fsdd\recordings\8_lucas_26.wav,8,lucas,26,3812,train
8_lucas_27,8_lucas_27.wav,C:\Users\ASUS\Downloads\DangQuocThanhTai_final\data\raw\fsdd\recordings\8_lucas_27.wav,8,lucas,27,4286,train
8_lucas_28,8_lucas_28.wav,C:\Users\ASUS\Downloads\DangQuocThanhTai_final\data\raw\fsdd\recordings\8_lucas_28.wav,8,lucas,28,8023,train
8_lucas_29,8_lucas_29.wav,C:\Users\ASUS\Downloads\DangQuocThanhTai_final\data\raw\fsdd\recordings\8_lucas_29.wav,8,lucas,29,3958,train
8_lucas_30,8_lucas_30.wav,C:\Users\ASUS\Downloads\DangQuocThanhTai_final\data\raw\fsdd\recordings\8_lucas_30.wav,8,lucas,30,4134,train
8_lucas_31,8_lucas_31.wav,C:\Users\ASUS\Downloads\DangQuocThanhTai_final\data\raw\fsdd\recordings\8_lucas_31.wav,8,lucas,31,4228,train
8_lucas_32,8_lucas_32.wav,C:\Users\ASUS\Downloads\DangQuocThanhTai_final\data\raw\fsdd\recordings\8_lucas_32.wav,8,lucas,32,4392,train
8_lucas_33,8_lucas_33.wav,C:\Users\ASUS\Downloads\DangQuocThanhTai_final\data\raw\fsdd\recordings\8_lucas_33.wav,8,lucas,33,5008,train
8_lucas_34,8_lucas_34.wav,C:\Users\ASUS\Downloads\DangQuocThanhTai_final\data\raw\fsdd\recordings\8_lucas_34.wav,8,lucas,34,4282,train
8_lucas_35,8_lucas_35.wav,C:\Users\ASUS\Downloads\DangQuocThanhTai_final\data\raw\fsdd\recordings\8_lucas_35.wav,8,lucas,35,4279,train
8_lucas_36,8_lucas_36.wav,C:\Users\ASUS\Downloads\DangQuocThanhTai_final\data\raw\fsdd\recordings\8_lucas_36.wav,8,lucas,36,4206,train
8_lucas_37,8_lucas_37.wav,C:\Users\ASUS\Downloads\DangQuocThanhTai_final\data\raw\fsdd\recordings\8_lucas_37.wav,8,lucas,37,3906,train
8_lucas_38,8_lucas_38.wav,C:\Users\ASUS\Downloads\DangQuocThanhTai_final\data\raw\fsdd\recordings\8_lucas_38.wav,8,lucas,38,3837,train
8_lucas_39,8_lucas_39.wav,C:\Users\ASUS\Downloads\DangQuocThanhTai_final\data\raw\fsdd\recordings\8_lucas_39.wav,8,lucas,39,4468,train
8_lucas_40,8_lucas_40.wav,C:\Users\ASUS\Downloads\DangQuocThanhTai_final\data\raw\fsdd\recordings\8_lucas_40.wav,8,lucas,40,3975,train
8_lucas_41,8_lucas_41.wav,C:\Users\ASUS\Downloads\DangQuocThanhTai_final\data\raw\fsdd\recordings\8_lucas_41.wav,8,lucas,41,4350,train
8_lucas_42,8_lucas_42.wav,C:\Users\ASUS\Downloads\DangQuocThanhTai_final\data\raw\fsdd\recordings\8_lucas_42.wav,8,lucas,42,3780,train
8_lucas_43,8_lucas_43.wav,C:\Users\ASUS\Downloads\DangQuocThanhTai_final\data\raw\fsdd\recordings\8_lucas_43.wav,8,lucas,43,4695,train
8_lucas_44,8_lucas_44.wav,C:\Users\ASUS\Downloads\DangQuocThanhTai_final\data\raw\fsdd\recordings\8_lucas_44.wav,8,lucas,44,4040,train
8_lucas_45,8_lucas_45.wav,C:\Users\ASUS\Downloads\DangQuocThanhTai_final\data\raw\fsdd\recordings\8_lucas_45.wav,8,lucas,45,3927,train
8_lucas_46,8_lucas_46.wav,C:\Users\ASUS\Downloads\DangQuocThanhTai_final\data\raw\fsdd\recordings\8_lucas_46.wav,8,lucas,46,3735,train
8_lucas_47,8_lucas_47.wav,C:\Users\ASUS\Downloads\DangQuocThanhTai_final\data\raw\fsdd\recordings\8_lucas_47.wav,8,lucas,47,4670,train
8_lucas_48,8_lucas_48.wav,C:\Users\ASUS\Downloads\DangQuocThanhTai_final\data\raw\fsdd\recordings\8_lucas_48.wav,8,lucas,48,3275,train
8_lucas_49,8_lucas_49.wav,C:\Users\ASUS\Downloads\DangQuocThanhTai_final\data\raw\fsdd\recordings\8_lucas_49.wav,8,lucas,49,3222,train
8_nicolas_0,8_nicolas_0.wav,C:\Users\ASUS\Downloads\DangQuocThanhTai_final\data\raw\fsdd\recordings\8_nicolas_0.wav,8,nicolas,0,1858,test
8_nicolas_1,8_nicolas_1.wav,C:\Users\ASUS\Downloads\DangQuocThanhTai_final\data\raw\fsdd\recordings\8_nicolas_1.wav,8,nicolas,1,1805,test
8_nicolas_2,8_nicolas_2.wav,C:\Users\ASUS\Downloads\DangQuocThanhTai_final\data\raw\fsdd\recordings\8_nicolas_2.wav,8,nicolas,2,1936,test
8_nicolas_3,8_nicolas_3.wav,C:\Users\ASUS\Downloads\DangQuocThanhTai_final\data\raw\fsdd\recordings\8_nicolas_3.wav,8,nicolas,3,2015,test
8_nicolas_4,8_nicolas_4.wav,C:\Users\ASUS\Downloads\DangQuocThanhTai_final\data\raw\fsdd\recordings\8_nicolas_4.wav,8,nicolas,4,2067,test
8_nicolas_5,8_nicolas_5.wav,C:\Users\ASUS\Downloads\DangQuocThanhTai_final\data\raw\fsdd\recordings\8_nicolas_5.wav,8,nicolas,5,2407,val
8_nicolas_6,8_nicolas_6.wav,C:\Users\ASUS\Downloads\DangQuocThanhTai_final\data\raw\fsdd\recordings\8_nicolas_6.wav,8,nicolas,6,3244,val
8_nicolas_7,8_nicolas_7.wav,C:\Users\ASUS\Downloads\DangQuocThanhTai_final\data\raw\fsdd\recordings\8_nicolas_7.wav,8,nicolas,7,1805,val
8_nicolas_8,8_nicolas_8.wav,C:\Users\ASUS\Downloads\DangQuocThanhTai_final\data\raw\fsdd\recordings\8_nicolas_8.wav,8,nicolas,8,1858,val
8_nicolas_9,8_nicolas_9.wav,C:\Users\ASUS\Downloads\DangQuocThanhTai_final\data\raw\fsdd\recordings\8_nicolas_9.wav,8,nicolas,9,2146,val
8_nicolas_10,8_nicolas_10.wav,C:\Users\ASUS\Downloads\DangQuocThanhTai_final\data\raw\fsdd\recordings\8_nicolas_10.wav,8,nicolas,10,3050,train
8_nicolas_11,8_nicolas_11.wav,C:\Users\ASUS\Downloads\DangQuocThanhTai_final\data\raw\fsdd\recordings\8_nicolas_11.wav,8,nicolas,11,3984,train
8_nicolas_12,8_nicolas_12.wav,C:\Users\ASUS\Downloads\DangQuocThanhTai_final\data\raw\fsdd\recordings\8_nicolas_12.wav,8,nicolas,12,3591,train
8_nicolas_13,8_nicolas_13.wav,C:\Users\ASUS\Downloads\DangQuocThanhTai_final\data\raw\fsdd\recordings\8_nicolas_13.wav,8,nicolas,13,3124,train
8_nicolas_14,8_nicolas_14.wav,C:\Users\ASUS\Downloads\DangQuocThanhTai_final\data\raw\fsdd\recordings\8_nicolas_14.wav,8,nicolas,14,3197,train
8_nicolas_15,8_nicolas_15.wav,C:\Users\ASUS\Downloads\DangQuocThanhTai_final\data\raw\fsdd\recordings\8_nicolas_15.wav,8,nicolas,15,3689,train
8_nicolas_16,8_nicolas_16.wav,C:\Users\ASUS\Downloads\DangQuocThanhTai_final\data\raw\fsdd\recordings\8_nicolas_16.wav,8,nicolas,16,3739,train
8_nicolas_17,8_nicolas_17.wav,C:\Users\ASUS\Downloads\DangQuocThanhTai_final\data\raw\fsdd\recordings\8_nicolas_17.wav,8,nicolas,17,2828,train
8_nicolas_18,8_nicolas_18.wav,C:\Users\ASUS\Downloads\DangQuocThanhTai_final\data\raw\fsdd\recordings\8_nicolas_18.wav,8,nicolas,18,3197,train
8_nicolas_19,8_nicolas_19.wav,C:\Users\ASUS\Downloads\DangQuocThanhTai_final\data\raw\fsdd\recordings\8_nicolas_19.wav,8,nicolas,19,3320,train
8_nicolas_20,8_nicolas_20.wav,C:\Users\ASUS\Downloads\DangQuocThanhTai_final\data\raw\fsdd\recordings\8_nicolas_20.wav,8,nicolas,20,3361,train
8_nicolas_21,8_nicolas_21.wav,C:\Users\ASUS\Downloads\DangQuocThanhTai_final\data\raw\fsdd\recordings\8_nicolas_21.wav,8,nicolas,21,3361,train
8_nicolas_22,8_nicolas_22.wav,C:\Users\ASUS\Downloads\DangQuocThanhTai_final\data\raw\fsdd\recordings\8_nicolas_22.wav,8,nicolas,22,3136,train
8_nicolas_23,8_nicolas_23.wav,C:\Users\ASUS\Downloads\DangQuocThanhTai_final\data\raw\fsdd\recordings\8_nicolas_23.wav,8,nicolas,23,3236,train
8_nicolas_24,8_nicolas_24.wav,C:\Users\ASUS\Downloads\DangQuocThanhTai_final\data\raw\fsdd\recordings\8_nicolas_24.wav,8,nicolas,24,3485,train
8_nicolas_25,8_nicolas_25.wav,C:\Users\ASUS\Downloads\DangQuocThanhTai_final\data\raw\fsdd\recordings\8_nicolas_25.wav,8,nicolas,25,3137,train
8_nicolas_26,8_nicolas_26.wav,C:\Users\ASUS\Downloads\DangQuocThanhTai_final\data\raw\fsdd\recordings\8_nicolas_26.wav,8,nicolas,26,2639,train
8_nicolas_27,8_nicolas_27.wav,C:\Users\ASUS\Downloads\DangQuocThanhTai_final\data\raw\fsdd\recordings\8_nicolas_27.wav,8,nicolas,27,2912,train
8_nicolas_28,8_nicolas_28.wav,C:\Users\ASUS\Downloads\DangQuocThanhTai_final\data\raw\fsdd\recordings\8_nicolas_28.wav,8,nicolas,28,3062,train
8_nicolas_29,8_nicolas_29.wav,C:\Users\ASUS\Downloads\DangQuocThanhTai_final\data\raw\fsdd\recordings\8_nicolas_29.wav,8,nicolas,29,2863,train
8_nicolas_30,8_nicolas_30.wav,C:\Users\ASUS\Downloads\DangQuocThanhTai_final\data\raw\fsdd\recordings\8_nicolas_30.wav,8,nicolas,30,3025,train
8_nicolas_31,8_nicolas_31.wav,C:\Users\ASUS\Downloads\DangQuocThanhTai_final\data\raw\fsdd\recordings\8_nicolas_31.wav,8,nicolas,31,3143,train
8_nicolas_32,8_nicolas_32.wav,C:\Users\ASUS\Downloads\DangQuocThanhTai_final\data\raw\fsdd\recordings\8_nicolas_32.wav,8,nicolas,32,3380,train
8_nicolas_33,8_nicolas_33.wav,C:\Users\ASUS\Downloads\DangQuocThanhTai_final\data\raw\fsdd\recordings\8_nicolas_33.wav,8,nicolas,33,2936,train
8_nicolas_34,8_nicolas_34.wav,C:\Users\ASUS\Downloads\DangQuocThanhTai_final\data\raw\fsdd\recordings\8_nicolas_34.wav,8,nicolas,34,3262,train
8_nicolas_35,8_nicolas_35.wav,C:\Users\ASUS\Downloads\DangQuocThanhTai_final\data\raw\fsdd\recordings\8_nicolas_35.wav,8,nicolas,35,3025,train
8_nicolas_36,8_nicolas_36.wav,C:\Users\ASUS\Downloads\DangQuocThanhTai_final\data\raw\fsdd\recordings\8_nicolas_36.wav,8,nicolas,36,3499,train
8_nicolas_37,8_nicolas_37.wav,C:\Users\ASUS\Downloads\DangQuocThanhTai_final\data\raw\fsdd\recordings\8_nicolas_37.wav,8,nicolas,37,3262,train
8_nicolas_38,8_nicolas_38.wav,C:\Users\ASUS\Downloads\DangQuocThanhTai_final\data\raw\fsdd\recordings\8_nicolas_38.wav,8,nicolas,38,3380,train
8_nicolas_39,8_nicolas_39.wav,C:\Users\ASUS\Downloads\DangQuocThanhTai_final\data\raw\fsdd\recordings\8_nicolas_39.wav,8,nicolas,39,3262,train
8_nicolas_40,8_nicolas_40.wav,C:\Users\ASUS\Downloads\DangQuocThanhTai_final\data\raw\fsdd\recordings\8_nicolas_40.wav,8,nicolas,40,3053,train
8_nicolas_41,8_nicolas_41.wav,C:\Users\ASUS\Downloads\DangQuocThanhTai_final\data\raw\fsdd\recordings\8_nicolas_41.wav,8,nicolas,41,3020,train
8_nicolas_42,8_nicolas_42.wav,C:\Users\ASUS\Downloads\DangQuocThanhTai_final\data\raw\fsdd\recordings\8_nicolas_42.wav,8,nicolas,42,2790,train
8_nicolas_43,8_nicolas_43.wav,C:\Users\ASUS\Downloads\DangQuocThanhTai_final\data\raw\fsdd\recordings\8_nicolas_43.wav,8,nicolas,43,2823,train
8_nicolas_44,8_nicolas_44.wav,C:\Users\ASUS\Downloads\DangQuocThanhTai_final\data\raw\fsdd\recordings\8_nicolas_44.wav,8,nicolas,44,2987,train
8_nicolas_45,8_nicolas_45.wav,C:\Users\ASUS\Downloads\DangQuocThanhTai_final\data\raw\fsdd\recordings\8_nicolas_45.wav,8,nicolas,45,3119,train
8_nicolas_46,8_nicolas_46.wav,C:\Users\ASUS\Downloads\DangQuocThanhTai_final\data\raw\fsdd\recordings\8_nicolas_46.wav,8,nicolas,46,2987,train
8_nicolas_47,8_nicolas_47.wav,C:\Users\ASUS\Downloads\DangQuocThanhTai_final\data\raw\fsdd\recordings\8_nicolas_47.wav,8,nicolas,47,3184,train
8_nicolas_48,8_nicolas_48.wav,C:\Users\ASUS\Downloads\DangQuocThanhTai_final\data\raw\fsdd\recordings\8_nicolas_48.wav,8,nicolas,48,3151,train
8_nicolas_49,8_nicolas_49.wav,C:\Users\ASUS\Downloads\DangQuocThanhTai_final\data\raw\fsdd\recordings\8_nicolas_49.wav,8,nicolas,49,3217,train
8_theo_0,8_theo_0.wav,C:\Users\ASUS\Downloads\DangQuocThanhTai_final\data\raw\fsdd\recordings\8_theo_0.wav,8,theo,0,2898,test
8_theo_1,8_theo_1.wav,C:\Users\ASUS\Downloads\DangQuocThanhTai_final\data\raw\fsdd\recordings\8_theo_1.wav,8,theo,1,2535,test
8_theo_2,8_theo_2.wav,C:\Users\ASUS\Downloads\DangQuocThanhTai_final\data\raw\fsdd\recordings\8_theo_2.wav,8,theo,2,2892,test
8_theo_3,8_theo_3.wav,C:\Users\ASUS\Downloads\DangQuocThanhTai_final\data\raw\fsdd\recordings\8_theo_3.wav,8,theo,3,2320,test
8_theo_4,8_theo_4.wav,C:\Users\ASUS\Downloads\DangQuocThanhTai_final\data\raw\fsdd\recordings\8_theo_4.wav,8,theo,4,2818,test
8_theo_5,8_theo_5.wav,C:\Users\ASUS\Downloads\DangQuocThanhTai_final\data\raw\fsdd\recordings\8_theo_5.wav,8,theo,5,2507,val
8_theo_6,8_theo_6.wav,C:\Users\ASUS\Downloads\DangQuocThanhTai_final\data\raw\fsdd\recordings\8_theo_6.wav,8,theo,6,3142,val
8_theo_7,8_theo_7.wav,C:\Users\ASUS\Downloads\DangQuocThanhTai_final\data\raw\fsdd\recordings\8_theo_7.wav,8,theo,7,2565,val
8_theo_8,8_theo_8.wav,C:\Users\ASUS\Downloads\DangQuocThanhTai_final\data\raw\fsdd\recordings\8_theo_8.wav,8,theo,8,2520,val
8_theo_9,8_theo_9.wav,C:\Users\ASUS\Downloads\DangQuocThanhTai_final\data\raw\fsdd\recordings\8_theo_9.wav,8,theo,9,2813,val
8_theo_10,8_theo_10.wav,C:\Users\ASUS\Downloads\DangQuocThanhTai_final\data\raw\fsdd\recordings\8_theo_10.wav,8,theo,10,2590,train
8_theo_11,8_theo_11.wav,C:\Users\ASUS\Downloads\DangQuocThanhTai_final\data\raw\fsdd\recordings\8_theo_11.wav,8,theo,11,2975,train
8_theo_12,8_theo_12.wav,C:\Users\ASUS\Downloads\DangQuocThanhTai_final\data\raw\fsdd\recordings\8_theo_12.wav,8,theo,12,2982,train
8_theo_13,8_theo_13.wav,C:\Users\ASUS\Downloads\DangQuocThanhTai_final\data\raw\fsdd\recordings\8_theo_13.wav,8,theo,13,2888,train
8_theo_14,8_theo_14.wav,C:\Users\ASUS\Downloads\DangQuocThanhTai_final\data\raw\fsdd\recordings\8_theo_14.wav,8,theo,14,2606,train
8_theo_15,8_theo_15.wav,C:\Users\ASUS\Downloads\DangQuocThanhTai_final\data\raw\fsdd\recordings\8_theo_15.wav,8,theo,15,3159,train
8_theo_16,8_theo_16.wav,C:\Users\ASUS\Downloads\DangQuocThanhTai_final\data\raw\fsdd\recordings\8_theo_16.wav,8,theo,16,3236,train
8_theo_17,8_theo_17.wav,C:\Users\ASUS\Downloads\DangQuocThanhTai_final\data\raw\fsdd\recordings\8_theo_17.wav,8,theo,17,2757,train
8_theo_18,8_theo_18.wav,C:\Users\ASUS\Downloads\DangQuocThanhTai_final\data\raw\fsdd\recordings\8_theo_18.wav,8,theo,18,3153,train
8_theo_19,8_theo_19.wav,C:\Users\ASUS\Downloads\DangQuocThanhTai_final\data\raw\fsdd\recordings\8_theo_19.wav,8,theo,19,2631,train
8_theo_20,8_theo_20.wav,C:\Users\ASUS\Downloads\DangQuocThanhTai_final\data\raw\fsdd\recordings\8_theo_20.wav,8,theo,20,3123,train
8_theo_21,8_theo_21.wav,C:\Users\ASUS\Downloads\DangQuocThanhTai_final\data\raw\fsdd\recordings\8_theo_21.wav,8,theo,21,4016,train
8_theo_22,8_theo_22.wav,C:\Users\ASUS\Downloads\DangQuocThanhTai_final\data\raw\fsdd\recordings\8_theo_22.wav,8,theo,22,4535,train
8_theo_23,8_theo_23.wav,C:\Users\ASUS\Downloads\DangQuocThanhTai_final\data\raw\fsdd\recordings\8_theo_23.wav,8,theo,23,2546,train
8_theo_24,8_theo_24.wav,C:\Users\ASUS\Downloads\DangQuocThanhTai_final\data\raw\fsdd\recordings\8_theo_24.wav,8,theo,24,2732,train
8_theo_25,8_theo_25.wav,C:\Users\ASUS\Downloads\DangQuocThanhTai_final\data\raw\fsdd\recordings\8_theo_25.wav,8,theo,25,2313,train
8_theo_26,8_theo_26.wav,C:\Users\ASUS\Downloads\DangQuocThanhTai_final\data\raw\fsdd\recordings\8_theo_26.wav,8,theo,26,2779,train
8_theo_27,8_theo_27.wav,C:\Users\ASUS\Downloads\DangQuocThanhTai_final\data\raw\fsdd\recordings\8_theo_27.wav,8,theo,27,5026,train
8_theo_28,8_theo_28.wav,C:\Users\ASUS\Downloads\DangQuocThanhTai_final\data\raw\fsdd\recordings\8_theo_28.wav,8,theo,28,3454,train
8_theo_29,8_theo_29.wav,C:\Users\ASUS\Downloads\DangQuocThanhTai_final\data\raw\fsdd\recordings\8_theo_29.wav,8,theo,29,2347,train
8_theo_30,8_theo_30.wav,C:\Users\ASUS\Downloads\DangQuocThanhTai_final\data\raw\fsdd\recordings\8_theo_30.wav,8,theo,30,3252,train
8_theo_31,8_theo_31.wav,C:\Users\ASUS\Downloads\DangQuocThanhTai_final\data\raw\fsdd\recordings\8_theo_31.wav,8,theo,31,2509,train
8_theo_32,8_theo_32.wav,C:\Users\ASUS\Downloads\DangQuocThanhTai_final\data\raw\fsdd\recordings\8_theo_32.wav,8,theo,32,3513,train
8_theo_33,8_theo_33.wav,C:\Users\ASUS\Downloads\DangQuocThanhTai_final\data\raw\fsdd\recordings\8_theo_33.wav,8,theo,33,4092,train
8_theo_34,8_theo_34.wav,C:\Users\ASUS\Downloads\DangQuocThanhTai_final\data\raw\fsdd\recordings\8_theo_34.wav,8,theo,34,2049,train
8_theo_35,8_theo_35.wav,C:\Users\ASUS\Downloads\DangQuocThanhTai_final\data\raw\fsdd\recordings\8_theo_35.wav,8,theo,35,2671,train
8_theo_36,8_theo_36.wav,C:\Users\ASUS\Downloads\DangQuocThanhTai_final\data\raw\fsdd\recordings\8_theo_36.wav,8,theo,36,2972,train
8_theo_37,8_theo_37.wav,C:\Users\ASUS\Downloads\DangQuocThanhTai_final\data\raw\fsdd\recordings\8_theo_37.wav,8,theo,37,2818,train
8_theo_38,8_theo_38.wav,C:\Users\ASUS\Downloads\DangQuocThanhTai_final\data\raw\fsdd\recordings\8_theo_38.wav,8,theo,38,2311,train
8_theo_39,8_theo_39.wav,C:\Users\ASUS\Downloads\DangQuocThanhTai_final\data\raw\fsdd\recordings\8_theo_39.wav,8,theo,39,4244,train
8_theo_40,8_theo_40.wav,C:\Users\ASUS\Downloads\DangQuocThanhTai_final\data\raw\fsdd\recordings\8_theo_40.wav,8,theo,40,2855,train
8_theo_41,8_theo_41.wav,C:\Users\ASUS\Downloads\DangQuocThanhTai_final\data\raw\fsdd\recordings\8_theo_41.wav,8,theo,41,2872,train
8_theo_42,8_theo_42.wav,C:\Users\ASUS\Downloads\DangQuocThanhTai_final\data\raw\fsdd\recordings\8_theo_42.wav,8,theo,42,2636,train
8_theo_43,8_theo_43.wav,C:\Users\ASUS\Downloads\DangQuocThanhTai_final\data\raw\fsdd\recordings\8_theo_43.wav,8,theo,43,2540,train
8_theo_44,8_theo_44.wav,C:\Users\ASUS\Downloads\DangQuocThanhTai_final\data\raw\fsdd\recordings\8_theo_44.wav,8,theo,44,2279,train
8_theo_45,8_theo_45.wav,C:\Users\ASUS\Downloads\DangQuocThanhTai_final\data\raw\fsdd\recordings\8_theo_45.wav,8,theo,45,2318,train
8_theo_46,8_theo_46.wav,C:\Users\ASUS\Downloads\DangQuocThanhTai_final\data\raw\fsdd\recordings\8_theo_46.wav,8,theo,46,3123,train
8_theo_47,8_theo_47.wav,C:\Users\ASUS\Downloads\DangQuocThanhTai_final\data\raw\fsdd\recordings\8_theo_47.wav,8,theo,47,2683,train
8_theo_48,8_theo_48.wav,C:\Users\ASUS\Downloads\DangQuocThanhTai_final\data\raw\fsdd\recordings\8_theo_48.wav,8,theo,48,5077,train
8_theo_49,8_theo_49.wav,C:\Users\ASUS\Downloads\DangQuocThanhTai_final\data\raw\fsdd\recordings\8_theo_49.wav,8,theo,49,2499,train
8_yweweler_0,8_yweweler_0.wav,C:\Users\ASUS\Downloads\DangQuocThanhTai_final\data\raw\fsdd\recordings\8_yweweler_0.wav,8,yweweler,0,2532,test
8_yweweler_1,8_yweweler_1.wav,C:\Users\ASUS\Downloads\DangQuocThanhTai_final\data\raw\fsdd\recordings\8_yweweler_1.wav,8,yweweler,1,2834,test
8_yweweler_2,8_yweweler_2.wav,C:\Users\ASUS\Downloads\DangQuocThanhTai_final\data\raw\fsdd\recordings\8_yweweler_2.wav,8,yweweler,2,2169,test
8_yweweler_3,8_yweweler_3.wav,C:\Users\ASUS\Downloads\DangQuocThanhTai_final\data\raw\fsdd\recordings\8_yweweler_3.wav,8,yweweler,3,2597,test
8_yweweler_4,8_yweweler_4.wav,C:\Users\ASUS\Downloads\DangQuocThanhTai_final\data\raw\fsdd\recordings\8_yweweler_4.wav,8,yweweler,4,2608,test
8_yweweler_5,8_yweweler_5.wav,C:\Users\ASUS\Downloads\DangQuocThanhTai_final\data\raw\fsdd\recordings\8_yweweler_5.wav,8,yweweler,5,2149,val
8_yweweler_6,8_yweweler_6.wav,C:\Users\ASUS\Downloads\DangQuocThanhTai_final\data\raw\fsdd\recordings\8_yweweler_6.wav,8,yweweler,6,2178,val
8_yweweler_7,8_yweweler_7.wav,C:\Users\ASUS\Downloads\DangQuocThanhTai_final\data\raw\fsdd\recordings\8_yweweler_7.wav,8,yweweler,7,2171,val
8_yweweler_8,8_yweweler_8.wav,C:\Users\ASUS\Downloads\DangQuocThanhTai_final\data\raw\fsdd\recordings\8_yweweler_8.wav,8,yweweler,8,2483,val
8_yweweler_9,8_yweweler_9.wav,C:\Users\ASUS\Downloads\DangQuocThanhTai_final\data\raw\fsdd\recordings\8_yweweler_9.wav,8,yweweler,9,2499,val
8_yweweler_10,8_yweweler_10.wav,C:\Users\ASUS\Downloads\DangQuocThanhTai_final\data\raw\fsdd\recordings\8_yweweler_10.wav,8,yweweler,10,2527,train
8_yweweler_11,8_yweweler_11.wav,C:\Users\ASUS\Downloads\DangQuocThanhTai_final\data\raw\fsdd\recordings\8_yweweler_11.wav,8,yweweler,11,2800,train
8_yweweler_12,8_yweweler_12.wav,C:\Users\ASUS\Downloads\DangQuocThanhTai_final\data\raw\fsdd\recordings\8_yweweler_12.wav,8,yweweler,12,2431,train
8_yweweler_13,8_yweweler_13.wav,C:\Users\ASUS\Downloads\DangQuocThanhTai_final\data\raw\fsdd\recordings\8_yweweler_13.wav,8,yweweler,13,3112,train
8_yweweler_14,8_yweweler_14.wav,C:\Users\ASUS\Downloads\DangQuocThanhTai_final\data\raw\fsdd\recordings\8_yweweler_14.wav,8,yweweler,14,2657,train
8_yweweler_15,8_yweweler_15.wav,C:\Users\ASUS\Downloads\DangQuocThanhTai_final\data\raw\fsdd\recordings\8_yweweler_15.wav,8,yweweler,15,1880,train
8_yweweler_16,8_yweweler_16.wav,C:\Users\ASUS\Downloads\DangQuocThanhTai_final\data\raw\fsdd\recordings\8_yweweler_16.wav,8,yweweler,16,2062,train
8_yweweler_17,8_yweweler_17.wav,C:\Users\ASUS\Downloads\DangQuocThanhTai_final\data\raw\fsdd\recordings\8_yweweler_17.wav,8,yweweler,17,2561,train
8_yweweler_18,8_yweweler_18.wav,C:\Users\ASUS\Downloads\DangQuocThanhTai_final\data\raw\fsdd\recordings\8_yweweler_18.wav,8,yweweler,18,1963,train
8_yweweler_19,8_yweweler_19.wav,C:\Users\ASUS\Downloads\DangQuocThanhTai_final\data\raw\fsdd\recordings\8_yweweler_19.wav,8,yweweler,19,2020,train
8_yweweler_20,8_yweweler_20.wav,C:\Users\ASUS\Downloads\DangQuocThanhTai_final\data\raw\fsdd\recordings\8_yweweler_20.wav,8,yweweler,20,2518,train
8_yweweler_21,8_yweweler_21.wav,C:\Users\ASUS\Downloads\DangQuocThanhTai_final\data\raw\fsdd\recordings\8_yweweler_21.wav,8,yweweler,21,2465,train
8_yweweler_22,8_yweweler_22.wav,C:\Users\ASUS\Downloads\DangQuocThanhTai_final\data\raw\fsdd\recordings\8_yweweler_22.wav,8,yweweler,22,3118,train
8_yweweler_23,8_yweweler_23.wav,C:\Users\ASUS\Downloads\DangQuocThanhTai_final\data\raw\fsdd\recordings\8_yweweler_23.wav,8,yweweler,23,2375,train
8_yweweler_24,8_yweweler_24.wav,C:\Users\ASUS\Downloads\DangQuocThanhTai_final\data\raw\fsdd\recordings\8_yweweler_24.wav,8,yweweler,24,2982,train
8_yweweler_25,8_yweweler_25.wav,C:\Users\ASUS\Downloads\DangQuocThanhTai_final\data\raw\fsdd\recordings\8_yweweler_25.wav,8,yweweler,25,2235,train
8_yweweler_26,8_yweweler_26.wav,C:\Users\ASUS\Downloads\DangQuocThanhTai_final\data\raw\fsdd\recordings\8_yweweler_26.wav,8,yweweler,26,2628,train
8_yweweler_27,8_yweweler_27.wav,C:\Users\ASUS\Downloads\DangQuocThanhTai_final\data\raw\fsdd\recordings\8_yweweler_27.wav,8,yweweler,27,2596,train
8_yweweler_28,8_yweweler_28.wav,C:\Users\ASUS\Downloads\DangQuocThanhTai_final\data\raw\fsdd\recordings\8_yweweler_28.wav,8,yweweler,28,4296,train
8_yweweler_29,8_yweweler_29.wav,C:\Users\ASUS\Downloads\DangQuocThanhTai_final\data\raw\fsdd\recordings\8_yweweler_29.wav,8,yweweler,29,2658,train
8_yweweler_30,8_yweweler_30.wav,C:\Users\ASUS\Downloads\DangQuocThanhTai_final\data\raw\fsdd\recordings\8_yweweler_30.wav,8,yweweler,30,2845,train
8_yweweler_31,8_yweweler_31.wav,C:\Users\ASUS\Downloads\DangQuocThanhTai_final\data\raw\fsdd\recordings\8_yweweler_31.wav,8,yweweler,31,3172,train
8_yweweler_32,8_yweweler_32.wav,C:\Users\ASUS\Downloads\DangQuocThanhTai_final\data\raw\fsdd\recordings\8_yweweler_32.wav,8,yweweler,32,3276,train
8_yweweler_33,8_yweweler_33.wav,C:\Users\ASUS\Downloads\DangQuocThanhTai_final\data\raw\fsdd\recordings\8_yweweler_33.wav,8,yweweler,33,3243,train
8_yweweler_34,8_yweweler_34.wav,C:\Users\ASUS\Downloads\DangQuocThanhTai_final\data\raw\fsdd\recordings\8_yweweler_34.wav,8,yweweler,34,3874,train
8_yweweler_35,8_yweweler_35.wav,C:\Users\ASUS\Downloads\DangQuocThanhTai_final\data\raw\fsdd\recordings\8_yweweler_35.wav,8,yweweler,35,2489,train
8_yweweler_36,8_yweweler_36.wav,C:\Users\ASUS\Downloads\DangQuocThanhTai_final\data\raw\fsdd\recordings\8_yweweler_36.wav,8,yweweler,36,2353,train
8_yweweler_37,8_yweweler_37.wav,C:\Users\ASUS\Downloads\DangQuocThanhTai_final\data\raw\fsdd\recordings\8_yweweler_37.wav,8,yweweler,37,2459,train
8_yweweler_38,8_yweweler_38.wav,C:\Users\ASUS\Downloads\DangQuocThanhTai_final\data\raw\fsdd\recordings\8_yweweler_38.wav,8,yweweler,38,2857,train
8_yweweler_39,8_yweweler_39.wav,C:\Users\ASUS\Downloads\DangQuocThanhTai_final\data\raw\fsdd\recordings\8_yweweler_39.wav,8,yweweler,39,2798,train
8_yweweler_40,8_yweweler_40.wav,C:\Users\ASUS\Downloads\DangQuocThanhTai_final\data\raw\fsdd\recordings\8_yweweler_40.wav,8,yweweler,40,2847,train
8_yweweler_41,8_yweweler_41.wav,C:\Users\ASUS\Downloads\DangQuocThanhTai_final\data\raw\fsdd\recordings\8_yweweler_41.wav,8,yweweler,41,2716,train
8_yweweler_42,8_yweweler_42.wav,C:\Users\ASUS\Downloads\DangQuocThanhTai_final\data\raw\fsdd\recordings\8_yweweler_42.wav,8,yweweler,42,2697,train
8_yweweler_43,8_yweweler_43.wav,C:\Users\ASUS\Downloads\DangQuocThanhTai_final\data\raw\fsdd\recordings\8_yweweler_43.wav,8,yweweler,43,1749,train
8_yweweler_44,8_yweweler_44.wav,C:\Users\ASUS\Downloads\DangQuocThanhTai_final\data\raw\fsdd\recordings\8_yweweler_44.wav,8,yweweler,44,1995,train
8_yweweler_45,8_yweweler_45.wav,C:\Users\ASUS\Downloads\DangQuocThanhTai_final\data\raw\fsdd\recordings\8_yweweler_45.wav,8,yweweler,45,2540,train
8_yweweler_46,8_yweweler_46.wav,C:\Users\ASUS\Downloads\DangQuocThanhTai_final\data\raw\fsdd\recordings\8_yweweler_46.wav,8,yweweler,46,2629,train
8_yweweler_47,8_yweweler_47.wav,C:\Users\ASUS\Downloads\DangQuocThanhTai_final\data\raw\fsdd\recordings\8_yweweler_47.wav,8,yweweler,47,2727,train
8_yweweler_48,8_yweweler_48.wav,C:\Users\ASUS\Downloads\DangQuocThanhTai_final\data\raw\fsdd\recordings\8_yweweler_48.wav,8,yweweler,48,2414,train
8_yweweler_49,8_yweweler_49.wav,C:\Users\ASUS\Downloads\DangQuocThanhTai_final\data\raw\fsdd\recordings\8_yweweler_49.wav,8,yweweler,49,1962,train
9_george_0,9_george_0.wav,C:\Users\ASUS\Downloads\DangQuocThanhTai_final\data\raw\fsdd\recordings\9_george_0.wav,9,george,0,4189,test
9_george_1,9_george_1.wav,C:\Users\ASUS\Downloads\DangQuocThanhTai_final\data\raw\fsdd\recordings\9_george_1.wav,9,george,1,4000,test
9_george_2,9_george_2.wav,C:\Users\ASUS\Downloads\DangQuocThanhTai_final\data\raw\fsdd\recordings\9_george_2.wav,9,george,2,3983,test
9_george_3,9_george_3.wav,C:\Users\ASUS\Downloads\DangQuocThanhTai_final\data\raw\fsdd\recordings\9_george_3.wav,9,george,3,2683,test
9_george_4,9_george_4.wav,C:\Users\ASUS\Downloads\DangQuocThanhTai_final\data\raw\fsdd\recordings\9_george_4.wav,9,george,4,3952,test
9_george_5,9_george_5.wav,C:\Users\ASUS\Downloads\DangQuocThanhTai_final\data\raw\fsdd\recordings\9_george_5.wav,9,george,5,4285,val
9_george_6,9_george_6.wav,C:\Users\ASUS\Downloads\DangQuocThanhTai_final\data\raw\fsdd\recordings\9_george_6.wav,9,george,6,4587,val
9_george_7,9_george_7.wav,C:\Users\ASUS\Downloads\DangQuocThanhTai_final\data\raw\fsdd\recordings\9_george_7.wav,9,george,7,5043,val
9_george_8,9_george_8.wav,C:\Users\ASUS\Downloads\DangQuocThanhTai_final\data\raw\fsdd\recordings\9_george_8.wav,9,george,8,4308,val
9_george_9,9_george_9.wav,C:\Users\ASUS\Downloads\DangQuocThanhTai_final\data\raw\fsdd\recordings\9_george_9.wav,9,george,9,4125,val
9_george_10,9_george_10.wav,C:\Users\ASUS\Downloads\DangQuocThanhTai_final\data\raw\fsdd\recordings\9_george_10.wav,9,george,10,3856,train
9_george_11,9_george_11.wav,C:\Users\ASUS\Downloads\DangQuocThanhTai_final\data\raw\fsdd\recordings\9_george_11.wav,9,george,11,3659,train
9_george_12,9_george_12.wav,C:\Users\ASUS\Downloads\DangQuocThanhTai_final\data\raw\fsdd\recordings\9_george_12.wav,9,george,12,3881,train
9_george_13,9_george_13.wav,C:\Users\ASUS\Downloads\DangQuocThanhTai_final\data\raw\fsdd\recordings\9_george_13.wav,9,george,13,3440,train
9_george_14,9_george_14.wav,C:\Users\ASUS\Downloads\DangQuocThanhTai_final\data\raw\fsdd\recordings\9_george_14.wav,9,george,14,3875,train
9_george_15,9_george_15.wav,C:\Users\ASUS\Downloads\DangQuocThanhTai_final\data\raw\fsdd\recordings\9_george_15.wav,9,george,15,4346,train
9_george_16,9_george_16.wav,C:\Users\ASUS\Downloads\DangQuocThanhTai_final\data\raw\fsdd\recordings\9_george_16.wav,9,george,16,4299,train
9_george_17,9_george_17.wav,C:\Users\ASUS\Downloads\DangQuocThanhTai_final\data\raw\fsdd\recordings\9_george_17.wav,9,george,17,4778,train
9_george_18,9_george_18.wav,C:\Users\ASUS\Downloads\DangQuocThanhTai_final\data\raw\fsdd\recordings\9_george_18.wav,9,george,18,3951,train
9_george_19,9_george_19.wav,C:\Users\ASUS\Downloads\DangQuocThanhTai_final\data\raw\fsdd\recordings\9_george_19.wav,9,george,19,4898,train
9_george_20,9_george_20.wav,C:\Users\ASUS\Downloads\DangQuocThanhTai_final\data\raw\fsdd\recordings\9_george_20.wav,9,george,20,3207,train
9_george_21,9_george_21.wav,C:\Users\ASUS\Downloads\DangQuocThanhTai_final\data\raw\fsdd\recordings\9_george_21.wav,9,george,21,4038,train
9_george_22,9_george_22.wav,C:\Users\ASUS\Downloads\DangQuocThanhTai_final\data\raw\fsdd\recordings\9_george_22.wav,9,george,22,4896,train
9_george_23,9_george_23.wav,C:\Users\ASUS\Downloads\DangQuocThanhTai_final\data\raw\fsdd\recordings\9_george_23.wav,9,george,23,4782,train
9_george_24,9_george_24.wav,C:\Users\ASUS\Downloads\DangQuocThanhTai_final\data\raw\fsdd\recordings\9_george_24.wav,9,george,24,3231,train
9_george_25,9_george_25.wav,C:\Users\ASUS\Downloads\DangQuocThanhTai_final\data\raw\fsdd\recordings\9_george_25.wav,9,george,25,3785,train
9_george_26,9_george_26.wav,C:\Users\ASUS\Downloads\DangQuocThanhTai_final\data\raw\fsdd\recordings\9_george_26.wav,9,george,26,3524,train
9_george_27,9_george_27.wav,C:\Users\ASUS\Downloads\DangQuocThanhTai_final\data\raw\fsdd\recordings\9_george_27.wav,9,george,27,3690,train
9_george_28,9_george_28.wav,C:\Users\ASUS\Downloads\DangQuocThanhTai_final\data\raw\fsdd\recordings\9_george_28.wav,9,george,28,3934,train
9_george_29,9_george_29.wav,C:\Users\ASUS\Downloads\DangQuocThanhTai_final\data\raw\fsdd\recordings\9_george_29.wav,9,george,29,3673,train
9_george_30,9_george_30.wav,C:\Users\ASUS\Downloads\DangQuocThanhTai_final\data\raw\fsdd\recordings\9_george_30.wav,9,george,30,2759,train
9_george_31,9_george_31.wav,C:\Users\ASUS\Downloads\DangQuocThanhTai_final\data\raw\fsdd\recordings\9_george_31.wav,9,george,31,2248,train
9_george_32,9_george_32.wav,C:\Users\ASUS\Downloads\DangQuocThanhTai_final\data\raw\fsdd\recordings\9_george_32.wav,9,george,32,3914,train
9_george_33,9_george_33.wav,C:\Users\ASUS\Downloads\DangQuocThanhTai_final\data\raw\fsdd\recordings\9_george_33.wav,9,george,33,2929,train
9_george_34,9_george_34.wav,C:\Users\ASUS\Downloads\DangQuocThanhTai_final\data\raw\fsdd\recordings\9_george_34.wav,9,george,34,3032,train
9_george_35,9_george_35.wav,C:\Users\ASUS\Downloads\DangQuocThanhTai_final\data\raw\fsdd\recordings\9_george_35.wav,9,george,35,2863,train
9_george_36,9_george_36.wav,C:\Users\ASUS\Downloads\DangQuocThanhTai_final\data\raw\fsdd\recordings\9_george_36.wav,9,george,36,3262,train
9_george_37,9_george_37.wav,C:\Users\ASUS\Downloads\DangQuocThanhTai_final\data\raw\fsdd\recordings\9_george_37.wav,9,george,37,3900,train
9_george_38,9_george_38.wav,C:\Users\ASUS\Downloads\DangQuocThanhTai_final\data\raw\fsdd\recordings\9_george_38.wav,9,george,38,3310,train
9_george_39,9_george_39.wav,C:\Users\ASUS\Downloads\DangQuocThanhTai_final\data\raw\fsdd\recordings\9_george_39.wav,9,george,39,3790,train
9_george_40,9_george_40.wav,C:\Users\ASUS\Downloads\DangQuocThanhTai_final\data\raw\fsdd\recordings\9_george_40.wav,9,george,40,2788,train
9_george_41,9_george_41.wav,C:\Users\ASUS\Downloads\DangQuocThanhTai_final\data\raw\fsdd\recordings\9_george_41.wav,9,george,41,3930,train
9_george_42,9_george_42.wav,C:\Users\ASUS\Downloads\DangQuocThanhTai_final\data\raw\fsdd\recordings\9_george_42.wav,9,george,42,2846,train
9_george_43,9_george_43.wav,C:\Users\ASUS\Downloads\DangQuocThanhTai_final\data\raw\fsdd\recordings\9_george_43.wav,9,george,43,3278,train
9_george_44,9_george_44.wav,C:\Users\ASUS\Downloads\DangQuocThanhTai_final\data\raw\fsdd\recordings\9_george_44.wav,9,george,44,3418,train
9_george_45,9_george_45.wav,C:\Users\ASUS\Downloads\DangQuocThanhTai_final\data\raw\fsdd\recordings\9_george_45.wav,9,george,45,3972,train
9_george_46,9_george_46.wav,C:\Users\ASUS\Downloads\DangQuocThanhTai_final\data\raw\fsdd\recordings\9_george_46.wav,9,george,46,3450,train
9_george_47,9_george_47.wav,C:\Users\ASUS\Downloads\DangQuocThanhTai_final\data\raw\fsdd\recordings\9_george_47.wav,9,george,47,3806,train
9_george_48,9_george_48.wav,C:\Users\ASUS\Downloads\DangQuocThanhTai_final\data\raw\fsdd\recordings\9_george_48.wav,9,george,48,3442,train
9_george_49,9_george_49.wav,C:\Users\ASUS\Downloads\DangQuocThanhTai_final\data\raw\fsdd\recordings\9_george_49.wav,9,george,49,3588,train
9_jackson_0,9_jackson_0.wav,C:\Users\ASUS\Downloads\DangQuocThanhTai_final\data\raw\fsdd\recordings\9_jackson_0.wav,9,jackson,0,4827,test
9_jackson_1,9_jackson_1.wav,C:\Users\ASUS\Downloads\DangQuocThanhTai_final\data\raw\fsdd\recordings\9_jackson_1.wav,9,jackson,1,4523,test
9_jackson_2,9_jackson_2.wav,C:\Users\ASUS\Downloads\DangQuocThanhTai_final\data\raw\fsdd\recordings\9_jackson_2.wav,9,jackson,2,4632,test
9_jackson_3,9_jackson_3.wav,C:\Users\ASUS\Downloads\DangQuocThanhTai_final\data\raw\fsdd\recordings\9_jackson_3.wav,9,jackson,3,4300,test
9_jackson_4,9_jackson_4.wav,C:\Users\ASUS\Downloads\DangQuocThanhTai_final\data\raw\fsdd\recordings\9_jackson_4.wav,9,jackson,4,4653,test
9_jackson_5,9_jackson_5.wav,C:\Users\ASUS\Downloads\DangQuocThanhTai_final\data\raw\fsdd\recordings\9_jackson_5.wav,9,jackson,5,4605,val
9_jackson_6,9_jackson_6.wav,C:\Users\ASUS\Downloads\DangQuocThanhTai_final\data\raw\fsdd\recordings\9_jackson_6.wav,9,jackson,6,4445,val
9_jackson_7,9_jackson_7.wav,C:\Users\ASUS\Downloads\DangQuocThanhTai_final\data\raw\fsdd\recordings\9_jackson_7.wav,9,jackson,7,4307,val
9_jackson_8,9_jackson_8.wav,C:\Users\ASUS\Downloads\DangQuocThanhTai_final\data\raw\fsdd\recordings\9_jackson_8.wav,9,jackson,8,5090,val
9_jackson_9,9_jackson_9.wav,C:\Users\ASUS\Downloads\DangQuocThanhTai_final\data\raw\fsdd\recordings\9_jackson_9.wav,9,jackson,9,4313,val
9_jackson_10,9_jackson_10.wav,C:\Users\ASUS\Downloads\DangQuocThanhTai_final\data\raw\fsdd\recordings\9_jackson_10.wav,9,jackson,10,4108,train
9_jackson_11,9_jackson_11.wav,C:\Users\ASUS\Downloads\DangQuocThanhTai_final\data\raw\fsdd\recordings\9_jackson_11.wav,9,jackson,11,4960,train
9_jackson_12,9_jackson_12.wav,C:\Users\ASUS\Downloads\DangQuocThanhTai_final\data\raw\fsdd\recordings\9_jackson_12.wav,9,jackson,12,4622,train
9_jackson_13,9_jackson_13.wav,C:\Users\ASUS\Downloads\DangQuocThanhTai_final\data\raw\fsdd\recordings\9_jackson_13.wav,9,jackson,13,4751,train
9_jackson_14,9_jackson_14.wav,C:\Users\ASUS\Downloads\DangQuocThanhTai_final\data\raw\fsdd\recordings\9_jackson_14.wav,9,jackson,14,4972,train
9_jackson_15,9_jackson_15.wav,C:\Users\ASUS\Downloads\DangQuocThanhTai_final\data\raw\fsdd\recordings\9_jackson_15.wav,9,jackson,15,4716,train
9_jackson_16,9_jackson_16.wav,C:\Users\ASUS\Downloads\DangQuocThanhTai_final\data\raw\fsdd\recordings\9_jackson_16.wav,9,jackson,16,3752,train
9_jackson_17,9_jackson_17.wav,C:\Users\ASUS\Downloads\DangQuocThanhTai_final\data\raw\fsdd\recordings\9_jackson_17.wav,9,jackson,17,3827,train
9_jackson_18,9_jackson_18.wav,C:\Users\ASUS\Downloads\DangQuocThanhTai_final\data\raw\fsdd\recordings\9_jackson_18.wav,9,jackson,18,4282,train
9_jackson_19,9_jackson_19.wav,C:\Users\ASUS\Downloads\DangQuocThanhTai_final\data\raw\fsdd\recordings\9_jackson_19.wav,9,jackson,19,4343,train
9_jackson_20,9_jackson_20.wav,C:\Users\ASUS\Downloads\DangQuocThanhTai_final\data\raw\fsdd\recordings\9_jackson_20.wav,9,jackson,20,4746,train
9_jackson_21,9_jackson_21.wav,C:\Users\ASUS\Downloads\DangQuocThanhTai_final\data\raw\fsdd\recordings\9_jackson_21.wav,9,jackson,21,4294,train
9_jackson_22,9_jackson_22.wav,C:\Users\ASUS\Downloads\DangQuocThanhTai_final\data\raw\fsdd\recordings\9_jackson_22.wav,9,jackson,22,4142,train
9_jackson_23,9_jackson_23.wav,C:\Users\ASUS\Downloads\DangQuocThanhTai_final\data\raw\fsdd\recordings\9_jackson_23.wav,9,jackson,23,4923,train
9_jackson_24,9_jackson_24.wav,C:\Users\ASUS\Downloads\DangQuocThanhTai_final\data\raw\fsdd\recordings\9_jackson_24.wav,9,jackson,24,4330,train
9_jackson_25,9_jackson_25.wav,C:\Users\ASUS\Downloads\DangQuocThanhTai_final\data\raw\fsdd\recordings\9_jackson_25.wav,9,jackson,25,3942,train
9_jackson_26,9_jackson_26.wav,C:\Users\ASUS\Downloads\DangQuocThanhTai_final\data\raw\fsdd\recordings\9_jackson_26.wav,9,jackson,26,4984,train
9_jackson_27,9_jackson_27.wav,C:\Users\ASUS\Downloads\DangQuocThanhTai_final\data\raw\fsdd\recordings\9_jackson_27.wav,9,jackson,27,4865,train
9_jackson_28,9_jackson_28.wav,C:\Users\ASUS\Downloads\DangQuocThanhTai_final\data\raw\fsdd\recordings\9_jackson_28.wav,9,jackson,28,4881,train
9_jackson_29,9_jackson_29.wav,C:\Users\ASUS\Downloads\DangQuocThanhTai_final\data\raw\fsdd\recordings\9_jackson_29.wav,9,jackson,29,4135,train
9_jackson_30,9_jackson_30.wav,C:\Users\ASUS\Downloads\DangQuocThanhTai_final\data\raw\fsdd\recordings\9_jackson_30.wav,9,jackson,30,5093,train
9_jackson_31,9_jackson_31.wav,C:\Users\ASUS\Downloads\DangQuocThanhTai_final\data\raw\fsdd\recordings\9_jackson_31.wav,9,jackson,31,5198,train
9_jackson_32,9_jackson_32.wav,C:\Users\ASUS\Downloads\DangQuocThanhTai_final\data\raw\fsdd\recordings\9_jackson_32.wav,9,jackson,32,5084,train
9_jackson_33,9_jackson_33.wav,C:\Users\ASUS\Downloads\DangQuocThanhTai_final\data\raw\fsdd\recordings\9_jackson_33.wav,9,jackson,33,5405,train
9_jackson_34,9_jackson_34.wav,C:\Users\ASUS\Downloads\DangQuocThanhTai_final\data\raw\fsdd\recordings\9_jackson_34.wav,9,jackson,34,5450,train
9_jackson_35,9_jackson_35.wav,C:\Users\ASUS\Downloads\DangQuocThanhTai_final\data\raw\fsdd\recordings\9_jackson_35.wav,9,jackson,35,5269,train
9_jackson_36,9_jackson_36.wav,C:\Users\ASUS\Downloads\DangQuocThanhTai_final\data\raw\fsdd\recordings\9_jackson_36.wav,9,jackson,36,5267,train
9_jackson_37,9_jackson_37.wav,C:\Users\ASUS\Downloads\DangQuocThanhTai_final\data\raw\fsdd\recordings\9_jackson_37.wav,9,jackson,37,4992,train
9_jackson_38,9_jackson_38.wav,C:\Users\ASUS\Downloads\DangQuocThanhTai_final\data\raw\fsdd\recordings\9_jackson_38.wav,9,jackson,38,5201,train
9_jackson_39,9_jackson_39.wav,C:\Users\ASUS\Downloads\DangQuocThanhTai_final\data\raw\fsdd\recordings\9_jackson_39.wav,9,jackson,39,4830,train
9_jackson_40,9_jackson_40.wav,C:\Users\ASUS\Downloads\DangQuocThanhTai_final\data\raw\fsdd\recordings\9_jackson_40.wav,9,jackson,40,4962,train
9_jackson_41,9_jackson_41.wav,C:\Users\ASUS\Downloads\DangQuocThanhTai_final\data\raw\fsdd\recordings\9_jackson_41.wav,9,jackson,41,4443,train
9_jackson_42,9_jackson_42.wav,C:\Users\ASUS\Downloads\DangQuocThanhTai_final\data\raw\fsdd\recordings\9_jackson_42.wav,9,jackson,42,4649,train
9_jackson_43,9_jackson_43.wav,C:\Users\ASUS\Downloads\DangQuocThanhTai_final\data\raw\fsdd\recordings\9_jackson_43.wav,9,jackson,43,4962,train
9_jackson_44,9_jackson_44.wav,C:\Users\ASUS\Downloads\DangQuocThanhTai_final\data\raw\fsdd\recordings\9_jackson_44.wav,9,jackson,44,4835,train
9_jackson_45,9_jackson_45.wav,C:\Users\ASUS\Downloads\DangQuocThanhTai_final\data\raw\fsdd\recordings\9_jackson_45.wav,9,jackson,45,4328,train
9_jackson_46,9_jackson_46.wav,C:\Users\ASUS\Downloads\DangQuocThanhTai_final\data\raw\fsdd\recordings\9_jackson_46.wav,9,jackson,46,5177,train
9_jackson_47,9_jackson_47.wav,C:\Users\ASUS\Downloads\DangQuocThanhTai_final\data\raw\fsdd\recordings\9_jackson_47.wav,9,jackson,47,4896,train
9_jackson_48,9_jackson_48.wav,C:\Users\ASUS\Downloads\DangQuocThanhTai_final\data\raw\fsdd\recordings\9_jackson_48.wav,9,jackson,48,4872,train
9_jackson_49,9_jackson_49.wav,C:\Users\ASUS\Downloads\DangQuocThanhTai_final\data\raw\fsdd\recordings\9_jackson_49.wav,9,jackson,49,5158,train
9_lucas_0,9_lucas_0.wav,C:\Users\ASUS\Downloads\DangQuocThanhTai_final\data\raw\fsdd\recordings\9_lucas_0.wav,9,lucas,0,4087,test
9_lucas_1,9_lucas_1.wav,C:\Users\ASUS\Downloads\DangQuocThanhTai_final\data\raw\fsdd\recordings\9_lucas_1.wav,9,lucas,1,4484,test
9_lucas_2,9_lucas_2.wav,C:\Users\ASUS\Downloads\DangQuocThanhTai_final\data\raw\fsdd\recordings\9_lucas_2.wav,9,lucas,2,3828,test
9_lucas_3,9_lucas_3.wav,C:\Users\ASUS\Downloads\DangQuocThanhTai_final\data\raw\fsdd\recordings\9_lucas_3.wav,9,lucas,3,3626,test
9_lucas_4,9_lucas_4.wav,C:\Users\ASUS\Downloads\DangQuocThanhTai_final\data\raw\fsdd\recordings\9_lucas_4.wav,9,lucas,4,3813,test
9_lucas_5,9_lucas_5.wav,C:\Users\ASUS\Downloads\DangQuocThanhTai_final\data\raw\fsdd\recordings\9_lucas_5.wav,9,lucas,5,4340,val
9_lucas_6,9_lucas_6.wav,C:\Users\ASUS\Downloads\DangQuocThanhTai_final\data\raw\fsdd\recordings\9_lucas_6.wav,9,lucas,6,3877,val
9_lucas_7,9_lucas_7.wav,C:\Users\ASUS\Downloads\DangQuocThanhTai_final\data\raw\fsdd\recordings\9_lucas_7.wav,9,lucas,7,4561,val
9_lucas_8,9_lucas_8.wav,C:\Users\ASUS\Downloads\DangQuocThanhTai_final\data\raw\fsdd\recordings\9_lucas_8.wav,9,lucas,8,4012,val
9_lucas_9,9_lucas_9.wav,C:\Users\ASUS\Downloads\DangQuocThanhTai_final\data\raw\fsdd\recordings\9_lucas_9.wav,9,lucas,9,5119,val
9_lucas_10,9_lucas_10.wav,C:\Users\ASUS\Downloads\DangQuocThanhTai_final\data\raw\fsdd\recordings\9_lucas_10.wav,9,lucas,10,3962,train
9_lucas_11,9_lucas_11.wav,C:\Users\ASUS\Downloads\DangQuocThanhTai_final\data\raw\fsdd\recordings\9_lucas_11.wav,9,lucas,11,3580,train
9_lucas_12,9_lucas_12.wav,C:\Users\ASUS\Downloads\DangQuocThanhTai_final\data\raw\fsdd\recordings\9_lucas_12.wav,9,lucas,12,8943,train
9_lucas_13,9_lucas_13.wav,C:\Users\ASUS\Downloads\DangQuocThanhTai_final\data\raw\fsdd\recordings\9_lucas_13.wav,9,lucas,13,6995,train
9_lucas_14,9_lucas_14.wav,C:\Users\ASUS\Downloads\DangQuocThanhTai_final\data\raw\fsdd\recordings\9_lucas_14.wav,9,lucas,14,3559,train
9_lucas_15,9_lucas_15.wav,C:\Users\ASUS\Downloads\DangQuocThanhTai_final\data\raw\fsdd\recordings\9_lucas_15.wav,9,lucas,15,4120,train
9_lucas_16,9_lucas_16.wav,C:\Users\ASUS\Downloads\DangQuocThanhTai_final\data\raw\fsdd\recordings\9_lucas_16.wav,9,lucas,16,3423,train
9_lucas_17,9_lucas_17.wav,C:\Users\ASUS\Downloads\DangQuocThanhTai_final\data\raw\fsdd\recordings\9_lucas_17.wav,9,lucas,17,3560,train
9_lucas_18,9_lucas_18.wav,C:\Users\ASUS\Downloads\DangQuocThanhTai_final\data\raw\fsdd\recordings\9_lucas_18.wav,9,lucas,18,5379,train
9_lucas_19,9_lucas_19.wav,C:\Users\ASUS\Downloads\DangQuocThanhTai_final\data\raw\fsdd\recordings\9_lucas_19.wav,9,lucas,19,2733,train
9_lucas_20,9_lucas_20.wav,C:\Users\ASUS\Downloads\DangQuocThanhTai_final\data\raw\fsdd\recordings\9_lucas_20.wav,9,lucas,20,3830,train
9_lucas_21,9_lucas_21.wav,C:\Users\ASUS\Downloads\DangQuocThanhTai_final\data\raw\fsdd\recordings\9_lucas_21.wav,9,lucas,21,4539,train
9_lucas_22,9_lucas_22.wav,C:\Users\ASUS\Downloads\DangQuocThanhTai_final\data\raw\fsdd\recordings\9_lucas_22.wav,9,lucas,22,3612,train
9_lucas_23,9_lucas_23.wav,C:\Users\ASUS\Downloads\DangQuocThanhTai_final\data\raw\fsdd\recordings\9_lucas_23.wav,9,lucas,23,4221,train
9_lucas_24,9_lucas_24.wav,C:\Users\ASUS\Downloads\DangQuocThanhTai_final\data\raw\fsdd\recordings\9_lucas_24.wav,9,lucas,24,6733,train
9_lucas_25,9_lucas_25.wav,C:\Users\ASUS\Downloads\DangQuocThanhTai_final\data\raw\fsdd\recordings\9_lucas_25.wav,9,lucas,25,6548,train
9_lucas_26,9_lucas_26.wav,C:\Users\ASUS\Downloads\DangQuocThanhTai_final\data\raw\fsdd\recordings\9_lucas_26.wav,9,lucas,26,2970,train
9_lucas_27,9_lucas_27.wav,C:\Users\ASUS\Downloads\DangQuocThanhTai_final\data\raw\fsdd\recordings\9_lucas_27.wav,9,lucas,27,2784,train
9_lucas_28,9_lucas_28.wav,C:\Users\ASUS\Downloads\DangQuocThanhTai_final\data\raw\fsdd\recordings\9_lucas_28.wav,9,lucas,28,3918,train
9_lucas_29,9_lucas_29.wav,C:\Users\ASUS\Downloads\DangQuocThanhTai_final\data\raw\fsdd\recordings\9_lucas_29.wav,9,lucas,29,5045,train
9_lucas_30,9_lucas_30.wav,C:\Users\ASUS\Downloads\DangQuocThanhTai_final\data\raw\fsdd\recordings\9_lucas_30.wav,9,lucas,30,4362,train
9_lucas_31,9_lucas_31.wav,C:\Users\ASUS\Downloads\DangQuocThanhTai_final\data\raw\fsdd\recordings\9_lucas_31.wav,9,lucas,31,4585,train
9_lucas_32,9_lucas_32.wav,C:\Users\ASUS\Downloads\DangQuocThanhTai_final\data\raw\fsdd\recordings\9_lucas_32.wav,9,lucas,32,4934,train
9_lucas_33,9_lucas_33.wav,C:\Users\ASUS\Downloads\DangQuocThanhTai_final\data\raw\fsdd\recordings\9_lucas_33.wav,9,lucas,33,5040,train
9_lucas_34,9_lucas_34.wav,C:\Users\ASUS\Downloads\DangQuocThanhTai_final\data\raw\fsdd\recordings\9_lucas_34.wav,9,lucas,34,4160,train
9_lucas_35,9_lucas_35.wav,C:\Users\ASUS\Downloads\DangQuocThanhTai_final\data\raw\fsdd\recordings\9_lucas_35.wav,9,lucas,35,4359,train
9_lucas_36,9_lucas_36.wav,C:\Users\ASUS\Downloads\DangQuocThanhTai_final\data\raw\fsdd\recordings\9_lucas_36.wav,9,lucas,36,4408,train
9_lucas_37,9_lucas_37.wav,C:\Users\ASUS\Downloads\DangQuocThanhTai_final\data\raw\fsdd\recordings\9_lucas_37.wav,9,lucas,37,4923,train
9_lucas_38,9_lucas_38.wav,C:\Users\ASUS\Downloads\DangQuocThanhTai_final\data\raw\fsdd\recordings\9_lucas_38.wav,9,lucas,38,5153,train
9_lucas_39,9_lucas_39.wav,C:\Users\ASUS\Downloads\DangQuocThanhTai_final\data\raw\fsdd\recordings\9_lucas_39.wav,9,lucas,39,4657,train
9_lucas_40,9_lucas_40.wav,C:\Users\ASUS\Downloads\DangQuocThanhTai_final\data\raw\fsdd\recordings\9_lucas_40.wav,9,lucas,40,4202,train
9_lucas_41,9_lucas_41.wav,C:\Users\ASUS\Downloads\DangQuocThanhTai_final\data\raw\fsdd\recordings\9_lucas_41.wav,9,lucas,41,4502,train
9_lucas_42,9_lucas_42.wav,C:\Users\ASUS\Downloads\DangQuocThanhTai_final\data\raw\fsdd\recordings\9_lucas_42.wav,9,lucas,42,4074,train
9_lucas_43,9_lucas_43.wav,C:\Users\ASUS\Downloads\DangQuocThanhTai_final\data\raw\fsdd\recordings\9_lucas_43.wav,9,lucas,43,4941,train
9_lucas_44,9_lucas_44.wav,C:\Users\ASUS\Downloads\DangQuocThanhTai_final\data\raw\fsdd\recordings\9_lucas_44.wav,9,lucas,44,3153,train
9_lucas_45,9_lucas_45.wav,C:\Users\ASUS\Downloads\DangQuocThanhTai_final\data\raw\fsdd\recordings\9_lucas_45.wav,9,lucas,45,5616,train
9_lucas_46,9_lucas_46.wav,C:\Users\ASUS\Downloads\DangQuocThanhTai_final\data\raw\fsdd\recordings\9_lucas_46.wav,9,lucas,46,4186,train
9_lucas_47,9_lucas_47.wav,C:\Users\ASUS\Downloads\DangQuocThanhTai_final\data\raw\fsdd\recordings\9_lucas_47.wav,9,lucas,47,4715,train
9_lucas_48,9_lucas_48.wav,C:\Users\ASUS\Downloads\DangQuocThanhTai_final\data\raw\fsdd\recordings\9_lucas_48.wav,9,lucas,48,9681,train
9_lucas_49,9_lucas_49.wav,C:\Users\ASUS\Downloads\DangQuocThanhTai_final\data\raw\fsdd\recordings\9_lucas_49.wav,9,lucas,49,3418,train
9_nicolas_0,9_nicolas_0.wav,C:\Users\ASUS\Downloads\DangQuocThanhTai_final\data\raw\fsdd\recordings\9_nicolas_0.wav,9,nicolas,0,3335,test
9_nicolas_1,9_nicolas_1.wav,C:\Users\ASUS\Downloads\DangQuocThanhTai_final\data\raw\fsdd\recordings\9_nicolas_1.wav,9,nicolas,1,3941,test
9_nicolas_2,9_nicolas_2.wav,C:\Users\ASUS\Downloads\DangQuocThanhTai_final\data\raw\fsdd\recordings\9_nicolas_2.wav,9,nicolas,2,3547,test
9_nicolas_3,9_nicolas_3.wav,C:\Users\ASUS\Downloads\DangQuocThanhTai_final\data\raw\fsdd\recordings\9_nicolas_3.wav,9,nicolas,3,3486,test
9_nicolas_4,9_nicolas_4.wav,C:\Users\ASUS\Downloads\DangQuocThanhTai_final\data\raw\fsdd\recordings\9_nicolas_4.wav,9,nicolas,4,2850,test
9_nicolas_5,9_nicolas_5.wav,C:\Users\ASUS\Downloads\DangQuocThanhTai_final\data\raw\fsdd\recordings\9_nicolas_5.wav,9,nicolas,5,3759,val
9_nicolas_6,9_nicolas_6.wav,C:\Users\ASUS\Downloads\DangQuocThanhTai_final\data\raw\fsdd\recordings\9_nicolas_6.wav,9,nicolas,6,4062,val
9_nicolas_7,9_nicolas_7.wav,C:\Users\ASUS\Downloads\DangQuocThanhTai_final\data\raw\fsdd\recordings\9_nicolas_7.wav,9,nicolas,7,3304,val
9_nicolas_8,9_nicolas_8.wav,C:\Users\ASUS\Downloads\DangQuocThanhTai_final\data\raw\fsdd\recordings\9_nicolas_8.wav,9,nicolas,8,3668,val
9_nicolas_9,9_nicolas_9.wav,C:\Users\ASUS\Downloads\DangQuocThanhTai_final\data\raw\fsdd\recordings\9_nicolas_9.wav,9,nicolas,9,3486,val
9_nicolas_10,9_nicolas_10.wav,C:\Users\ASUS\Downloads\DangQuocThanhTai_final\data\raw\fsdd\recordings\9_nicolas_10.wav,9,nicolas,10,4083,train
9_nicolas_11,9_nicolas_11.wav,C:\Users\ASUS\Downloads\DangQuocThanhTai_final\data\raw\fsdd\recordings\9_nicolas_11.wav,9,nicolas,11,4265,train
9_nicolas_12,9_nicolas_12.wav,C:\Users\ASUS\Downloads\DangQuocThanhTai_final\data\raw\fsdd\recordings\9_nicolas_12.wav,9,nicolas,12,3902,train
9_nicolas_13,9_nicolas_13.wav,C:\Users\ASUS\Downloads\DangQuocThanhTai_final\data\raw\fsdd\recordings\9_nicolas_13.wav,9,nicolas,13,3448,train
9_nicolas_14,9_nicolas_14.wav,C:\Users\ASUS\Downloads\DangQuocThanhTai_final\data\raw\fsdd\recordings\9_nicolas_14.wav,9,nicolas,14,3388,train
9_nicolas_15,9_nicolas_15.wav,C:\Users\ASUS\Downloads\DangQuocThanhTai_final\data\raw\fsdd\recordings\9_nicolas_15.wav,9,nicolas,15,3448,train
9_nicolas_16,9_nicolas_16.wav,C:\Users\ASUS\Downloads\DangQuocThanhTai_final\data\raw\fsdd\recordings\9_nicolas_16.wav,9,nicolas,16,3479,train
9_nicolas_17,9_nicolas_17.wav,C:\Users\ASUS\Downloads\DangQuocThanhTai_final\data\raw\fsdd\recordings\9_nicolas_17.wav,9,nicolas,17,3539,train
9_nicolas_18,9_nicolas_18.wav,C:\Users\ASUS\Downloads\DangQuocThanhTai_final\data\raw\fsdd\recordings\9_nicolas_18.wav,9,nicolas,18,3720,train
9_nicolas_19,9_nicolas_19.wav,C:\Users\ASUS\Downloads\DangQuocThanhTai_final\data\raw\fsdd\recordings\9_nicolas_19.wav,9,nicolas,19,3357,train
9_nicolas_20,9_nicolas_20.wav,C:\Users\ASUS\Downloads\DangQuocThanhTai_final\data\raw\fsdd\recordings\9_nicolas_20.wav,9,nicolas,20,2968,train
9_nicolas_21,9_nicolas_21.wav,C:\Users\ASUS\Downloads\DangQuocThanhTai_final\data\raw\fsdd\recordings\9_nicolas_21.wav,9,nicolas,21,3119,train
9_nicolas_22,9_nicolas_22.wav,C:\Users\ASUS\Downloads\DangQuocThanhTai_final\data\raw\fsdd\recordings\9_nicolas_22.wav,9,nicolas,22,3119,train
9_nicolas_23,9_nicolas_23.wav,C:\Users\ASUS\Downloads\DangQuocThanhTai_final\data\raw\fsdd\recordings\9_nicolas_23.wav,9,nicolas,23,3180,train
9_nicolas_24,9_nicolas_24.wav,C:\Users\ASUS\Downloads\DangQuocThanhTai_final\data\raw\fsdd\recordings\9_nicolas_24.wav,9,nicolas,24,3392,train
9_nicolas_25,9_nicolas_25.wav,C:\Users\ASUS\Downloads\DangQuocThanhTai_final\data\raw\fsdd\recordings\9_nicolas_25.wav,9,nicolas,25,3331,train
9_nicolas_26,9_nicolas_26.wav,C:\Users\ASUS\Downloads\DangQuocThanhTai_final\data\raw\fsdd\recordings\9_nicolas_26.wav,9,nicolas,26,3240,train
9_nicolas_27,9_nicolas_27.wav,C:\Users\ASUS\Downloads\DangQuocThanhTai_final\data\raw\fsdd\recordings\9_nicolas_27.wav,9,nicolas,27,3603,train
9_nicolas_28,9_nicolas_28.wav,C:\Users\ASUS\Downloads\DangQuocThanhTai_final\data\raw\fsdd\recordings\9_nicolas_28.wav,9,nicolas,28,3785,train
9_nicolas_29,9_nicolas_29.wav,C:\Users\ASUS\Downloads\DangQuocThanhTai_final\data\raw\fsdd\recordings\9_nicolas_29.wav,9,nicolas,29,3422,train
9_nicolas_30,9_nicolas_30.wav,C:\Users\ASUS\Downloads\DangQuocThanhTai_final\data\raw\fsdd\recordings\9_nicolas_30.wav,9,nicolas,30,3616,train
9_nicolas_31,9_nicolas_31.wav,C:\Users\ASUS\Downloads\DangQuocThanhTai_final\data\raw\fsdd\recordings\9_nicolas_31.wav,9,nicolas,31,2868,train
9_nicolas_32,9_nicolas_32.wav,C:\Users\ASUS\Downloads\DangQuocThanhTai_final\data\raw\fsdd\recordings\9_nicolas_32.wav,9,nicolas,32,3429,train
9_nicolas_33,9_nicolas_33.wav,C:\Users\ASUS\Downloads\DangQuocThanhTai_final\data\raw\fsdd\recordings\9_nicolas_33.wav,9,nicolas,33,3460,train
9_nicolas_34,9_nicolas_34.wav,C:\Users\ASUS\Downloads\DangQuocThanhTai_final\data\raw\fsdd\recordings\9_nicolas_34.wav,9,nicolas,34,3304,train
9_nicolas_35,9_nicolas_35.wav,C:\Users\ASUS\Downloads\DangQuocThanhTai_final\data\raw\fsdd\recordings\9_nicolas_35.wav,9,nicolas,35,3117,train
9_nicolas_36,9_nicolas_36.wav,C:\Users\ASUS\Downloads\DangQuocThanhTai_final\data\raw\fsdd\recordings\9_nicolas_36.wav,9,nicolas,36,3741,train
9_nicolas_37,9_nicolas_37.wav,C:\Users\ASUS\Downloads\DangQuocThanhTai_final\data\raw\fsdd\recordings\9_nicolas_37.wav,9,nicolas,37,3429,train
9_nicolas_38,9_nicolas_38.wav,C:\Users\ASUS\Downloads\DangQuocThanhTai_final\data\raw\fsdd\recordings\9_nicolas_38.wav,9,nicolas,38,3647,train
9_nicolas_39,9_nicolas_39.wav,C:\Users\ASUS\Downloads\DangQuocThanhTai_final\data\raw\fsdd\recordings\9_nicolas_39.wav,9,nicolas,39,3429,train
9_nicolas_40,9_nicolas_40.wav,C:\Users\ASUS\Downloads\DangQuocThanhTai_final\data\raw\fsdd\recordings\9_nicolas_40.wav,9,nicolas,40,3632,train
9_nicolas_41,9_nicolas_41.wav,C:\Users\ASUS\Downloads\DangQuocThanhTai_final\data\raw\fsdd\recordings\9_nicolas_41.wav,9,nicolas,41,3539,train
9_nicolas_42,9_nicolas_42.wav,C:\Users\ASUS\Downloads\DangQuocThanhTai_final\data\raw\fsdd\recordings\9_nicolas_42.wav,9,nicolas,42,3383,train
9_nicolas_43,9_nicolas_43.wav,C:\Users\ASUS\Downloads\DangQuocThanhTai_final\data\raw\fsdd\recordings\9_nicolas_43.wav,9,nicolas,43,3787,train
9_nicolas_44,9_nicolas_44.wav,C:\Users\ASUS\Downloads\DangQuocThanhTai_final\data\raw\fsdd\recordings\9_nicolas_44.wav,9,nicolas,44,3414,train
9_nicolas_45,9_nicolas_45.wav,C:\Users\ASUS\Downloads\DangQuocThanhTai_final\data\raw\fsdd\recordings\9_nicolas_45.wav,9,nicolas,45,3073,train
9_nicolas_46,9_nicolas_46.wav,C:\Users\ASUS\Downloads\DangQuocThanhTai_final\data\raw\fsdd\recordings\9_nicolas_46.wav,9,nicolas,46,3539,train
9_nicolas_47,9_nicolas_47.wav,C:\Users\ASUS\Downloads\DangQuocThanhTai_final\data\raw\fsdd\recordings\9_nicolas_47.wav,9,nicolas,47,3446,train
9_nicolas_48,9_nicolas_48.wav,C:\Users\ASUS\Downloads\DangQuocThanhTai_final\data\raw\fsdd\recordings\9_nicolas_48.wav,9,nicolas,48,3104,train
9_nicolas_49,9_nicolas_49.wav,C:\Users\ASUS\Downloads\DangQuocThanhTai_final\data\raw\fsdd\recordings\9_nicolas_49.wav,9,nicolas,49,3508,train
9_theo_0,9_theo_0.wav,C:\Users\ASUS\Downloads\DangQuocThanhTai_final\data\raw\fsdd\recordings\9_theo_0.wav,9,theo,0,3079,test
9_theo_1,9_theo_1.wav,C:\Users\ASUS\Downloads\DangQuocThanhTai_final\data\raw\fsdd\recordings\9_theo_1.wav,9,theo,1,2326,test
9_theo_2,9_theo_2.wav,C:\Users\ASUS\Downloads\DangQuocThanhTai_final\data\raw\fsdd\recordings\9_theo_2.wav,9,theo,2,2218,test
9_theo_3,9_theo_3.wav,C:\Users\ASUS\Downloads\DangQuocThanhTai_final\data\raw\fsdd\recordings\9_theo_3.wav,9,theo,3,3593,test
9_theo_4,9_theo_4.wav,C:\Users\ASUS\Downloads\DangQuocThanhTai_final\data\raw\fsdd\recordings\9_theo_4.wav,9,theo,4,3535,test
9_theo_5,9_theo_5.wav,C:\Users\ASUS\Downloads\DangQuocThanhTai_final\data\raw\fsdd\recordings\9_theo_5.wav,9,theo,5,3678,val
9_theo_6,9_theo_6.wav,C:\Users\ASUS\Downloads\DangQuocThanhTai_final\data\raw\fsdd\recordings\9_theo_6.wav,9,theo,6,2553,val
9_theo_7,9_theo_7.wav,C:\Users\ASUS\Downloads\DangQuocThanhTai_final\data\raw\fsdd\recordings\9_theo_7.wav,9,theo,7,3488,val
9_theo_8,9_theo_8.wav,C:\Users\ASUS\Downloads\DangQuocThanhTai_final\data\raw\fsdd\recordings\9_theo_8.wav,9,theo,8,3349,val
9_theo_9,9_theo_9.wav,C:\Users\ASUS\Downloads\DangQuocThanhTai_final\data\raw\fsdd\recordings\9_theo_9.wav,9,theo,9,3348,val
9_theo_10,9_theo_10.wav,C:\Users\ASUS\Downloads\DangQuocThanhTai_final\data\raw\fsdd\recordings\9_theo_10.wav,9,theo,10,2885,train
9_theo_11,9_theo_11.wav,C:\Users\ASUS\Downloads\DangQuocThanhTai_final\data\raw\fsdd\recordings\9_theo_11.wav,9,theo,11,3086,train
9_theo_12,9_theo_12.wav,C:\Users\ASUS\Downloads\DangQuocThanhTai_final\data\raw\fsdd\recordings\9_theo_12.wav,9,theo,12,3437,train
9_theo_13,9_theo_13.wav,C:\Users\ASUS\Downloads\DangQuocThanhTai_final\data\raw\fsdd\recordings\9_theo_13.wav,9,theo,13,3816,train
9_theo_14,9_theo_14.wav,C:\Users\ASUS\Downloads\DangQuocThanhTai_final\data\raw\fsdd\recordings\9_theo_14.wav,9,theo,14,3448,train
9_theo_15,9_theo_15.wav,C:\Users\ASUS\Downloads\DangQuocThanhTai_final\data\raw\fsdd\recordings\9_theo_15.wav,9,theo,15,3599,train
9_theo_16,9_theo_16.wav,C:\Users\ASUS\Downloads\DangQuocThanhTai_final\data\raw\fsdd\recordings\9_theo_16.wav,9,theo,16,18262,train
9_theo_17,9_theo_17.wav,C:\Users\ASUS\Downloads\DangQuocThanhTai_final\data\raw\fsdd\recordings\9_theo_17.wav,9,theo,17,3545,train
9_theo_18,9_theo_18.wav,C:\Users\ASUS\Downloads\DangQuocThanhTai_final\data\raw\fsdd\recordings\9_theo_18.wav,9,theo,18,3363,train
9_theo_19,9_theo_19.wav,C:\Users\ASUS\Downloads\DangQuocThanhTai_final\data\raw\fsdd\recordings\9_theo_19.wav,9,theo,19,3686,train
9_theo_20,9_theo_20.wav,C:\Users\ASUS\Downloads\DangQuocThanhTai_final\data\raw\fsdd\recordings\9_theo_20.wav,9,theo,20,4465,train
9_theo_21,9_theo_21.wav,C:\Users\ASUS\Downloads\DangQuocThanhTai_final\data\raw\fsdd\recordings\9_theo_21.wav,9,theo,21,2938,train
9_theo_22,9_theo_22.wav,C:\Users\ASUS\Downloads\DangQuocThanhTai_final\data\raw\fsdd\recordings\9_theo_22.wav,9,theo,22,2899,train
9_theo_23,9_theo_23.wav,C:\Users\ASUS\Downloads\DangQuocThanhTai_final\data\raw\fsdd\recordings\9_theo_23.wav,9,theo,23,4108,train
9_theo_24,9_theo_24.wav,C:\Users\ASUS\Downloads\DangQuocThanhTai_final\data\raw\fsdd\recordings\9_theo_24.wav,9,theo,24,5455,train
9_theo_25,9_theo_25.wav,C:\Users\ASUS\Downloads\DangQuocThanhTai_final\data\raw\fsdd\recordings\9_theo_25.wav,9,theo,25,3519,train
9_theo_26,9_theo_26.wav,C:\Users\ASUS\Downloads\DangQuocThanhTai_final\data\raw\fsdd\recordings\9_theo_26.wav,9,theo,26,4450,train
9_theo_27,9_theo_27.wav,C:\Users\ASUS\Downloads\DangQuocThanhTai_final\data\raw\fsdd\recordings\9_theo_27.wav,9,theo,27,6953,train
9_theo_28,9_theo_28.wav,C:\Users\ASUS\Downloads\DangQuocThanhTai_final\data\raw\fsdd\recordings\9_theo_28.wav,9,theo,28,8281,train
9_theo_29,9_theo_29.wav,C:\Users\ASUS\Downloads\DangQuocThanhTai_final\data\raw\fsdd\recordings\9_theo_29.wav,9,theo,29,6567,train
9_theo_30,9_theo_30.wav,C:\Users\ASUS\Downloads\DangQuocThanhTai_final\data\raw\fsdd\recordings\9_theo_30.wav,9,theo,30,6457,train
9_theo_31,9_theo_31.wav,C:\Users\ASUS\Downloads\DangQuocThanhTai_final\data\raw\fsdd\recordings\9_theo_31.wav,9,theo,31,4796,train
9_theo_32,9_theo_32.wav,C:\Users\ASUS\Downloads\DangQuocThanhTai_final\data\raw\fsdd\recordings\9_theo_32.wav,9,theo,32,4906,train
9_theo_33,9_theo_33.wav,C:\Users\ASUS\Downloads\DangQuocThanhTai_final\data\raw\fsdd\recordings\9_theo_33.wav,9,theo,33,3965,train
9_theo_34,9_theo_34.wav,C:\Users\ASUS\Downloads\DangQuocThanhTai_final\data\raw\fsdd\recordings\9_theo_34.wav,9,theo,34,2531,train
9_theo_35,9_theo_35.wav,C:\Users\ASUS\Downloads\DangQuocThanhTai_final\data\raw\fsdd\recordings\9_theo_35.wav,9,theo,35,3295,train
9_theo_36,9_theo_36.wav,C:\Users\ASUS\Downloads\DangQuocThanhTai_final\data\raw\fsdd\recordings\9_theo_36.wav,9,theo,36,4120,train
9_theo_37,9_theo_37.wav,C:\Users\ASUS\Downloads\DangQuocThanhTai_final\data\raw\fsdd\recordings\9_theo_37.wav,9,theo,37,3226,train
9_theo_38,9_theo_38.wav,C:\Users\ASUS\Downloads\DangQuocThanhTai_final\data\raw\fsdd\recordings\9_theo_38.wav,9,theo,38,4105,train
9_theo_39,9_theo_39.wav,C:\Users\ASUS\Downloads\DangQuocThanhTai_final\data\raw\fsdd\recordings\9_theo_39.wav,9,theo,39,2815,train
9_theo_40,9_theo_40.wav,C:\Users\ASUS\Downloads\DangQuocThanhTai_final\data\raw\fsdd\recordings\9_theo_40.wav,9,theo,40,3423,train
9_theo_41,9_theo_41.wav,C:\Users\ASUS\Downloads\DangQuocThanhTai_final\data\raw\fsdd\recordings\9_theo_41.wav,9,theo,41,3149,train
9_theo_42,9_theo_42.wav,C:\Users\ASUS\Downloads\DangQuocThanhTai_final\data\raw\fsdd\recordings\9_theo_42.wav,9,theo,42,3698,train
9_theo_43,9_theo_43.wav,C:\Users\ASUS\Downloads\DangQuocThanhTai_final\data\raw\fsdd\recordings\9_theo_43.wav,9,theo,43,2773,train
9_theo_44,9_theo_44.wav,C:\Users\ASUS\Downloads\DangQuocThanhTai_final\data\raw\fsdd\recordings\9_theo_44.wav,9,theo,44,3699,train
9_theo_45,9_theo_45.wav,C:\Users\ASUS\Downloads\DangQuocThanhTai_final\data\raw\fsdd\recordings\9_theo_45.wav,9,theo,45,1778,train
9_theo_46,9_theo_46.wav,C:\Users\ASUS\Downloads\DangQuocThanhTai_final\data\raw\fsdd\recordings\9_theo_46.wav,9,theo,46,3084,train
9_theo_47,9_theo_47.wav,C:\Users\ASUS\Downloads\DangQuocThanhTai_final\data\raw\fsdd\recordings\9_theo_47.wav,9,theo,47,3612,train
9_theo_48,9_theo_48.wav,C:\Users\ASUS\Downloads\DangQuocThanhTai_final\data\raw\fsdd\recordings\9_theo_48.wav,9,theo,48,3431,train
9_theo_49,9_theo_49.wav,C:\Users\ASUS\Downloads\DangQuocThanhTai_final\data\raw\fsdd\recordings\9_theo_49.wav,9,theo,49,3204,train
9_yweweler_0,9_yweweler_0.wav,C:\Users\ASUS\Downloads\DangQuocThanhTai_final\data\raw\fsdd\recordings\9_yweweler_0.wav,9,yweweler,0,2877,test
9_yweweler_1,9_yweweler_1.wav,C:\Users\ASUS\Downloads\DangQuocThanhTai_final\data\raw\fsdd\recordings\9_yweweler_1.wav,9,yweweler,1,3101,test
9_yweweler_2,9_yweweler_2.wav,C:\Users\ASUS\Downloads\DangQuocThanhTai_final\data\raw\fsdd\recordings\9_yweweler_2.wav,9,yweweler,2,3182,test
9_yweweler_3,9_yweweler_3.wav,C:\Users\ASUS\Downloads\DangQuocThanhTai_final\data\raw\fsdd\recordings\9_yweweler_3.wav,9,yweweler,3,4425,test
9_yweweler_4,9_yweweler_4.wav,C:\Users\ASUS\Downloads\DangQuocThanhTai_final\data\raw\fsdd\recordings\9_yweweler_4.wav,9,yweweler,4,3360,test
9_yweweler_5,9_yweweler_5.wav,C:\Users\ASUS\Downloads\DangQuocThanhTai_final\data\raw\fsdd\recordings\9_yweweler_5.wav,9,yweweler,5,2877,val
9_yweweler_6,9_yweweler_6.wav,C:\Users\ASUS\Downloads\DangQuocThanhTai_final\data\raw\fsdd\recordings\9_yweweler_6.wav,9,yweweler,6,2778,val
9_yweweler_7,9_yweweler_7.wav,C:\Users\ASUS\Downloads\DangQuocThanhTai_final\data\raw\fsdd\recordings\9_yweweler_7.wav,9,yweweler,7,2815,val
9_yweweler_8,9_yweweler_8.wav,C:\Users\ASUS\Downloads\DangQuocThanhTai_final\data\raw\fsdd\recordings\9_yweweler_8.wav,9,yweweler,8,3164,val
9_yweweler_9,9_yweweler_9.wav,C:\Users\ASUS\Downloads\DangQuocThanhTai_final\data\raw\fsdd\recordings\9_yweweler_9.wav,9,yweweler,9,3507,val
9_yweweler_10,9_yweweler_10.wav,C:\Users\ASUS\Downloads\DangQuocThanhTai_final\data\raw\fsdd\recordings\9_yweweler_10.wav,9,yweweler,10,3497,train
9_yweweler_11,9_yweweler_11.wav,C:\Users\ASUS\Downloads\DangQuocThanhTai_final\data\raw\fsdd\recordings\9_yweweler_11.wav,9,yweweler,11,3480,train
9_yweweler_12,9_yweweler_12.wav,C:\Users\ASUS\Downloads\DangQuocThanhTai_final\data\raw\fsdd\recordings\9_yweweler_12.wav,9,yweweler,12,3005,train
9_yweweler_13,9_yweweler_13.wav,C:\Users\ASUS\Downloads\DangQuocThanhTai_final\data\raw\fsdd\recordings\9_yweweler_13.wav,9,yweweler,13,3192,train
9_yweweler_14,9_yweweler_14.wav,C:\Users\ASUS\Downloads\DangQuocThanhTai_final\data\raw\fsdd\recordings\9_yweweler_14.wav,9,yweweler,14,3571,train
9_yweweler_15,9_yweweler_15.wav,C:\Users\ASUS\Downloads\DangQuocThanhTai_final\data\raw\fsdd\recordings\9_yweweler_15.wav,9,yweweler,15,3303,train
9_yweweler_16,9_yweweler_16.wav,C:\Users\ASUS\Downloads\DangQuocThanhTai_final\data\raw\fsdd\recordings\9_yweweler_16.wav,9,yweweler,16,3425,train
9_yweweler_17,9_yweweler_17.wav,C:\Users\ASUS\Downloads\DangQuocThanhTai_final\data\raw\fsdd\recordings\9_yweweler_17.wav,9,yweweler,17,2882,train
9_yweweler_18,9_yweweler_18.wav,C:\Users\ASUS\Downloads\DangQuocThanhTai_final\data\raw\fsdd\recordings\9_yweweler_18.wav,9,yweweler,18,2818,train
9_yweweler_19,9_yweweler_19.wav,C:\Users\ASUS\Downloads\DangQuocThanhTai_final\data\raw\fsdd\recordings\9_yweweler_19.wav,9,yweweler,19,2848,train
9_yweweler_20,9_yweweler_20.wav,C:\Users\ASUS\Downloads\DangQuocThanhTai_final\data\raw\fsdd\recordings\9_yweweler_20.wav,9,yweweler,20,3331,train
9_yweweler_21,9_yweweler_21.wav,C:\Users\ASUS\Downloads\DangQuocThanhTai_final\data\raw\fsdd\recordings\9_yweweler_21.wav,9,yweweler,21,3332,train
9_yweweler_22,9_yweweler_22.wav,C:\Users\ASUS\Downloads\DangQuocThanhTai_final\data\raw\fsdd\recordings\9_yweweler_22.wav,9,yweweler,22,3401,train
9_yweweler_23,9_yweweler_23.wav,C:\Users\ASUS\Downloads\DangQuocThanhTai_final\data\raw\fsdd\recordings\9_yweweler_23.wav,9,yweweler,23,3786,train
9_yweweler_24,9_yweweler_24.wav,C:\Users\ASUS\Downloads\DangQuocThanhTai_final\data\raw\fsdd\recordings\9_yweweler_24.wav,9,yweweler,24,3772,train
9_yweweler_25,9_yweweler_25.wav,C:\Users\ASUS\Downloads\DangQuocThanhTai_final\data\raw\fsdd\recordings\9_yweweler_25.wav,9,yweweler,25,3558,train
9_yweweler_26,9_yweweler_26.wav,C:\Users\ASUS\Downloads\DangQuocThanhTai_final\data\raw\fsdd\recordings\9_yweweler_26.wav,9,yweweler,26,4074,train
9_yweweler_27,9_yweweler_27.wav,C:\Users\ASUS\Downloads\DangQuocThanhTai_final\data\raw\fsdd\recordings\9_yweweler_27.wav,9,yweweler,27,3263,train
9_yweweler_28,9_yweweler_28.wav,C:\Users\ASUS\Downloads\DangQuocThanhTai_final\data\raw\fsdd\recordings\9_yweweler_28.wav,9,yweweler,28,2983,train
9_yweweler_29,9_yweweler_29.wav,C:\Users\ASUS\Downloads\DangQuocThanhTai_final\data\raw\fsdd\recordings\9_yweweler_29.wav,9,yweweler,29,2780,train
9_yweweler_30,9_yweweler_30.wav,C:\Users\ASUS\Downloads\DangQuocThanhTai_final\data\raw\fsdd\recordings\9_yweweler_30.wav,9,yweweler,30,3537,train
9_yweweler_31,9_yweweler_31.wav,C:\Users\ASUS\Downloads\DangQuocThanhTai_final\data\raw\fsdd\recordings\9_yweweler_31.wav,9,yweweler,31,4150,train
9_yweweler_32,9_yweweler_32.wav,C:\Users\ASUS\Downloads\DangQuocThanhTai_final\data\raw\fsdd\recordings\9_yweweler_32.wav,9,yweweler,32,3836,train
9_yweweler_33,9_yweweler_33.wav,C:\Users\ASUS\Downloads\DangQuocThanhTai_final\data\raw\fsdd\recordings\9_yweweler_33.wav,9,yweweler,33,3543,train
9_yweweler_34,9_yweweler_34.wav,C:\Users\ASUS\Downloads\DangQuocThanhTai_final\data\raw\fsdd\recordings\9_yweweler_34.wav,9,yweweler,34,3446,train
9_yweweler_35,9_yweweler_35.wav,C:\Users\ASUS\Downloads\DangQuocThanhTai_final\data\raw\fsdd\recordings\9_yweweler_35.wav,9,yweweler,35,3599,train
9_yweweler_36,9_yweweler_36.wav,C:\Users\ASUS\Downloads\DangQuocThanhTai_final\data\raw\fsdd\recordings\9_yweweler_36.wav,9,yweweler,36,3640,train
9_yweweler_37,9_yweweler_37.wav,C:\Users\ASUS\Downloads\DangQuocThanhTai_final\data\raw\fsdd\recordings\9_yweweler_37.wav,9,yweweler,37,2764,train
9_yweweler_38,9_yweweler_38.wav,C:\Users\ASUS\Downloads\DangQuocThanhTai_final\data\raw\fsdd\recordings\9_yweweler_38.wav,9,yweweler,38,2916,train
9_yweweler_39,9_yweweler_39.wav,C:\Users\ASUS\Downloads\DangQuocThanhTai_final\data\raw\fsdd\recordings\9_yweweler_39.wav,9,yweweler,39,3091,train
9_yweweler_40,9_yweweler_40.wav,C:\Users\ASUS\Downloads\DangQuocThanhTai_final\data\raw\fsdd\recordings\9_yweweler_40.wav,9,yweweler,40,2950,train
9_yweweler_41,9_yweweler_41.wav,C:\Users\ASUS\Downloads\DangQuocThanhTai_final\data\raw\fsdd\recordings\9_yweweler_41.wav,9,yweweler,41,3405,train
9_yweweler_42,9_yweweler_42.wav,C:\Users\ASUS\Downloads\DangQuocThanhTai_final\data\raw\fsdd\recordings\9_yweweler_42.wav,9,yweweler,42,3559,train
9_yweweler_43,9_yweweler_43.wav,C:\Users\ASUS\Downloads\DangQuocThanhTai_final\data\raw\fsdd\recordings\9_yweweler_43.wav,9,yweweler,43,3236,train
9_yweweler_44,9_yweweler_44.wav,C:\Users\ASUS\Downloads\DangQuocThanhTai_final\data\raw\fsdd\recordings\9_yweweler_44.wav,9,yweweler,44,2617,train
9_yweweler_45,9_yweweler_45.wav,C:\Users\ASUS\Downloads\DangQuocThanhTai_final\data\raw\fsdd\recordings\9_yweweler_45.wav,9,yweweler,45,3389,train
9_yweweler_46,9_yweweler_46.wav,C:\Users\ASUS\Downloads\DangQuocThanhTai_final\data\raw\fsdd\recordings\9_yweweler_46.wav,9,yweweler,46,3038,train
9_yweweler_47,9_yweweler_47.wav,C:\Users\ASUS\Downloads\DangQuocThanhTai_final\data\raw\fsdd\recordings\9_yweweler_47.wav,9,yweweler,47,3451,train
9_yweweler_48,9_yweweler_48.wav,C:\Users\ASUS\Downloads\DangQuocThanhTai_final\data\raw\fsdd\recordings\9_yweweler_48.wav,9,yweweler,48,3039,train
9_yweweler_49,9_yweweler_49.wav,C:\Users\ASUS\Downloads\DangQuocThanhTai_final\data\raw\fsdd\recordings\9_yweweler_49.wav,9,yweweler,49,3050,train
